doc_id,doc_type,text
DOC-TAN-00000,Tax Assessment Notice,"KENYA REVENUE AUTHORITY
TAX ASSESSMENT NOTICE

To: Mitchell-Santiago
PIN: A87609112268B
Date: 2025-07-05
Reference: KRA/hC/3319/6823

Pursuant to Section 31 of the Value Added Tax Act, you are hereby notified that following a review of your tax returns, the Commissioner of Withholding Tax has assessed additional tax liability of KES 31,989,368.58 for the period ending 2025-07-08.

You are required to pay the assessed amount within thirty (30) days of this notice."
DOC-TAN-00001,Tax Assessment Notice,"KENYA REVENUE AUTHORITY
TAX ASSESSMENT NOTICE

To: Hawkins LLC
PIN: A83877162183B
Date: 2024-11-11
Reference: KRA/Cr/4218/0380

Pursuant to Section 47 of the Income Tax Act, you are hereby notified that following a review of your tax returns, the Commissioner of Income Tax has assessed additional tax liability of KES 13,787,714.45 for the period ending 2025-09-05.

You are required to pay the assessed amount within thirty (30) days of this notice."
DOC-TAN-00002,Tax Assessment Notice,"KENYA REVENUE AUTHORITY
TAX ASSESSMENT NOTICE

To: Carrillo, Riggs and White
PIN: A26840858889B
Date: 2024-12-07
Reference: KRA/TN/1414/4977

Pursuant to Regulation 15 of the VAT Regulations 2017, you are hereby notified that following a review of your tax returns, the Commissioner of Withholding Tax has assessed additional tax liability of KES 36,836,737.15 for the period ending 2025-09-20.

You are required to pay the assessed amount within thirty (30) days of this notice."
DOC-TAN-00003,Tax Assessment Notice,"KENYA REVENUE AUTHORITY
TAX ASSESSMENT NOTICE

To: Holmes Group
PIN: A52388372409B
Date: 2025-04-02
Reference: KRA/JO/7484/3599

Pursuant to Section 31 of the Value Added Tax Act, you are hereby notified that following a review of your tax returns, the Commissioner of Excise Duty has assessed additional tax liability of KES 44,614,369.41 for the period ending 2025-10-22.

You are required to pay the assessed amount within thirty (30) days of this notice."
DOC-TAN-00004,Tax Assessment Notice,"KENYA REVENUE AUTHORITY
TAX ASSESSMENT NOTICE

To: Howell-Nicholson
PIN: A03301044401B
Date: 2026-06-24
Reference: KRA/ht/0358/6824

Pursuant to Section 31 of the Value Added Tax Act, you are hereby notified that following a review of your tax returns, the Commissioner of VAT has assessed additional tax liability of KES 21,124,994.89 for the period ending 2026-01-29.

You are required to pay the assessed amount within thirty (30) days of this notice."
DOC-TAN-00005,Tax Assessment Notice,"KENYA REVENUE AUTHORITY
TAX ASSESSMENT NOTICE

To: Fry, Peters and Brooks
PIN: A45377871661B
Date: 2026-02-14
Reference: KRA/Kf/3186/9278

Pursuant to Section 37 of the Tax Procedures Act, you are hereby notified that following a review of your tax returns, the Commissioner of Excise Duty has assessed additional tax liability of KES 10,970,966.84 for the period ending 2025-07-02.

You are required to pay the assessed amount within thirty (30) days of this notice."
DOC-TAN-00006,Tax Assessment Notice,"KENYA REVENUE AUTHORITY
TAX ASSESSMENT NOTICE

To: Jordan PLC
PIN: A74660256761B
Date: 2026-04-17
Reference: KRA/Kn/4529/0373

Pursuant to Section 47 of the Income Tax Act, you are hereby notified that following a review of your tax returns, the Commissioner of Withholding Tax has assessed additional tax liability of KES 1,375,471.69 for the period ending 2025-10-30.

You are required to pay the assessed amount within thirty (30) days of this notice."
DOC-TAN-00007,Tax Assessment Notice,"KENYA REVENUE AUTHORITY
TAX ASSESSMENT NOTICE

To: Morris-Gray
PIN: A77442524938B
Date: 2026-05-20
Reference: KRA/mW/6190/8559

Pursuant to Section 37 of the Tax Procedures Act, you are hereby notified that following a review of your tax returns, the Commissioner of PAYE has assessed additional tax liability of KES 32,511,727.67 for the period ending 2026-03-02.

You are required to pay the assessed amount within thirty (30) days of this notice."
DOC-TAN-00008,Tax Assessment Notice,"KENYA REVENUE AUTHORITY
TAX ASSESSMENT NOTICE

To: Francis-Sanders
PIN: A17077620736B
Date: 2025-09-12
Reference: KRA/vr/7804/2219

Pursuant to Section 37 of the Tax Procedures Act, you are hereby notified that following a review of your tax returns, the Commissioner of Customs Duty has assessed additional tax liability of KES 11,061,009.07 for the period ending 2026-03-12.

You are required to pay the assessed amount within thirty (30) days of this notice."
DOC-TAN-00009,Tax Assessment Notice,"KENYA REVENUE AUTHORITY
TAX ASSESSMENT NOTICE

To: Mcdonald and Sons
PIN: A22738931908B
Date: 2025-12-20
Reference: KRA/vj/9560/7274

Pursuant to Section 31 of the Value Added Tax Act, you are hereby notified that following a review of your tax returns, the Commissioner of Income Tax has assessed additional tax liability of KES 40,481,051.31 for the period ending 2026-05-24.

You are required to pay the assessed amount within thirty (30) days of this notice."
DOC-TAN-00010,Tax Assessment Notice,"KENYA REVENUE AUTHORITY
TAX ASSESSMENT NOTICE

To: Rowland-Fields
PIN: A89376926869B
Date: 2024-11-30
Reference: KRA/zZ/7195/9728

Pursuant to Section 12 of the Tax Appeals Tribunal Act, you are hereby notified that following a review of your tax returns, the Commissioner of Customs Duty has assessed additional tax liability of KES 34,922,062.78 for the period ending 2026-02-22.

You are required to pay the assessed amount within thirty (30) days of this notice."
DOC-TAN-00011,Tax Assessment Notice,"KENYA REVENUE AUTHORITY
TAX ASSESSMENT NOTICE

To: Freeman and Sons
PIN: A68439777411B
Date: 2024-10-19
Reference: KRA/Rl/4411/8417

Pursuant to Section 12 of the Tax Appeals Tribunal Act, you are hereby notified that following a review of your tax returns, the Commissioner of VAT has assessed additional tax liability of KES 7,816,201.02 for the period ending 2025-08-01.

You are required to pay the assessed amount within thirty (30) days of this notice."
DOC-TAN-00012,Tax Assessment Notice,"KENYA REVENUE AUTHORITY
TAX ASSESSMENT NOTICE

To: Clark-Perry
PIN: A86853255595B
Date: 2025-01-28
Reference: KRA/yM/5255/6234

Pursuant to Section 31 of the Value Added Tax Act, you are hereby notified that following a review of your tax returns, the Commissioner of Customs Duty has assessed additional tax liability of KES 4,682,654.88 for the period ending 2026-04-22.

You are required to pay the assessed amount within thirty (30) days of this notice."
DOC-TAN-00013,Tax Assessment Notice,"KENYA REVENUE AUTHORITY
TAX ASSESSMENT NOTICE

To: Johnson, Miles and Willis
PIN: A65423324714B
Date: 2025-10-02
Reference: KRA/CN/7073/8950

Pursuant to Section 37 of the Tax Procedures Act, you are hereby notified that following a review of your tax returns, the Commissioner of Customs Duty has assessed additional tax liability of KES 42,382,343.60 for the period ending 2025-11-02.

You are required to pay the assessed amount within thirty (30) days of this notice."
DOC-TAN-00014,Tax Assessment Notice,"KENYA REVENUE AUTHORITY
TAX ASSESSMENT NOTICE

To: Mclean, Pittman and Travis
PIN: A69774558384B
Date: 2025-10-22
Reference: KRA/pf/0665/8581

Pursuant to Regulation 15 of the VAT Regulations 2017, you are hereby notified that following a review of your tax returns, the Commissioner of PAYE has assessed additional tax liability of KES 40,366,057.25 for the period ending 2025-10-31.

You are required to pay the assessed amount within thirty (30) days of this notice."
DOC-TAN-00015,Tax Assessment Notice,"KENYA REVENUE AUTHORITY
TAX ASSESSMENT NOTICE

To: Phillips, Brown and Hughes
PIN: A12261484098B
Date: 2025-08-20
Reference: KRA/Dq/5373/8813

Pursuant to Section 58 of the East African Customs Management Act, you are hereby notified that following a review of your tax returns, the Commissioner of VAT has assessed additional tax liability of KES 26,834,593.17 for the period ending 2025-10-31.

You are required to pay the assessed amount within thirty (30) days of this notice."
DOC-TAN-00016,Tax Assessment Notice,"KENYA REVENUE AUTHORITY
TAX ASSESSMENT NOTICE

To: Lewis, Rodriguez and Herrera
PIN: A97207411361B
Date: 2024-07-03
Reference: KRA/jg/0757/3594

Pursuant to Regulation 15 of the VAT Regulations 2017, you are hereby notified that following a review of your tax returns, the Commissioner of Excise Duty has assessed additional tax liability of KES 27,624,429.53 for the period ending 2026-03-04.

You are required to pay the assessed amount within thirty (30) days of this notice."
DOC-TAN-00017,Tax Assessment Notice,"KENYA REVENUE AUTHORITY
TAX ASSESSMENT NOTICE

To: Dickson-Davis
PIN: A04409353579B
Date: 2024-07-24
Reference: KRA/uP/3903/3944

Pursuant to Section 12 of the Tax Appeals Tribunal Act, you are hereby notified that following a review of your tax returns, the Commissioner of Excise Duty has assessed additional tax liability of KES 44,278,314.81 for the period ending 2025-08-26.

You are required to pay the assessed amount within thirty (30) days of this notice."
DOC-TAN-00018,Tax Assessment Notice,"KENYA REVENUE AUTHORITY
TAX ASSESSMENT NOTICE

To: Harper-Marsh
PIN: A17376853222B
Date: 2025-11-11
Reference: KRA/us/6798/3819

Pursuant to Section 31 of the Value Added Tax Act, you are hereby notified that following a review of your tax returns, the Commissioner of VAT has assessed additional tax liability of KES 9,654,815.08 for the period ending 2026-03-12.

You are required to pay the assessed amount within thirty (30) days of this notice."
DOC-TAN-00019,Tax Assessment Notice,"KENYA REVENUE AUTHORITY
TAX ASSESSMENT NOTICE

To: Braun, Nicholson and Giles
PIN: A83847148820B
Date: 2025-12-20
Reference: KRA/tY/0415/3796

Pursuant to Section 12 of the Tax Appeals Tribunal Act, you are hereby notified that following a review of your tax returns, the Commissioner of VAT has assessed additional tax liability of KES 33,080,102.76 for the period ending 2026-02-05.

You are required to pay the assessed amount within thirty (30) days of this notice."
DOC-TAN-00020,Tax Assessment Notice,"KENYA REVENUE AUTHORITY
TAX ASSESSMENT NOTICE

To: Johnson-Cruz
PIN: A83053703496B
Date: 2025-01-11
Reference: KRA/Mt/5256/4801

Pursuant to Section 31 of the Value Added Tax Act, you are hereby notified that following a review of your tax returns, the Commissioner of PAYE has assessed additional tax liability of KES 42,773,120.16 for the period ending 2026-06-01.

You are required to pay the assessed amount within thirty (30) days of this notice."
DOC-TAN-00021,Tax Assessment Notice,"KENYA REVENUE AUTHORITY
TAX ASSESSMENT NOTICE

To: Watts, Mendez and Sims
PIN: A09328005090B
Date: 2024-08-03
Reference: KRA/np/5749/8340

Pursuant to Regulation 15 of the VAT Regulations 2017, you are hereby notified that following a review of your tax returns, the Commissioner of Customs Duty has assessed additional tax liability of KES 13,934,781.48 for the period ending 2026-05-09.

You are required to pay the assessed amount within thirty (30) days of this notice."
DOC-TAN-00022,Tax Assessment Notice,"KENYA REVENUE AUTHORITY
TAX ASSESSMENT NOTICE

To: Davis Group
PIN: A12856307684B
Date: 2025-04-08
Reference: KRA/Dz/8188/0266

Pursuant to Section 12 of the Tax Appeals Tribunal Act, you are hereby notified that following a review of your tax returns, the Commissioner of Income Tax has assessed additional tax liability of KES 8,174,572.15 for the period ending 2026-02-08.

You are required to pay the assessed amount within thirty (30) days of this notice."
DOC-TAN-00023,Tax Assessment Notice,"KENYA REVENUE AUTHORITY
TAX ASSESSMENT NOTICE

To: Johnson, Allen and Jones
PIN: A78514595244B
Date: 2025-11-17
Reference: KRA/Ia/5534/4197

Pursuant to Regulation 15 of the VAT Regulations 2017, you are hereby notified that following a review of your tax returns, the Commissioner of Withholding Tax has assessed additional tax liability of KES 33,525,249.96 for the period ending 2025-10-18.

You are required to pay the assessed amount within thirty (30) days of this notice."
DOC-TAN-00024,Tax Assessment Notice,"KENYA REVENUE AUTHORITY
TAX ASSESSMENT NOTICE

To: King-Wilkinson
PIN: A19399669469B
Date: 2024-11-25
Reference: KRA/Lz/3343/6561

Pursuant to Section 37 of the Tax Procedures Act, you are hereby notified that following a review of your tax returns, the Commissioner of Withholding Tax has assessed additional tax liability of KES 32,419,367.49 for the period ending 2025-10-28.

You are required to pay the assessed amount within thirty (30) days of this notice."
DOC-TAN-00025,Tax Assessment Notice,"KENYA REVENUE AUTHORITY
TAX ASSESSMENT NOTICE

To: Vasquez, Stevens and Ballard
PIN: A86093166091B
Date: 2025-04-05
Reference: KRA/oF/3810/1324

Pursuant to Regulation 15 of the VAT Regulations 2017, you are hereby notified that following a review of your tax returns, the Commissioner of Income Tax has assessed additional tax liability of KES 8,598,375.48 for the period ending 2025-07-29.

You are required to pay the assessed amount within thirty (30) days of this notice."
DOC-TAN-00026,Tax Assessment Notice,"KENYA REVENUE AUTHORITY
TAX ASSESSMENT NOTICE

To: Gomez-Wyatt
PIN: A99792468902B
Date: 2024-08-25
Reference: KRA/SW/2516/8330

Pursuant to Section 58 of the East African Customs Management Act, you are hereby notified that following a review of your tax returns, the Commissioner of Customs Duty has assessed additional tax liability of KES 8,211,954.56 for the period ending 2026-03-28.

You are required to pay the assessed amount within thirty (30) days of this notice."
DOC-TAN-00027,Tax Assessment Notice,"KENYA REVENUE AUTHORITY
TAX ASSESSMENT NOTICE

To: Craig-Kelley
PIN: A70157996975B
Date: 2024-10-26
Reference: KRA/uh/2332/5725

Pursuant to Regulation 15 of the VAT Regulations 2017, you are hereby notified that following a review of your tax returns, the Commissioner of Withholding Tax has assessed additional tax liability of KES 49,476,691.36 for the period ending 2025-12-25.

You are required to pay the assessed amount within thirty (30) days of this notice."
DOC-TAN-00028,Tax Assessment Notice,"KENYA REVENUE AUTHORITY
TAX ASSESSMENT NOTICE

To: Fleming, Gibson and Walker
PIN: A25283550156B
Date: 2025-12-26
Reference: KRA/BK/5452/9422

Pursuant to Regulation 15 of the VAT Regulations 2017, you are hereby notified that following a review of your tax returns, the Commissioner of Customs Duty has assessed additional tax liability of KES 27,869,639.70 for the period ending 2026-04-10.

You are required to pay the assessed amount within thirty (30) days of this notice."
DOC-TAN-00029,Tax Assessment Notice,"KENYA REVENUE AUTHORITY
TAX ASSESSMENT NOTICE

To: Collins, Lucas and Parker
PIN: A29602240588B
Date: 2025-12-25
Reference: KRA/AP/7311/5923

Pursuant to Section 31 of the Value Added Tax Act, you are hereby notified that following a review of your tax returns, the Commissioner of Income Tax has assessed additional tax liability of KES 42,150,453.41 for the period ending 2025-08-14.

You are required to pay the assessed amount within thirty (30) days of this notice."
DOC-TAN-00030,Tax Assessment Notice,"KENYA REVENUE AUTHORITY
TAX ASSESSMENT NOTICE

To: Bennett-Dunn
PIN: A44481767563B
Date: 2025-07-01
Reference: KRA/Hq/3314/9454

Pursuant to Section 12 of the Tax Appeals Tribunal Act, you are hereby notified that following a review of your tax returns, the Commissioner of PAYE has assessed additional tax liability of KES 41,099,039.57 for the period ending 2025-08-20.

You are required to pay the assessed amount within thirty (30) days of this notice."
DOC-TAN-00031,Tax Assessment Notice,"KENYA REVENUE AUTHORITY
TAX ASSESSMENT NOTICE

To: Maxwell-Wright
PIN: A43839397570B
Date: 2024-08-06
Reference: KRA/eL/2466/6046

Pursuant to Section 47 of the Income Tax Act, you are hereby notified that following a review of your tax returns, the Commissioner of Excise Duty has assessed additional tax liability of KES 13,423,656.75 for the period ending 2026-06-23.

You are required to pay the assessed amount within thirty (30) days of this notice."
DOC-TAN-00032,Tax Assessment Notice,"KENYA REVENUE AUTHORITY
TAX ASSESSMENT NOTICE

To: Williams, Harding and Mcgee
PIN: A48281108663B
Date: 2025-01-25
Reference: KRA/ws/1654/4842

Pursuant to Section 12 of the Tax Appeals Tribunal Act, you are hereby notified that following a review of your tax returns, the Commissioner of Income Tax has assessed additional tax liability of KES 43,824,562.94 for the period ending 2025-07-13.

You are required to pay the assessed amount within thirty (30) days of this notice."
DOC-TAN-00033,Tax Assessment Notice,"KENYA REVENUE AUTHORITY
TAX ASSESSMENT NOTICE

To: Martin-Simpson
PIN: A53891269263B
Date: 2026-04-23
Reference: KRA/kB/8485/7269

Pursuant to Section 58 of the East African Customs Management Act, you are hereby notified that following a review of your tax returns, the Commissioner of Withholding Tax has assessed additional tax liability of KES 32,789,161.33 for the period ending 2026-03-17.

You are required to pay the assessed amount within thirty (30) days of this notice."
DOC-TAN-00034,Tax Assessment Notice,"KENYA REVENUE AUTHORITY
TAX ASSESSMENT NOTICE

To: Johnson and Sons
PIN: A07918393149B
Date: 2026-03-07
Reference: KRA/gT/6890/8941

Pursuant to Section 12 of the Tax Appeals Tribunal Act, you are hereby notified that following a review of your tax returns, the Commissioner of Income Tax has assessed additional tax liability of KES 22,969,650.04 for the period ending 2025-10-07.

You are required to pay the assessed amount within thirty (30) days of this notice."
DOC-TAN-00035,Tax Assessment Notice,"KENYA REVENUE AUTHORITY
TAX ASSESSMENT NOTICE

To: Joseph, Rose and Rivera
PIN: A01173223011B
Date: 2025-12-24
Reference: KRA/Zc/1157/8420

Pursuant to Section 37 of the Tax Procedures Act, you are hereby notified that following a review of your tax returns, the Commissioner of Excise Duty has assessed additional tax liability of KES 12,369,044.01 for the period ending 2026-06-23.

You are required to pay the assessed amount within thirty (30) days of this notice."
DOC-TAN-00036,Tax Assessment Notice,"KENYA REVENUE AUTHORITY
TAX ASSESSMENT NOTICE

To: Velez-Little
PIN: A00428988538B
Date: 2025-03-04
Reference: KRA/qQ/4322/1895

Pursuant to Section 37 of the Tax Procedures Act, you are hereby notified that following a review of your tax returns, the Commissioner of PAYE has assessed additional tax liability of KES 13,173,943.35 for the period ending 2026-03-31.

You are required to pay the assessed amount within thirty (30) days of this notice."
DOC-TAN-00037,Tax Assessment Notice,"KENYA REVENUE AUTHORITY
TAX ASSESSMENT NOTICE

To: Marquez and Sons
PIN: A29104614365B
Date: 2025-03-27
Reference: KRA/Dk/5949/4989

Pursuant to Section 58 of the East African Customs Management Act, you are hereby notified that following a review of your tax returns, the Commissioner of Customs Duty has assessed additional tax liability of KES 44,896,253.04 for the period ending 2026-02-07.

You are required to pay the assessed amount within thirty (30) days of this notice."
DOC-TAN-00038,Tax Assessment Notice,"KENYA REVENUE AUTHORITY
TAX ASSESSMENT NOTICE

To: Bishop, Wilson and Brooks
PIN: A39031421846B
Date: 2025-03-18
Reference: KRA/Rm/6365/1591

Pursuant to Section 47 of the Income Tax Act, you are hereby notified that following a review of your tax returns, the Commissioner of Excise Duty has assessed additional tax liability of KES 11,005,071.92 for the period ending 2026-06-04.

You are required to pay the assessed amount within thirty (30) days of this notice."
DOC-TAN-00039,Tax Assessment Notice,"KENYA REVENUE AUTHORITY
TAX ASSESSMENT NOTICE

To: Smith Ltd
PIN: A34360301134B
Date: 2026-01-12
Reference: KRA/dm/1870/6236

Pursuant to Section 31 of the Value Added Tax Act, you are hereby notified that following a review of your tax returns, the Commissioner of VAT has assessed additional tax liability of KES 24,701,115.95 for the period ending 2026-01-11.

You are required to pay the assessed amount within thirty (30) days of this notice."
DOC-TAN-00040,Tax Assessment Notice,"KENYA REVENUE AUTHORITY
TAX ASSESSMENT NOTICE

To: Young-Porter
PIN: A52394000598B
Date: 2026-05-05
Reference: KRA/zO/7842/6739

Pursuant to Section 47 of the Income Tax Act, you are hereby notified that following a review of your tax returns, the Commissioner of Withholding Tax has assessed additional tax liability of KES 7,684,423.90 for the period ending 2025-08-30.

You are required to pay the assessed amount within thirty (30) days of this notice."
DOC-TAN-00041,Tax Assessment Notice,"KENYA REVENUE AUTHORITY
TAX ASSESSMENT NOTICE

To: Fowler Inc
PIN: A62791174740B
Date: 2025-03-16
Reference: KRA/hM/5363/9104

Pursuant to Section 31 of the Value Added Tax Act, you are hereby notified that following a review of your tax returns, the Commissioner of PAYE has assessed additional tax liability of KES 21,136,890.34 for the period ending 2026-03-24.

You are required to pay the assessed amount within thirty (30) days of this notice."
DOC-TAN-00042,Tax Assessment Notice,"KENYA REVENUE AUTHORITY
TAX ASSESSMENT NOTICE

To: Rowe-Weber
PIN: A39759556484B
Date: 2024-07-19
Reference: KRA/gq/6497/3323

Pursuant to Section 58 of the East African Customs Management Act, you are hereby notified that following a review of your tax returns, the Commissioner of Excise Duty has assessed additional tax liability of KES 19,111,883.36 for the period ending 2025-11-11.

You are required to pay the assessed amount within thirty (30) days of this notice."
DOC-TAN-00043,Tax Assessment Notice,"KENYA REVENUE AUTHORITY
TAX ASSESSMENT NOTICE

To: Phillips-Stokes
PIN: A85039343553B
Date: 2025-09-07
Reference: KRA/KM/0220/4489

Pursuant to Section 37 of the Tax Procedures Act, you are hereby notified that following a review of your tax returns, the Commissioner of VAT has assessed additional tax liability of KES 12,608,135.29 for the period ending 2025-12-13.

You are required to pay the assessed amount within thirty (30) days of this notice."
DOC-TAN-00044,Tax Assessment Notice,"KENYA REVENUE AUTHORITY
TAX ASSESSMENT NOTICE

To: Jones, Byrd and Johnson
PIN: A89716658292B
Date: 2024-07-15
Reference: KRA/qH/4009/6588

Pursuant to Section 31 of the Value Added Tax Act, you are hereby notified that following a review of your tax returns, the Commissioner of Withholding Tax has assessed additional tax liability of KES 34,030,156.34 for the period ending 2026-01-06.

You are required to pay the assessed amount within thirty (30) days of this notice."
DOC-TAN-00045,Tax Assessment Notice,"KENYA REVENUE AUTHORITY
TAX ASSESSMENT NOTICE

To: Washington-Jackson
PIN: A87949430020B
Date: 2025-08-10
Reference: KRA/xI/5399/7773

Pursuant to Section 12 of the Tax Appeals Tribunal Act, you are hereby notified that following a review of your tax returns, the Commissioner of Withholding Tax has assessed additional tax liability of KES 44,245,183.08 for the period ending 2025-08-08.

You are required to pay the assessed amount within thirty (30) days of this notice."
DOC-TAN-00046,Tax Assessment Notice,"KENYA REVENUE AUTHORITY
TAX ASSESSMENT NOTICE

To: Campbell-Fitzgerald
PIN: A51334684864B
Date: 2024-11-24
Reference: KRA/eW/5876/0631

Pursuant to Section 12 of the Tax Appeals Tribunal Act, you are hereby notified that following a review of your tax returns, the Commissioner of PAYE has assessed additional tax liability of KES 17,041,764.88 for the period ending 2025-08-17.

You are required to pay the assessed amount within thirty (30) days of this notice."
DOC-TAN-00047,Tax Assessment Notice,"KENYA REVENUE AUTHORITY
TAX ASSESSMENT NOTICE

To: Davis and Sons
PIN: A18789021686B
Date: 2025-10-08
Reference: KRA/hO/6166/4153

Pursuant to Section 31 of the Value Added Tax Act, you are hereby notified that following a review of your tax returns, the Commissioner of Withholding Tax has assessed additional tax liability of KES 7,949,979.83 for the period ending 2025-07-26.

You are required to pay the assessed amount within thirty (30) days of this notice."
DOC-TAN-00048,Tax Assessment Notice,"KENYA REVENUE AUTHORITY
TAX ASSESSMENT NOTICE

To: Duke LLC
PIN: A12741967579B
Date: 2026-02-12
Reference: KRA/dJ/4649/3481

Pursuant to Section 12 of the Tax Appeals Tribunal Act, you are hereby notified that following a review of your tax returns, the Commissioner of Excise Duty has assessed additional tax liability of KES 43,798,854.37 for the period ending 2026-03-30.

You are required to pay the assessed amount within thirty (30) days of this notice."
DOC-TAN-00049,Tax Assessment Notice,"KENYA REVENUE AUTHORITY
TAX ASSESSMENT NOTICE

To: Ramos, Wells and Thompson
PIN: A77657703003B
Date: 2024-07-05
Reference: KRA/Ej/2464/6010

Pursuant to Section 37 of the Tax Procedures Act, you are hereby notified that following a review of your tax returns, the Commissioner of VAT has assessed additional tax liability of KES 38,110,011.84 for the period ending 2025-10-15.

You are required to pay the assessed amount within thirty (30) days of this notice."
DOC-TAN-00050,Tax Assessment Notice,"KENYA REVENUE AUTHORITY
TAX ASSESSMENT NOTICE

To: Becker-Nguyen
PIN: A46025331479B
Date: 2024-08-03
Reference: KRA/Rh/8194/6433

Pursuant to Section 12 of the Tax Appeals Tribunal Act, you are hereby notified that following a review of your tax returns, the Commissioner of Withholding Tax has assessed additional tax liability of KES 43,532,402.56 for the period ending 2026-04-24.

You are required to pay the assessed amount within thirty (30) days of this notice."
DOC-TAN-00051,Tax Assessment Notice,"KENYA REVENUE AUTHORITY
TAX ASSESSMENT NOTICE

To: Wilson-Johnson
PIN: A80994430376B
Date: 2024-12-29
Reference: KRA/ad/0308/7835

Pursuant to Section 47 of the Income Tax Act, you are hereby notified that following a review of your tax returns, the Commissioner of Income Tax has assessed additional tax liability of KES 25,407,760.95 for the period ending 2025-07-25.

You are required to pay the assessed amount within thirty (30) days of this notice."
DOC-TAN-00052,Tax Assessment Notice,"KENYA REVENUE AUTHORITY
TAX ASSESSMENT NOTICE

To: Martinez, Fox and Black
PIN: A16080614126B
Date: 2025-02-27
Reference: KRA/Ji/2474/9587

Pursuant to Section 47 of the Income Tax Act, you are hereby notified that following a review of your tax returns, the Commissioner of Excise Duty has assessed additional tax liability of KES 18,726,996.94 for the period ending 2025-09-14.

You are required to pay the assessed amount within thirty (30) days of this notice."
DOC-TAN-00053,Tax Assessment Notice,"KENYA REVENUE AUTHORITY
TAX ASSESSMENT NOTICE

To: Blanchard Group
PIN: A27079761469B
Date: 2026-06-20
Reference: KRA/Xu/9712/0455

Pursuant to Section 37 of the Tax Procedures Act, you are hereby notified that following a review of your tax returns, the Commissioner of VAT has assessed additional tax liability of KES 47,677,312.40 for the period ending 2025-10-16.

You are required to pay the assessed amount within thirty (30) days of this notice."
DOC-TAN-00054,Tax Assessment Notice,"KENYA REVENUE AUTHORITY
TAX ASSESSMENT NOTICE

To: Ewing PLC
PIN: A22404710273B
Date: 2024-10-24
Reference: KRA/mA/3586/7657

Pursuant to Section 58 of the East African Customs Management Act, you are hereby notified that following a review of your tax returns, the Commissioner of VAT has assessed additional tax liability of KES 29,967,281.99 for the period ending 2026-05-28.

You are required to pay the assessed amount within thirty (30) days of this notice."
DOC-TAN-00055,Tax Assessment Notice,"KENYA REVENUE AUTHORITY
TAX ASSESSMENT NOTICE

To: Thompson, Morrison and Miller
PIN: A77025685381B
Date: 2024-12-16
Reference: KRA/Fd/9238/7232

Pursuant to Section 12 of the Tax Appeals Tribunal Act, you are hereby notified that following a review of your tax returns, the Commissioner of Customs Duty has assessed additional tax liability of KES 5,637,792.88 for the period ending 2025-07-12.

You are required to pay the assessed amount within thirty (30) days of this notice."
DOC-TAN-00056,Tax Assessment Notice,"KENYA REVENUE AUTHORITY
TAX ASSESSMENT NOTICE

To: Lopez, Jones and Jenkins
PIN: A71414632116B
Date: 2025-09-25
Reference: KRA/nu/2628/2402

Pursuant to Section 47 of the Income Tax Act, you are hereby notified that following a review of your tax returns, the Commissioner of Excise Duty has assessed additional tax liability of KES 12,010,642.90 for the period ending 2026-05-16.

You are required to pay the assessed amount within thirty (30) days of this notice."
DOC-TAN-00057,Tax Assessment Notice,"KENYA REVENUE AUTHORITY
TAX ASSESSMENT NOTICE

To: Wright-Walton
PIN: A03499664671B
Date: 2025-03-16
Reference: KRA/Tz/3941/4772

Pursuant to Section 31 of the Value Added Tax Act, you are hereby notified that following a review of your tax returns, the Commissioner of Withholding Tax has assessed additional tax liability of KES 47,350,124.79 for the period ending 2025-11-01.

You are required to pay the assessed amount within thirty (30) days of this notice."
DOC-TAN-00058,Tax Assessment Notice,"KENYA REVENUE AUTHORITY
TAX ASSESSMENT NOTICE

To: Harrison Inc
PIN: A26712162260B
Date: 2025-05-22
Reference: KRA/YN/4367/0389

Pursuant to Section 31 of the Value Added Tax Act, you are hereby notified that following a review of your tax returns, the Commissioner of Excise Duty has assessed additional tax liability of KES 24,325,223.64 for the period ending 2026-02-24.

You are required to pay the assessed amount within thirty (30) days of this notice."
DOC-TAN-00059,Tax Assessment Notice,"KENYA REVENUE AUTHORITY
TAX ASSESSMENT NOTICE

To: George-Murphy
PIN: A71634549459B
Date: 2025-07-08
Reference: KRA/BT/8331/8312

Pursuant to Section 47 of the Income Tax Act, you are hereby notified that following a review of your tax returns, the Commissioner of Withholding Tax has assessed additional tax liability of KES 38,303,429.74 for the period ending 2025-09-23.

You are required to pay the assessed amount within thirty (30) days of this notice."
DOC-TAN-00060,Tax Assessment Notice,"KENYA REVENUE AUTHORITY
TAX ASSESSMENT NOTICE

To: Bernard, Jones and Alexander
PIN: A34692625666B
Date: 2025-11-05
Reference: KRA/dg/9428/9830

Pursuant to Section 37 of the Tax Procedures Act, you are hereby notified that following a review of your tax returns, the Commissioner of Income Tax has assessed additional tax liability of KES 23,790,354.79 for the period ending 2026-05-09.

You are required to pay the assessed amount within thirty (30) days of this notice."
DOC-TAN-00061,Tax Assessment Notice,"KENYA REVENUE AUTHORITY
TAX ASSESSMENT NOTICE

To: Garcia and Sons
PIN: A62236995036B
Date: 2025-12-01
Reference: KRA/Cv/5664/1819

Pursuant to Section 37 of the Tax Procedures Act, you are hereby notified that following a review of your tax returns, the Commissioner of PAYE has assessed additional tax liability of KES 13,289,578.62 for the period ending 2026-02-22.

You are required to pay the assessed amount within thirty (30) days of this notice."
DOC-TAN-00062,Tax Assessment Notice,"KENYA REVENUE AUTHORITY
TAX ASSESSMENT NOTICE

To: Stewart-Trevino
PIN: A87057502094B
Date: 2024-12-13
Reference: KRA/BZ/8881/3394

Pursuant to Section 37 of the Tax Procedures Act, you are hereby notified that following a review of your tax returns, the Commissioner of Withholding Tax has assessed additional tax liability of KES 48,219,927.16 for the period ending 2025-09-05.

You are required to pay the assessed amount within thirty (30) days of this notice."
DOC-TAN-00063,Tax Assessment Notice,"KENYA REVENUE AUTHORITY
TAX ASSESSMENT NOTICE

To: Camacho, Simpson and Conley
PIN: A51121212979B
Date: 2025-11-04
Reference: KRA/wY/8045/3650

Pursuant to Regulation 15 of the VAT Regulations 2017, you are hereby notified that following a review of your tax returns, the Commissioner of Customs Duty has assessed additional tax liability of KES 34,508,888.22 for the period ending 2026-01-14.

You are required to pay the assessed amount within thirty (30) days of this notice."
DOC-TAN-00064,Tax Assessment Notice,"KENYA REVENUE AUTHORITY
TAX ASSESSMENT NOTICE

To: Fitzgerald and Sons
PIN: A23851070872B
Date: 2024-09-20
Reference: KRA/qn/1881/5024

Pursuant to Regulation 15 of the VAT Regulations 2017, you are hereby notified that following a review of your tax returns, the Commissioner of Withholding Tax has assessed additional tax liability of KES 19,979,665.38 for the period ending 2025-12-26.

You are required to pay the assessed amount within thirty (30) days of this notice."
DOC-TAN-00065,Tax Assessment Notice,"KENYA REVENUE AUTHORITY
TAX ASSESSMENT NOTICE

To: Bryant and Sons
PIN: A37272322230B
Date: 2025-01-27
Reference: KRA/Rw/9267/5450

Pursuant to Section 37 of the Tax Procedures Act, you are hereby notified that following a review of your tax returns, the Commissioner of PAYE has assessed additional tax liability of KES 18,702,354.10 for the period ending 2025-08-20.

You are required to pay the assessed amount within thirty (30) days of this notice."
DOC-TAN-00066,Tax Assessment Notice,"KENYA REVENUE AUTHORITY
TAX ASSESSMENT NOTICE

To: Cervantes, Owens and Daugherty
PIN: A49680228772B
Date: 2025-03-04
Reference: KRA/or/2054/1705

Pursuant to Section 47 of the Income Tax Act, you are hereby notified that following a review of your tax returns, the Commissioner of VAT has assessed additional tax liability of KES 6,094,159.58 for the period ending 2026-06-11.

You are required to pay the assessed amount within thirty (30) days of this notice."
DOC-TAN-00067,Tax Assessment Notice,"KENYA REVENUE AUTHORITY
TAX ASSESSMENT NOTICE

To: Ho, Mitchell and Miller
PIN: A36196627661B
Date: 2024-12-06
Reference: KRA/sy/6864/4478

Pursuant to Section 37 of the Tax Procedures Act, you are hereby notified that following a review of your tax returns, the Commissioner of Excise Duty has assessed additional tax liability of KES 16,937,373.83 for the period ending 2025-09-27.

You are required to pay the assessed amount within thirty (30) days of this notice."
DOC-TAN-00068,Tax Assessment Notice,"KENYA REVENUE AUTHORITY
TAX ASSESSMENT NOTICE

To: Lopez-Hubbard
PIN: A41902348657B
Date: 2026-05-09
Reference: KRA/YU/3011/3160

Pursuant to Section 47 of the Income Tax Act, you are hereby notified that following a review of your tax returns, the Commissioner of VAT has assessed additional tax liability of KES 11,544,230.89 for the period ending 2026-04-06.

You are required to pay the assessed amount within thirty (30) days of this notice."
DOC-TAN-00069,Tax Assessment Notice,"KENYA REVENUE AUTHORITY
TAX ASSESSMENT NOTICE

To: Scott LLC
PIN: A58536764846B
Date: 2025-12-20
Reference: KRA/rL/2037/7950

Pursuant to Regulation 15 of the VAT Regulations 2017, you are hereby notified that following a review of your tax returns, the Commissioner of VAT has assessed additional tax liability of KES 3,596,104.65 for the period ending 2025-10-21.

You are required to pay the assessed amount within thirty (30) days of this notice."
DOC-TAN-00070,Tax Assessment Notice,"KENYA REVENUE AUTHORITY
TAX ASSESSMENT NOTICE

To: Stone-Braun
PIN: A79833864271B
Date: 2025-09-17
Reference: KRA/Pg/5094/4835

Pursuant to Section 31 of the Value Added Tax Act, you are hereby notified that following a review of your tax returns, the Commissioner of Customs Duty has assessed additional tax liability of KES 11,485,642.10 for the period ending 2026-02-15.

You are required to pay the assessed amount within thirty (30) days of this notice."
DOC-TAN-00071,Tax Assessment Notice,"KENYA REVENUE AUTHORITY
TAX ASSESSMENT NOTICE

To: Benjamin-Sweeney
PIN: A40374804680B
Date: 2024-11-15
Reference: KRA/yC/5307/3888

Pursuant to Section 47 of the Income Tax Act, you are hereby notified that following a review of your tax returns, the Commissioner of Customs Duty has assessed additional tax liability of KES 3,589,324.63 for the period ending 2025-10-19.

You are required to pay the assessed amount within thirty (30) days of this notice."
DOC-TAN-00072,Tax Assessment Notice,"KENYA REVENUE AUTHORITY
TAX ASSESSMENT NOTICE

To: Arnold-Sanders
PIN: A25775166801B
Date: 2024-12-08
Reference: KRA/eK/1789/1862

Pursuant to Section 47 of the Income Tax Act, you are hereby notified that following a review of your tax returns, the Commissioner of Excise Duty has assessed additional tax liability of KES 33,465,440.03 for the period ending 2026-02-25.

You are required to pay the assessed amount within thirty (30) days of this notice."
DOC-TAN-00073,Tax Assessment Notice,"KENYA REVENUE AUTHORITY
TAX ASSESSMENT NOTICE

To: Allison-Martin
PIN: A96360857558B
Date: 2024-08-12
Reference: KRA/mo/1176/3103

Pursuant to Section 37 of the Tax Procedures Act, you are hereby notified that following a review of your tax returns, the Commissioner of Excise Duty has assessed additional tax liability of KES 6,658,976.84 for the period ending 2026-05-18.

You are required to pay the assessed amount within thirty (30) days of this notice."
DOC-TAN-00074,Tax Assessment Notice,"KENYA REVENUE AUTHORITY
TAX ASSESSMENT NOTICE

To: Watson Ltd
PIN: A50818203432B
Date: 2024-07-12
Reference: KRA/sj/1403/8432

Pursuant to Section 58 of the East African Customs Management Act, you are hereby notified that following a review of your tax returns, the Commissioner of PAYE has assessed additional tax liability of KES 23,659,917.76 for the period ending 2025-11-28.

You are required to pay the assessed amount within thirty (30) days of this notice."
DOC-TAN-00075,Tax Assessment Notice,"KENYA REVENUE AUTHORITY
TAX ASSESSMENT NOTICE

To: Johnson-Frye
PIN: A31637561896B
Date: 2025-09-21
Reference: KRA/yh/8002/8785

Pursuant to Section 31 of the Value Added Tax Act, you are hereby notified that following a review of your tax returns, the Commissioner of Withholding Tax has assessed additional tax liability of KES 9,560,975.22 for the period ending 2025-07-02.

You are required to pay the assessed amount within thirty (30) days of this notice."
DOC-TAN-00076,Tax Assessment Notice,"KENYA REVENUE AUTHORITY
TAX ASSESSMENT NOTICE

To: Bond-Harmon
PIN: A45844690904B
Date: 2024-09-09
Reference: KRA/BU/2864/8696

Pursuant to Section 58 of the East African Customs Management Act, you are hereby notified that following a review of your tax returns, the Commissioner of PAYE has assessed additional tax liability of KES 21,581,006.56 for the period ending 2026-06-05.

You are required to pay the assessed amount within thirty (30) days of this notice."
DOC-TAN-00077,Tax Assessment Notice,"KENYA REVENUE AUTHORITY
TAX ASSESSMENT NOTICE

To: Parker-Allen
PIN: A19841172138B
Date: 2024-07-13
Reference: KRA/oF/0475/0479

Pursuant to Regulation 15 of the VAT Regulations 2017, you are hereby notified that following a review of your tax returns, the Commissioner of VAT has assessed additional tax liability of KES 23,377,882.17 for the period ending 2025-08-01.

You are required to pay the assessed amount within thirty (30) days of this notice."
DOC-TAN-00078,Tax Assessment Notice,"KENYA REVENUE AUTHORITY
TAX ASSESSMENT NOTICE

To: Price-Green
PIN: A66002130656B
Date: 2026-04-19
Reference: KRA/bV/8427/2134

Pursuant to Regulation 15 of the VAT Regulations 2017, you are hereby notified that following a review of your tax returns, the Commissioner of VAT has assessed additional tax liability of KES 33,684,559.14 for the period ending 2025-10-04.

You are required to pay the assessed amount within thirty (30) days of this notice."
DOC-TAN-00079,Tax Assessment Notice,"KENYA REVENUE AUTHORITY
TAX ASSESSMENT NOTICE

To: Reyes PLC
PIN: A14075946725B
Date: 2025-08-08
Reference: KRA/sF/5397/1432

Pursuant to Regulation 15 of the VAT Regulations 2017, you are hereby notified that following a review of your tax returns, the Commissioner of Customs Duty has assessed additional tax liability of KES 3,077,603.07 for the period ending 2025-09-30.

You are required to pay the assessed amount within thirty (30) days of this notice."
DOC-TAN-00080,Tax Assessment Notice,"KENYA REVENUE AUTHORITY
TAX ASSESSMENT NOTICE

To: Anderson-Ramirez
PIN: A00969380555B
Date: 2026-06-27
Reference: KRA/cl/6630/3573

Pursuant to Section 31 of the Value Added Tax Act, you are hereby notified that following a review of your tax returns, the Commissioner of Income Tax has assessed additional tax liability of KES 40,039,595.92 for the period ending 2025-07-02.

You are required to pay the assessed amount within thirty (30) days of this notice."
DOC-TAN-00081,Tax Assessment Notice,"KENYA REVENUE AUTHORITY
TAX ASSESSMENT NOTICE

To: Ruiz Ltd
PIN: A29230918745B
Date: 2025-05-25
Reference: KRA/uv/2224/6260

Pursuant to Section 37 of the Tax Procedures Act, you are hereby notified that following a review of your tax returns, the Commissioner of PAYE has assessed additional tax liability of KES 9,619,924.10 for the period ending 2026-04-27.

You are required to pay the assessed amount within thirty (30) days of this notice."
DOC-TAN-00082,Tax Assessment Notice,"KENYA REVENUE AUTHORITY
TAX ASSESSMENT NOTICE

To: Torres-Rodriguez
PIN: A19076232879B
Date: 2025-06-27
Reference: KRA/jd/1674/6394

Pursuant to Section 47 of the Income Tax Act, you are hereby notified that following a review of your tax returns, the Commissioner of Customs Duty has assessed additional tax liability of KES 7,052,105.74 for the period ending 2025-11-12.

You are required to pay the assessed amount within thirty (30) days of this notice."
DOC-TAN-00083,Tax Assessment Notice,"KENYA REVENUE AUTHORITY
TAX ASSESSMENT NOTICE

To: Edwards Ltd
PIN: A31915274657B
Date: 2024-12-10
Reference: KRA/pO/7413/5086

Pursuant to Section 31 of the Value Added Tax Act, you are hereby notified that following a review of your tax returns, the Commissioner of PAYE has assessed additional tax liability of KES 23,158,272.02 for the period ending 2026-01-21.

You are required to pay the assessed amount within thirty (30) days of this notice."
DOC-TAN-00084,Tax Assessment Notice,"KENYA REVENUE AUTHORITY
TAX ASSESSMENT NOTICE

To: Martinez-Reyes
PIN: A36216034092B
Date: 2024-10-20
Reference: KRA/kB/8448/9575

Pursuant to Section 37 of the Tax Procedures Act, you are hereby notified that following a review of your tax returns, the Commissioner of VAT has assessed additional tax liability of KES 40,410,711.12 for the period ending 2026-02-01.

You are required to pay the assessed amount within thirty (30) days of this notice."
DOC-TAN-00085,Tax Assessment Notice,"KENYA REVENUE AUTHORITY
TAX ASSESSMENT NOTICE

To: Mack-Schwartz
PIN: A66043418868B
Date: 2026-03-11
Reference: KRA/Ew/7865/5115

Pursuant to Section 37 of the Tax Procedures Act, you are hereby notified that following a review of your tax returns, the Commissioner of VAT has assessed additional tax liability of KES 2,576,887.06 for the period ending 2025-07-02.

You are required to pay the assessed amount within thirty (30) days of this notice."
DOC-TAN-00086,Tax Assessment Notice,"KENYA REVENUE AUTHORITY
TAX ASSESSMENT NOTICE

To: King, Woodward and Alvarado
PIN: A08131091395B
Date: 2024-12-28
Reference: KRA/Eb/7684/2563

Pursuant to Section 47 of the Income Tax Act, you are hereby notified that following a review of your tax returns, the Commissioner of Income Tax has assessed additional tax liability of KES 48,451,363.05 for the period ending 2026-04-10.

You are required to pay the assessed amount within thirty (30) days of this notice."
DOC-TAN-00087,Tax Assessment Notice,"KENYA REVENUE AUTHORITY
TAX ASSESSMENT NOTICE

To: Gutierrez Group
PIN: A16130133744B
Date: 2025-06-22
Reference: KRA/VL/7759/5801

Pursuant to Section 58 of the East African Customs Management Act, you are hereby notified that following a review of your tax returns, the Commissioner of Income Tax has assessed additional tax liability of KES 20,350,382.19 for the period ending 2025-10-29.

You are required to pay the assessed amount within thirty (30) days of this notice."
DOC-TAN-00088,Tax Assessment Notice,"KENYA REVENUE AUTHORITY
TAX ASSESSMENT NOTICE

To: Knight Ltd
PIN: A71180039955B
Date: 2025-12-19
Reference: KRA/To/4610/3434

Pursuant to Section 31 of the Value Added Tax Act, you are hereby notified that following a review of your tax returns, the Commissioner of Income Tax has assessed additional tax liability of KES 43,239,287.18 for the period ending 2025-11-21.

You are required to pay the assessed amount within thirty (30) days of this notice."
DOC-TAN-00089,Tax Assessment Notice,"KENYA REVENUE AUTHORITY
TAX ASSESSMENT NOTICE

To: Ellis, Gomez and Jenkins
PIN: A03042316106B
Date: 2025-10-21
Reference: KRA/xZ/8966/3340

Pursuant to Section 58 of the East African Customs Management Act, you are hereby notified that following a review of your tax returns, the Commissioner of Customs Duty has assessed additional tax liability of KES 18,979,707.29 for the period ending 2025-09-06.

You are required to pay the assessed amount within thirty (30) days of this notice."
DOC-TAN-00090,Tax Assessment Notice,"KENYA REVENUE AUTHORITY
TAX ASSESSMENT NOTICE

To: Schmidt, Garrett and Roberts
PIN: A55482631822B
Date: 2026-05-20
Reference: KRA/aP/2363/3632

Pursuant to Section 58 of the East African Customs Management Act, you are hereby notified that following a review of your tax returns, the Commissioner of Customs Duty has assessed additional tax liability of KES 46,329,577.77 for the period ending 2026-06-21.

You are required to pay the assessed amount within thirty (30) days of this notice."
DOC-TAN-00091,Tax Assessment Notice,"KENYA REVENUE AUTHORITY
TAX ASSESSMENT NOTICE

To: Salazar, Wright and Smith
PIN: A84104760088B
Date: 2025-01-29
Reference: KRA/ld/8344/0973

Pursuant to Regulation 15 of the VAT Regulations 2017, you are hereby notified that following a review of your tax returns, the Commissioner of Excise Duty has assessed additional tax liability of KES 21,179,223.93 for the period ending 2025-07-24.

You are required to pay the assessed amount within thirty (30) days of this notice."
DOC-TAN-00092,Tax Assessment Notice,"KENYA REVENUE AUTHORITY
TAX ASSESSMENT NOTICE

To: Moore-Banks
PIN: A12251574193B
Date: 2025-02-18
Reference: KRA/RM/1767/2028

Pursuant to Section 58 of the East African Customs Management Act, you are hereby notified that following a review of your tax returns, the Commissioner of Income Tax has assessed additional tax liability of KES 33,110,472.03 for the period ending 2025-07-21.

You are required to pay the assessed amount within thirty (30) days of this notice."
DOC-TAN-00093,Tax Assessment Notice,"KENYA REVENUE AUTHORITY
TAX ASSESSMENT NOTICE

To: Donovan Inc
PIN: A98098968132B
Date: 2026-05-31
Reference: KRA/gm/8428/4071

Pursuant to Section 47 of the Income Tax Act, you are hereby notified that following a review of your tax returns, the Commissioner of VAT has assessed additional tax liability of KES 9,535,398.47 for the period ending 2025-10-31.

You are required to pay the assessed amount within thirty (30) days of this notice."
DOC-TAN-00094,Tax Assessment Notice,"KENYA REVENUE AUTHORITY
TAX ASSESSMENT NOTICE

To: Smith, Webb and Johnson
PIN: A41224643725B
Date: 2025-08-11
Reference: KRA/jY/8958/4106

Pursuant to Section 37 of the Tax Procedures Act, you are hereby notified that following a review of your tax returns, the Commissioner of VAT has assessed additional tax liability of KES 28,980,055.53 for the period ending 2026-06-25.

You are required to pay the assessed amount within thirty (30) days of this notice."
DOC-TAN-00095,Tax Assessment Notice,"KENYA REVENUE AUTHORITY
TAX ASSESSMENT NOTICE

To: Fisher Ltd
PIN: A60010064677B
Date: 2024-12-26
Reference: KRA/Nu/3578/7325

Pursuant to Section 31 of the Value Added Tax Act, you are hereby notified that following a review of your tax returns, the Commissioner of VAT has assessed additional tax liability of KES 37,411,379.24 for the period ending 2026-01-29.

You are required to pay the assessed amount within thirty (30) days of this notice."
DOC-TAN-00096,Tax Assessment Notice,"KENYA REVENUE AUTHORITY
TAX ASSESSMENT NOTICE

To: Hernandez, Thomas and Garcia
PIN: A14033699838B
Date: 2024-12-12
Reference: KRA/oa/8177/2256

Pursuant to Section 37 of the Tax Procedures Act, you are hereby notified that following a review of your tax returns, the Commissioner of Excise Duty has assessed additional tax liability of KES 29,229,670.84 for the period ending 2025-12-02.

You are required to pay the assessed amount within thirty (30) days of this notice."
DOC-TAN-00097,Tax Assessment Notice,"KENYA REVENUE AUTHORITY
TAX ASSESSMENT NOTICE

To: Smith Ltd
PIN: A37189546404B
Date: 2025-09-09
Reference: KRA/PS/3168/0192

Pursuant to Section 37 of the Tax Procedures Act, you are hereby notified that following a review of your tax returns, the Commissioner of VAT has assessed additional tax liability of KES 7,913,764.76 for the period ending 2025-07-19.

You are required to pay the assessed amount within thirty (30) days of this notice."
DOC-TAN-00098,Tax Assessment Notice,"KENYA REVENUE AUTHORITY
TAX ASSESSMENT NOTICE

To: James-May
PIN: A78572845838B
Date: 2024-12-23
Reference: KRA/Ow/7462/4762

Pursuant to Section 31 of the Value Added Tax Act, you are hereby notified that following a review of your tax returns, the Commissioner of Excise Duty has assessed additional tax liability of KES 42,574,560.14 for the period ending 2025-09-21.

You are required to pay the assessed amount within thirty (30) days of this notice."
DOC-TAN-00099,Tax Assessment Notice,"KENYA REVENUE AUTHORITY
TAX ASSESSMENT NOTICE

To: Pope Group
PIN: A29874630927B
Date: 2025-04-08
Reference: KRA/MK/5183/6949

Pursuant to Section 47 of the Income Tax Act, you are hereby notified that following a review of your tax returns, the Commissioner of PAYE has assessed additional tax liability of KES 3,444,645.13 for the period ending 2026-03-13.

You are required to pay the assessed amount within thirty (30) days of this notice."
DOC-TAN-00100,Tax Assessment Notice,"KENYA REVENUE AUTHORITY
TAX ASSESSMENT NOTICE

To: Stanton-Taylor
PIN: A47036183998B
Date: 2026-02-12
Reference: KRA/uQ/9422/1337

Pursuant to Section 37 of the Tax Procedures Act, you are hereby notified that following a review of your tax returns, the Commissioner of Income Tax has assessed additional tax liability of KES 6,038,336.37 for the period ending 2025-11-25.

You are required to pay the assessed amount within thirty (30) days of this notice."
DOC-TAN-00101,Tax Assessment Notice,"KENYA REVENUE AUTHORITY
TAX ASSESSMENT NOTICE

To: Anthony-Jackson
PIN: A20668955671B
Date: 2025-10-16
Reference: KRA/eR/6796/9868

Pursuant to Section 31 of the Value Added Tax Act, you are hereby notified that following a review of your tax returns, the Commissioner of Excise Duty has assessed additional tax liability of KES 28,967,006.92 for the period ending 2026-03-17.

You are required to pay the assessed amount within thirty (30) days of this notice."
DOC-TAN-00102,Tax Assessment Notice,"KENYA REVENUE AUTHORITY
TAX ASSESSMENT NOTICE

To: Cannon, Gonzalez and Freeman
PIN: A16924154203B
Date: 2024-08-10
Reference: KRA/rO/4050/8381

Pursuant to Regulation 15 of the VAT Regulations 2017, you are hereby notified that following a review of your tax returns, the Commissioner of Excise Duty has assessed additional tax liability of KES 4,145,071.10 for the period ending 2025-10-18.

You are required to pay the assessed amount within thirty (30) days of this notice."
DOC-TAN-00103,Tax Assessment Notice,"KENYA REVENUE AUTHORITY
TAX ASSESSMENT NOTICE

To: Smith-Lawson
PIN: A10117364944B
Date: 2025-11-09
Reference: KRA/ls/1347/4846

Pursuant to Section 12 of the Tax Appeals Tribunal Act, you are hereby notified that following a review of your tax returns, the Commissioner of Customs Duty has assessed additional tax liability of KES 28,283,084.85 for the period ending 2025-07-11.

You are required to pay the assessed amount within thirty (30) days of this notice."
DOC-TAN-00104,Tax Assessment Notice,"KENYA REVENUE AUTHORITY
TAX ASSESSMENT NOTICE

To: Irwin, Wilson and Durham
PIN: A26135561310B
Date: 2024-09-30
Reference: KRA/ox/7102/8674

Pursuant to Regulation 15 of the VAT Regulations 2017, you are hereby notified that following a review of your tax returns, the Commissioner of Customs Duty has assessed additional tax liability of KES 10,252,747.01 for the period ending 2025-12-02.

You are required to pay the assessed amount within thirty (30) days of this notice."
DOC-TAN-00105,Tax Assessment Notice,"KENYA REVENUE AUTHORITY
TAX ASSESSMENT NOTICE

To: Buchanan LLC
PIN: A64275158731B
Date: 2025-05-03
Reference: KRA/ok/4705/8339

Pursuant to Section 58 of the East African Customs Management Act, you are hereby notified that following a review of your tax returns, the Commissioner of Income Tax has assessed additional tax liability of KES 11,972,363.33 for the period ending 2026-02-06.

You are required to pay the assessed amount within thirty (30) days of this notice."
DOC-TAN-00106,Tax Assessment Notice,"KENYA REVENUE AUTHORITY
TAX ASSESSMENT NOTICE

To: Foster, Johnson and Parker
PIN: A29814560731B
Date: 2025-05-13
Reference: KRA/pX/0492/7610

Pursuant to Section 12 of the Tax Appeals Tribunal Act, you are hereby notified that following a review of your tax returns, the Commissioner of PAYE has assessed additional tax liability of KES 33,600,926.64 for the period ending 2026-04-08.

You are required to pay the assessed amount within thirty (30) days of this notice."
DOC-TAN-00107,Tax Assessment Notice,"KENYA REVENUE AUTHORITY
TAX ASSESSMENT NOTICE

To: Holland, Romero and Watts
PIN: A27237613936B
Date: 2025-06-28
Reference: KRA/BB/3798/8621

Pursuant to Section 31 of the Value Added Tax Act, you are hereby notified that following a review of your tax returns, the Commissioner of VAT has assessed additional tax liability of KES 15,843,050.95 for the period ending 2025-12-13.

You are required to pay the assessed amount within thirty (30) days of this notice."
DOC-TAN-00108,Tax Assessment Notice,"KENYA REVENUE AUTHORITY
TAX ASSESSMENT NOTICE

To: Molina, Stone and Ramos
PIN: A58860265717B
Date: 2026-06-29
Reference: KRA/FJ/4205/2645

Pursuant to Section 37 of the Tax Procedures Act, you are hereby notified that following a review of your tax returns, the Commissioner of VAT has assessed additional tax liability of KES 22,941,361.85 for the period ending 2026-05-20.

You are required to pay the assessed amount within thirty (30) days of this notice."
DOC-TAN-00109,Tax Assessment Notice,"KENYA REVENUE AUTHORITY
TAX ASSESSMENT NOTICE

To: Gonzalez, Parker and Robles
PIN: A62314158939B
Date: 2025-12-07
Reference: KRA/vL/7143/3604

Pursuant to Section 47 of the Income Tax Act, you are hereby notified that following a review of your tax returns, the Commissioner of Excise Duty has assessed additional tax liability of KES 3,709,373.02 for the period ending 2025-10-07.

You are required to pay the assessed amount within thirty (30) days of this notice."
DOC-TAN-00110,Tax Assessment Notice,"KENYA REVENUE AUTHORITY
TAX ASSESSMENT NOTICE

To: Clark, Smith and Myers
PIN: A74615434573B
Date: 2026-03-28
Reference: KRA/fQ/9398/6061

Pursuant to Section 12 of the Tax Appeals Tribunal Act, you are hereby notified that following a review of your tax returns, the Commissioner of VAT has assessed additional tax liability of KES 13,296,760.72 for the period ending 2025-09-10.

You are required to pay the assessed amount within thirty (30) days of this notice."
DOC-TAN-00111,Tax Assessment Notice,"KENYA REVENUE AUTHORITY
TAX ASSESSMENT NOTICE

To: Wang, Hines and Johnston
PIN: A48381235482B
Date: 2026-06-17
Reference: KRA/ua/0256/8679

Pursuant to Section 12 of the Tax Appeals Tribunal Act, you are hereby notified that following a review of your tax returns, the Commissioner of Customs Duty has assessed additional tax liability of KES 43,969,548.61 for the period ending 2026-05-11.

You are required to pay the assessed amount within thirty (30) days of this notice."
DOC-TAN-00112,Tax Assessment Notice,"KENYA REVENUE AUTHORITY
TAX ASSESSMENT NOTICE

To: Horn Inc
PIN: A96431428987B
Date: 2026-02-11
Reference: KRA/RP/7333/2077

Pursuant to Section 37 of the Tax Procedures Act, you are hereby notified that following a review of your tax returns, the Commissioner of Withholding Tax has assessed additional tax liability of KES 7,929,454.28 for the period ending 2026-05-26.

You are required to pay the assessed amount within thirty (30) days of this notice."
DOC-TAN-00113,Tax Assessment Notice,"KENYA REVENUE AUTHORITY
TAX ASSESSMENT NOTICE

To: Shaw Ltd
PIN: A77723894519B
Date: 2025-05-08
Reference: KRA/uX/9443/4788

Pursuant to Regulation 15 of the VAT Regulations 2017, you are hereby notified that following a review of your tax returns, the Commissioner of Excise Duty has assessed additional tax liability of KES 15,160,731.29 for the period ending 2025-12-31.

You are required to pay the assessed amount within thirty (30) days of this notice."
DOC-TAN-00114,Tax Assessment Notice,"KENYA REVENUE AUTHORITY
TAX ASSESSMENT NOTICE

To: Oconnor Inc
PIN: A20003230874B
Date: 2025-08-01
Reference: KRA/Pc/2002/5569

Pursuant to Section 37 of the Tax Procedures Act, you are hereby notified that following a review of your tax returns, the Commissioner of Customs Duty has assessed additional tax liability of KES 440,764.20 for the period ending 2026-04-05.

You are required to pay the assessed amount within thirty (30) days of this notice."
DOC-TAN-00115,Tax Assessment Notice,"KENYA REVENUE AUTHORITY
TAX ASSESSMENT NOTICE

To: Rivera, Mendez and Lewis
PIN: A87738913435B
Date: 2025-10-07
Reference: KRA/TL/4576/8054

Pursuant to Section 31 of the Value Added Tax Act, you are hereby notified that following a review of your tax returns, the Commissioner of Income Tax has assessed additional tax liability of KES 46,591,214.17 for the period ending 2026-05-04.

You are required to pay the assessed amount within thirty (30) days of this notice."
DOC-TAN-00116,Tax Assessment Notice,"KENYA REVENUE AUTHORITY
TAX ASSESSMENT NOTICE

To: Fuentes-Davis
PIN: A99997390088B
Date: 2025-10-19
Reference: KRA/mb/3644/7694

Pursuant to Section 31 of the Value Added Tax Act, you are hereby notified that following a review of your tax returns, the Commissioner of Withholding Tax has assessed additional tax liability of KES 13,260,072.78 for the period ending 2025-09-26.

You are required to pay the assessed amount within thirty (30) days of this notice."
DOC-TAN-00117,Tax Assessment Notice,"KENYA REVENUE AUTHORITY
TAX ASSESSMENT NOTICE

To: Carlson PLC
PIN: A69249175859B
Date: 2026-05-11
Reference: KRA/Fj/8722/4066

Pursuant to Section 12 of the Tax Appeals Tribunal Act, you are hereby notified that following a review of your tax returns, the Commissioner of Customs Duty has assessed additional tax liability of KES 27,683,520.86 for the period ending 2025-08-12.

You are required to pay the assessed amount within thirty (30) days of this notice."
DOC-TAN-00118,Tax Assessment Notice,"KENYA REVENUE AUTHORITY
TAX ASSESSMENT NOTICE

To: Graves, Stewart and Jackson
PIN: A50922674331B
Date: 2024-11-04
Reference: KRA/Si/7499/2474

Pursuant to Regulation 15 of the VAT Regulations 2017, you are hereby notified that following a review of your tax returns, the Commissioner of Customs Duty has assessed additional tax liability of KES 30,261,249.86 for the period ending 2026-01-03.

You are required to pay the assessed amount within thirty (30) days of this notice."
DOC-TAN-00119,Tax Assessment Notice,"KENYA REVENUE AUTHORITY
TAX ASSESSMENT NOTICE

To: Hensley, Rhodes and Brown
PIN: A84126985652B
Date: 2025-07-29
Reference: KRA/zJ/8790/9518

Pursuant to Regulation 15 of the VAT Regulations 2017, you are hereby notified that following a review of your tax returns, the Commissioner of Customs Duty has assessed additional tax liability of KES 10,219,685.75 for the period ending 2026-05-10.

You are required to pay the assessed amount within thirty (30) days of this notice."
DOC-TAN-00120,Tax Assessment Notice,"KENYA REVENUE AUTHORITY
TAX ASSESSMENT NOTICE

To: Park Inc
PIN: A30456991078B
Date: 2024-10-14
Reference: KRA/nz/9472/8025

Pursuant to Section 12 of the Tax Appeals Tribunal Act, you are hereby notified that following a review of your tax returns, the Commissioner of VAT has assessed additional tax liability of KES 25,295,182.45 for the period ending 2026-06-04.

You are required to pay the assessed amount within thirty (30) days of this notice."
DOC-TAN-00121,Tax Assessment Notice,"KENYA REVENUE AUTHORITY
TAX ASSESSMENT NOTICE

To: Wright Group
PIN: A74011178666B
Date: 2024-12-15
Reference: KRA/pB/9794/2613

Pursuant to Section 58 of the East African Customs Management Act, you are hereby notified that following a review of your tax returns, the Commissioner of Customs Duty has assessed additional tax liability of KES 4,660,308.46 for the period ending 2026-05-09.

You are required to pay the assessed amount within thirty (30) days of this notice."
DOC-TAN-00122,Tax Assessment Notice,"KENYA REVENUE AUTHORITY
TAX ASSESSMENT NOTICE

To: Jimenez, White and Allison
PIN: A57868899091B
Date: 2024-07-12
Reference: KRA/be/0637/7172

Pursuant to Section 12 of the Tax Appeals Tribunal Act, you are hereby notified that following a review of your tax returns, the Commissioner of Income Tax has assessed additional tax liability of KES 2,252,133.75 for the period ending 2025-07-11.

You are required to pay the assessed amount within thirty (30) days of this notice."
DOC-TAN-00123,Tax Assessment Notice,"KENYA REVENUE AUTHORITY
TAX ASSESSMENT NOTICE

To: Harvey Inc
PIN: A73416937856B
Date: 2026-03-14
Reference: KRA/OE/5051/4642

Pursuant to Section 12 of the Tax Appeals Tribunal Act, you are hereby notified that following a review of your tax returns, the Commissioner of Income Tax has assessed additional tax liability of KES 31,873,813.20 for the period ending 2025-09-05.

You are required to pay the assessed amount within thirty (30) days of this notice."
DOC-TAN-00124,Tax Assessment Notice,"KENYA REVENUE AUTHORITY
TAX ASSESSMENT NOTICE

To: Williams-Adams
PIN: A68320201313B
Date: 2025-02-17
Reference: KRA/rq/1874/2401

Pursuant to Section 37 of the Tax Procedures Act, you are hereby notified that following a review of your tax returns, the Commissioner of Withholding Tax has assessed additional tax liability of KES 37,074,483.87 for the period ending 2026-01-19.

You are required to pay the assessed amount within thirty (30) days of this notice."
DOC-TAN-00125,Tax Assessment Notice,"KENYA REVENUE AUTHORITY
TAX ASSESSMENT NOTICE

To: Thompson-Charles
PIN: A65800973094B
Date: 2025-08-07
Reference: KRA/xc/9309/6065

Pursuant to Section 31 of the Value Added Tax Act, you are hereby notified that following a review of your tax returns, the Commissioner of VAT has assessed additional tax liability of KES 21,412,961.60 for the period ending 2025-11-26.

You are required to pay the assessed amount within thirty (30) days of this notice."
DOC-TAN-00126,Tax Assessment Notice,"KENYA REVENUE AUTHORITY
TAX ASSESSMENT NOTICE

To: Montoya and Sons
PIN: A33102601458B
Date: 2026-02-06
Reference: KRA/KW/7076/3467

Pursuant to Regulation 15 of the VAT Regulations 2017, you are hereby notified that following a review of your tax returns, the Commissioner of Income Tax has assessed additional tax liability of KES 3,808,430.81 for the period ending 2026-06-23.

You are required to pay the assessed amount within thirty (30) days of this notice."
DOC-TAN-00127,Tax Assessment Notice,"KENYA REVENUE AUTHORITY
TAX ASSESSMENT NOTICE

To: Armstrong, Carr and Walter
PIN: A60273244577B
Date: 2025-08-31
Reference: KRA/NP/6847/1415

Pursuant to Section 12 of the Tax Appeals Tribunal Act, you are hereby notified that following a review of your tax returns, the Commissioner of Excise Duty has assessed additional tax liability of KES 27,302,234.95 for the period ending 2025-10-13.

You are required to pay the assessed amount within thirty (30) days of this notice."
DOC-TAN-00128,Tax Assessment Notice,"KENYA REVENUE AUTHORITY
TAX ASSESSMENT NOTICE

To: Sherman-Obrien
PIN: A97028415287B
Date: 2024-11-02
Reference: KRA/oJ/0855/1821

Pursuant to Section 58 of the East African Customs Management Act, you are hereby notified that following a review of your tax returns, the Commissioner of Income Tax has assessed additional tax liability of KES 27,648,628.58 for the period ending 2025-09-09.

You are required to pay the assessed amount within thirty (30) days of this notice."
DOC-TAN-00129,Tax Assessment Notice,"KENYA REVENUE AUTHORITY
TAX ASSESSMENT NOTICE

To: Mills-Elliott
PIN: A34795355968B
Date: 2026-03-31
Reference: KRA/SA/1336/9138

Pursuant to Section 12 of the Tax Appeals Tribunal Act, you are hereby notified that following a review of your tax returns, the Commissioner of VAT has assessed additional tax liability of KES 2,139,351.47 for the period ending 2025-08-07.

You are required to pay the assessed amount within thirty (30) days of this notice."
DOC-TAN-00130,Tax Assessment Notice,"KENYA REVENUE AUTHORITY
TAX ASSESSMENT NOTICE

To: Thompson, West and Barnes
PIN: A74709108703B
Date: 2026-03-05
Reference: KRA/fJ/1692/1606

Pursuant to Section 47 of the Income Tax Act, you are hereby notified that following a review of your tax returns, the Commissioner of Withholding Tax has assessed additional tax liability of KES 44,951,285.59 for the period ending 2025-10-08.

You are required to pay the assessed amount within thirty (30) days of this notice."
DOC-TAN-00131,Tax Assessment Notice,"KENYA REVENUE AUTHORITY
TAX ASSESSMENT NOTICE

To: Butler Group
PIN: A32284415945B
Date: 2024-07-23
Reference: KRA/DU/7717/4083

Pursuant to Section 31 of the Value Added Tax Act, you are hereby notified that following a review of your tax returns, the Commissioner of Customs Duty has assessed additional tax liability of KES 12,514,010.47 for the period ending 2026-05-13.

You are required to pay the assessed amount within thirty (30) days of this notice."
DOC-TAN-00132,Tax Assessment Notice,"KENYA REVENUE AUTHORITY
TAX ASSESSMENT NOTICE

To: Wilson, Mcdowell and Meadows
PIN: A00303575660B
Date: 2025-01-17
Reference: KRA/gk/7632/7711

Pursuant to Section 58 of the East African Customs Management Act, you are hereby notified that following a review of your tax returns, the Commissioner of Excise Duty has assessed additional tax liability of KES 39,016,806.28 for the period ending 2025-07-19.

You are required to pay the assessed amount within thirty (30) days of this notice."
DOC-TAN-00133,Tax Assessment Notice,"KENYA REVENUE AUTHORITY
TAX ASSESSMENT NOTICE

To: Mosley-Parker
PIN: A33878632699B
Date: 2024-10-10
Reference: KRA/sE/3399/3567

Pursuant to Section 47 of the Income Tax Act, you are hereby notified that following a review of your tax returns, the Commissioner of Income Tax has assessed additional tax liability of KES 37,486,406.68 for the period ending 2026-05-31.

You are required to pay the assessed amount within thirty (30) days of this notice."
DOC-TAN-00134,Tax Assessment Notice,"KENYA REVENUE AUTHORITY
TAX ASSESSMENT NOTICE

To: Payne-Robinson
PIN: A15964510118B
Date: 2025-01-13
Reference: KRA/sS/0316/5117

Pursuant to Section 47 of the Income Tax Act, you are hereby notified that following a review of your tax returns, the Commissioner of PAYE has assessed additional tax liability of KES 48,811,491.34 for the period ending 2025-12-21.

You are required to pay the assessed amount within thirty (30) days of this notice."
DOC-TAN-00135,Tax Assessment Notice,"KENYA REVENUE AUTHORITY
TAX ASSESSMENT NOTICE

To: Crawford-Mejia
PIN: A85984804179B
Date: 2025-10-07
Reference: KRA/QE/4560/7539

Pursuant to Regulation 15 of the VAT Regulations 2017, you are hereby notified that following a review of your tax returns, the Commissioner of Customs Duty has assessed additional tax liability of KES 1,288,078.78 for the period ending 2025-11-16.

You are required to pay the assessed amount within thirty (30) days of this notice."
DOC-TAN-00136,Tax Assessment Notice,"KENYA REVENUE AUTHORITY
TAX ASSESSMENT NOTICE

To: Patterson, Heath and Fisher
PIN: A52507204054B
Date: 2025-01-19
Reference: KRA/uk/3730/8912

Pursuant to Section 58 of the East African Customs Management Act, you are hereby notified that following a review of your tax returns, the Commissioner of Withholding Tax has assessed additional tax liability of KES 39,130,205.48 for the period ending 2025-11-15.

You are required to pay the assessed amount within thirty (30) days of this notice."
DOC-TAN-00137,Tax Assessment Notice,"KENYA REVENUE AUTHORITY
TAX ASSESSMENT NOTICE

To: Warren, Chavez and Douglas
PIN: A32517792483B
Date: 2025-05-15
Reference: KRA/tx/4622/9493

Pursuant to Section 47 of the Income Tax Act, you are hereby notified that following a review of your tax returns, the Commissioner of Customs Duty has assessed additional tax liability of KES 43,209,998.22 for the period ending 2026-02-12.

You are required to pay the assessed amount within thirty (30) days of this notice."
DOC-TAN-00138,Tax Assessment Notice,"KENYA REVENUE AUTHORITY
TAX ASSESSMENT NOTICE

To: Salazar, Hansen and Gutierrez
PIN: A94810738078B
Date: 2024-08-04
Reference: KRA/IN/2875/2776

Pursuant to Regulation 15 of the VAT Regulations 2017, you are hereby notified that following a review of your tax returns, the Commissioner of VAT has assessed additional tax liability of KES 8,001,932.26 for the period ending 2026-01-11.

You are required to pay the assessed amount within thirty (30) days of this notice."
DOC-TAN-00139,Tax Assessment Notice,"KENYA REVENUE AUTHORITY
TAX ASSESSMENT NOTICE

To: Jackson and Sons
PIN: A37024330335B
Date: 2024-11-24
Reference: KRA/sy/2920/5967

Pursuant to Section 31 of the Value Added Tax Act, you are hereby notified that following a review of your tax returns, the Commissioner of PAYE has assessed additional tax liability of KES 19,157,959.04 for the period ending 2025-12-11.

You are required to pay the assessed amount within thirty (30) days of this notice."
DOC-TAN-00140,Tax Assessment Notice,"KENYA REVENUE AUTHORITY
TAX ASSESSMENT NOTICE

To: Bender-Whitehead
PIN: A15992837043B
Date: 2025-06-27
Reference: KRA/Te/4160/2328

Pursuant to Section 58 of the East African Customs Management Act, you are hereby notified that following a review of your tax returns, the Commissioner of Customs Duty has assessed additional tax liability of KES 11,160,564.19 for the period ending 2025-09-19.

You are required to pay the assessed amount within thirty (30) days of this notice."
DOC-TAN-00141,Tax Assessment Notice,"KENYA REVENUE AUTHORITY
TAX ASSESSMENT NOTICE

To: Russell-Cohen
PIN: A82813102205B
Date: 2026-06-17
Reference: KRA/Ms/4213/8788

Pursuant to Section 47 of the Income Tax Act, you are hereby notified that following a review of your tax returns, the Commissioner of Income Tax has assessed additional tax liability of KES 15,294,283.82 for the period ending 2026-01-20.

You are required to pay the assessed amount within thirty (30) days of this notice."
DOC-TAN-00142,Tax Assessment Notice,"KENYA REVENUE AUTHORITY
TAX ASSESSMENT NOTICE

To: Escobar and Sons
PIN: A33786125451B
Date: 2024-07-04
Reference: KRA/ic/4551/0651

Pursuant to Section 47 of the Income Tax Act, you are hereby notified that following a review of your tax returns, the Commissioner of PAYE has assessed additional tax liability of KES 1,232,038.51 for the period ending 2026-05-22.

You are required to pay the assessed amount within thirty (30) days of this notice."
DOC-TAN-00143,Tax Assessment Notice,"KENYA REVENUE AUTHORITY
TAX ASSESSMENT NOTICE

To: Vaughn-King
PIN: A52015061836B
Date: 2024-10-20
Reference: KRA/XX/0555/3300

Pursuant to Section 31 of the Value Added Tax Act, you are hereby notified that following a review of your tax returns, the Commissioner of Customs Duty has assessed additional tax liability of KES 16,446,684.46 for the period ending 2026-02-26.

You are required to pay the assessed amount within thirty (30) days of this notice."
DOC-TAN-00144,Tax Assessment Notice,"KENYA REVENUE AUTHORITY
TAX ASSESSMENT NOTICE

To: Nelson and Sons
PIN: A40458234634B
Date: 2025-02-19
Reference: KRA/pn/9737/4990

Pursuant to Section 37 of the Tax Procedures Act, you are hereby notified that following a review of your tax returns, the Commissioner of PAYE has assessed additional tax liability of KES 17,589,749.15 for the period ending 2025-11-17.

You are required to pay the assessed amount within thirty (30) days of this notice."
DOC-TAN-00145,Tax Assessment Notice,"KENYA REVENUE AUTHORITY
TAX ASSESSMENT NOTICE

To: Jordan, George and Martinez
PIN: A43745910169B
Date: 2024-10-08
Reference: KRA/FC/0128/5654

Pursuant to Section 37 of the Tax Procedures Act, you are hereby notified that following a review of your tax returns, the Commissioner of Customs Duty has assessed additional tax liability of KES 33,991,930.01 for the period ending 2025-10-25.

You are required to pay the assessed amount within thirty (30) days of this notice."
DOC-TAN-00146,Tax Assessment Notice,"KENYA REVENUE AUTHORITY
TAX ASSESSMENT NOTICE

To: Williams-Harris
PIN: A85856513885B
Date: 2024-12-12
Reference: KRA/Tj/7525/5359

Pursuant to Section 31 of the Value Added Tax Act, you are hereby notified that following a review of your tax returns, the Commissioner of Customs Duty has assessed additional tax liability of KES 46,964,895.16 for the period ending 2026-02-24.

You are required to pay the assessed amount within thirty (30) days of this notice."
DOC-TAN-00147,Tax Assessment Notice,"KENYA REVENUE AUTHORITY
TAX ASSESSMENT NOTICE

To: Ward Ltd
PIN: A24984963285B
Date: 2025-04-02
Reference: KRA/lz/0011/2490

Pursuant to Section 12 of the Tax Appeals Tribunal Act, you are hereby notified that following a review of your tax returns, the Commissioner of VAT has assessed additional tax liability of KES 8,969,462.42 for the period ending 2026-07-01.

You are required to pay the assessed amount within thirty (30) days of this notice."
DOC-TAN-00148,Tax Assessment Notice,"KENYA REVENUE AUTHORITY
TAX ASSESSMENT NOTICE

To: Morris, Campos and Gray
PIN: A94437365869B
Date: 2024-12-27
Reference: KRA/mE/2531/1860

Pursuant to Section 58 of the East African Customs Management Act, you are hereby notified that following a review of your tax returns, the Commissioner of Customs Duty has assessed additional tax liability of KES 5,464,707.23 for the period ending 2025-10-28.

You are required to pay the assessed amount within thirty (30) days of this notice."
DOC-TAN-00149,Tax Assessment Notice,"KENYA REVENUE AUTHORITY
TAX ASSESSMENT NOTICE

To: Jordan, Lopez and Clark
PIN: A53160179563B
Date: 2025-06-09
Reference: KRA/Xb/6110/6335

Pursuant to Section 12 of the Tax Appeals Tribunal Act, you are hereby notified that following a review of your tax returns, the Commissioner of PAYE has assessed additional tax liability of KES 36,440,825.78 for the period ending 2026-04-18.

You are required to pay the assessed amount within thirty (30) days of this notice."
DOC-TAN-00150,Tax Assessment Notice,"KENYA REVENUE AUTHORITY
TAX ASSESSMENT NOTICE

To: Mccormick-Clark
PIN: A65212662848B
Date: 2026-03-07
Reference: KRA/EH/6717/5959

Pursuant to Section 37 of the Tax Procedures Act, you are hereby notified that following a review of your tax returns, the Commissioner of VAT has assessed additional tax liability of KES 30,330,132.22 for the period ending 2026-03-29.

You are required to pay the assessed amount within thirty (30) days of this notice."
DOC-TAN-00151,Tax Assessment Notice,"KENYA REVENUE AUTHORITY
TAX ASSESSMENT NOTICE

To: Carter-Walsh
PIN: A77386995496B
Date: 2025-11-04
Reference: KRA/Zx/6060/0266

Pursuant to Section 37 of the Tax Procedures Act, you are hereby notified that following a review of your tax returns, the Commissioner of Income Tax has assessed additional tax liability of KES 19,290,511.90 for the period ending 2025-12-06.

You are required to pay the assessed amount within thirty (30) days of this notice."
DOC-TAN-00152,Tax Assessment Notice,"KENYA REVENUE AUTHORITY
TAX ASSESSMENT NOTICE

To: Pearson, Henry and Mckinney
PIN: A62483563701B
Date: 2026-03-20
Reference: KRA/un/8467/5644

Pursuant to Regulation 15 of the VAT Regulations 2017, you are hereby notified that following a review of your tax returns, the Commissioner of PAYE has assessed additional tax liability of KES 12,773,389.18 for the period ending 2026-06-14.

You are required to pay the assessed amount within thirty (30) days of this notice."
DOC-TAN-00153,Tax Assessment Notice,"KENYA REVENUE AUTHORITY
TAX ASSESSMENT NOTICE

To: Rodriguez Group
PIN: A30168757640B
Date: 2024-09-09
Reference: KRA/SH/9197/6680

Pursuant to Section 37 of the Tax Procedures Act, you are hereby notified that following a review of your tax returns, the Commissioner of Withholding Tax has assessed additional tax liability of KES 134,479.35 for the period ending 2026-04-08.

You are required to pay the assessed amount within thirty (30) days of this notice."
DOC-TAN-00154,Tax Assessment Notice,"KENYA REVENUE AUTHORITY
TAX ASSESSMENT NOTICE

To: Taylor Inc
PIN: A06290376225B
Date: 2025-04-10
Reference: KRA/AH/1347/6747

Pursuant to Regulation 15 of the VAT Regulations 2017, you are hereby notified that following a review of your tax returns, the Commissioner of Withholding Tax has assessed additional tax liability of KES 35,985,528.46 for the period ending 2025-10-05.

You are required to pay the assessed amount within thirty (30) days of this notice."
DOC-TAN-00155,Tax Assessment Notice,"KENYA REVENUE AUTHORITY
TAX ASSESSMENT NOTICE

To: Ochoa-Branch
PIN: A07959333083B
Date: 2026-05-27
Reference: KRA/BV/5857/7970

Pursuant to Section 12 of the Tax Appeals Tribunal Act, you are hereby notified that following a review of your tax returns, the Commissioner of PAYE has assessed additional tax liability of KES 33,547,893.80 for the period ending 2026-03-14.

You are required to pay the assessed amount within thirty (30) days of this notice."
DOC-TAN-00156,Tax Assessment Notice,"KENYA REVENUE AUTHORITY
TAX ASSESSMENT NOTICE

To: Rodriguez-Mills
PIN: A34846696171B
Date: 2026-06-06
Reference: KRA/nt/4799/9361

Pursuant to Regulation 15 of the VAT Regulations 2017, you are hereby notified that following a review of your tax returns, the Commissioner of Customs Duty has assessed additional tax liability of KES 3,545,191.87 for the period ending 2025-12-31.

You are required to pay the assessed amount within thirty (30) days of this notice."
DOC-TAN-00157,Tax Assessment Notice,"KENYA REVENUE AUTHORITY
TAX ASSESSMENT NOTICE

To: Anderson, Jones and Bradley
PIN: A78459414942B
Date: 2025-09-11
Reference: KRA/IN/1135/1587

Pursuant to Regulation 15 of the VAT Regulations 2017, you are hereby notified that following a review of your tax returns, the Commissioner of VAT has assessed additional tax liability of KES 31,176,612.73 for the period ending 2025-12-22.

You are required to pay the assessed amount within thirty (30) days of this notice."
DOC-TAN-00158,Tax Assessment Notice,"KENYA REVENUE AUTHORITY
TAX ASSESSMENT NOTICE

To: Ritter Inc
PIN: A23490100074B
Date: 2026-01-05
Reference: KRA/WD/5555/6236

Pursuant to Section 12 of the Tax Appeals Tribunal Act, you are hereby notified that following a review of your tax returns, the Commissioner of Excise Duty has assessed additional tax liability of KES 36,001,725.44 for the period ending 2026-02-21.

You are required to pay the assessed amount within thirty (30) days of this notice."
DOC-TAN-00159,Tax Assessment Notice,"KENYA REVENUE AUTHORITY
TAX ASSESSMENT NOTICE

To: Young-Spencer
PIN: A39351272279B
Date: 2026-02-02
Reference: KRA/Vo/4328/4634

Pursuant to Section 58 of the East African Customs Management Act, you are hereby notified that following a review of your tax returns, the Commissioner of Customs Duty has assessed additional tax liability of KES 15,498,768.88 for the period ending 2025-08-21.

You are required to pay the assessed amount within thirty (30) days of this notice."
DOC-TAN-00160,Tax Assessment Notice,"KENYA REVENUE AUTHORITY
TAX ASSESSMENT NOTICE

To: Jordan-Taylor
PIN: A95712506357B
Date: 2026-04-04
Reference: KRA/oW/3154/0940

Pursuant to Section 12 of the Tax Appeals Tribunal Act, you are hereby notified that following a review of your tax returns, the Commissioner of Excise Duty has assessed additional tax liability of KES 20,149,899.33 for the period ending 2025-09-10.

You are required to pay the assessed amount within thirty (30) days of this notice."
DOC-TAN-00161,Tax Assessment Notice,"KENYA REVENUE AUTHORITY
TAX ASSESSMENT NOTICE

To: Miller, Compton and Snyder
PIN: A14684294900B
Date: 2025-03-09
Reference: KRA/rZ/8799/2801

Pursuant to Section 58 of the East African Customs Management Act, you are hereby notified that following a review of your tax returns, the Commissioner of Withholding Tax has assessed additional tax liability of KES 6,408,025.56 for the period ending 2026-02-23.

You are required to pay the assessed amount within thirty (30) days of this notice."
DOC-TAN-00162,Tax Assessment Notice,"KENYA REVENUE AUTHORITY
TAX ASSESSMENT NOTICE

To: Lewis-Herman
PIN: A62846009903B
Date: 2026-06-28
Reference: KRA/wq/7020/7782

Pursuant to Regulation 15 of the VAT Regulations 2017, you are hereby notified that following a review of your tax returns, the Commissioner of Withholding Tax has assessed additional tax liability of KES 47,021,165.35 for the period ending 2025-09-26.

You are required to pay the assessed amount within thirty (30) days of this notice."
DOC-TAN-00163,Tax Assessment Notice,"KENYA REVENUE AUTHORITY
TAX ASSESSMENT NOTICE

To: Cox and Sons
PIN: A02281297337B
Date: 2025-08-24
Reference: KRA/tJ/8674/0771

Pursuant to Section 37 of the Tax Procedures Act, you are hereby notified that following a review of your tax returns, the Commissioner of Excise Duty has assessed additional tax liability of KES 45,145,137.01 for the period ending 2026-06-09.

You are required to pay the assessed amount within thirty (30) days of this notice."
DOC-TAN-00164,Tax Assessment Notice,"KENYA REVENUE AUTHORITY
TAX ASSESSMENT NOTICE

To: Young LLC
PIN: A23672843914B
Date: 2026-06-28
Reference: KRA/uA/6396/0302

Pursuant to Section 37 of the Tax Procedures Act, you are hereby notified that following a review of your tax returns, the Commissioner of VAT has assessed additional tax liability of KES 15,082,446.23 for the period ending 2025-07-05.

You are required to pay the assessed amount within thirty (30) days of this notice."
DOC-TAN-00165,Tax Assessment Notice,"KENYA REVENUE AUTHORITY
TAX ASSESSMENT NOTICE

To: Reid, Henderson and Russell
PIN: A85191953944B
Date: 2026-03-11
Reference: KRA/Nj/5826/1510

Pursuant to Section 47 of the Income Tax Act, you are hereby notified that following a review of your tax returns, the Commissioner of PAYE has assessed additional tax liability of KES 15,228,553.72 for the period ending 2026-03-11.

You are required to pay the assessed amount within thirty (30) days of this notice."
DOC-TAN-00166,Tax Assessment Notice,"KENYA REVENUE AUTHORITY
TAX ASSESSMENT NOTICE

To: Hernandez, Phillips and Hill
PIN: A32586465106B
Date: 2026-01-23
Reference: KRA/uf/7696/7647

Pursuant to Section 37 of the Tax Procedures Act, you are hereby notified that following a review of your tax returns, the Commissioner of Withholding Tax has assessed additional tax liability of KES 39,298,653.43 for the period ending 2026-05-21.

You are required to pay the assessed amount within thirty (30) days of this notice."
DOC-TAN-00167,Tax Assessment Notice,"KENYA REVENUE AUTHORITY
TAX ASSESSMENT NOTICE

To: Robles-Gates
PIN: A07307687684B
Date: 2024-11-27
Reference: KRA/pT/7439/1108

Pursuant to Section 58 of the East African Customs Management Act, you are hereby notified that following a review of your tax returns, the Commissioner of PAYE has assessed additional tax liability of KES 16,146,349.03 for the period ending 2025-10-28.

You are required to pay the assessed amount within thirty (30) days of this notice."
DOC-TAN-00168,Tax Assessment Notice,"KENYA REVENUE AUTHORITY
TAX ASSESSMENT NOTICE

To: Bennett, Anderson and Lopez
PIN: A53668577301B
Date: 2026-03-06
Reference: KRA/Ck/5393/4669

Pursuant to Section 37 of the Tax Procedures Act, you are hereby notified that following a review of your tax returns, the Commissioner of PAYE has assessed additional tax liability of KES 33,797,580.30 for the period ending 2026-03-26.

You are required to pay the assessed amount within thirty (30) days of this notice."
DOC-TAN-00169,Tax Assessment Notice,"KENYA REVENUE AUTHORITY
TAX ASSESSMENT NOTICE

To: Chavez Inc
PIN: A41175722262B
Date: 2025-05-15
Reference: KRA/Rv/1873/8296

Pursuant to Regulation 15 of the VAT Regulations 2017, you are hereby notified that following a review of your tax returns, the Commissioner of Income Tax has assessed additional tax liability of KES 39,697,083.19 for the period ending 2026-01-20.

You are required to pay the assessed amount within thirty (30) days of this notice."
DOC-TAN-00170,Tax Assessment Notice,"KENYA REVENUE AUTHORITY
TAX ASSESSMENT NOTICE

To: Parker-Wise
PIN: A32483667162B
Date: 2025-01-21
Reference: KRA/DJ/6629/1338

Pursuant to Section 12 of the Tax Appeals Tribunal Act, you are hereby notified that following a review of your tax returns, the Commissioner of Excise Duty has assessed additional tax liability of KES 32,959,594.71 for the period ending 2025-11-08.

You are required to pay the assessed amount within thirty (30) days of this notice."
DOC-TAN-00171,Tax Assessment Notice,"KENYA REVENUE AUTHORITY
TAX ASSESSMENT NOTICE

To: Watson, Jackson and Thomas
PIN: A96877191460B
Date: 2025-04-17
Reference: KRA/eO/2013/0520

Pursuant to Section 37 of the Tax Procedures Act, you are hereby notified that following a review of your tax returns, the Commissioner of Customs Duty has assessed additional tax liability of KES 33,209,499.12 for the period ending 2026-04-03.

You are required to pay the assessed amount within thirty (30) days of this notice."
DOC-TAN-00172,Tax Assessment Notice,"KENYA REVENUE AUTHORITY
TAX ASSESSMENT NOTICE

To: Reese, Cole and Lara
PIN: A77853163928B
Date: 2024-08-19
Reference: KRA/ZW/5377/1854

Pursuant to Section 47 of the Income Tax Act, you are hereby notified that following a review of your tax returns, the Commissioner of Withholding Tax has assessed additional tax liability of KES 4,714,690.64 for the period ending 2026-05-20.

You are required to pay the assessed amount within thirty (30) days of this notice."
DOC-TAN-00173,Tax Assessment Notice,"KENYA REVENUE AUTHORITY
TAX ASSESSMENT NOTICE

To: Patterson, Ford and Mcclain
PIN: A30782276541B
Date: 2025-03-19
Reference: KRA/ou/7298/0908

Pursuant to Section 47 of the Income Tax Act, you are hereby notified that following a review of your tax returns, the Commissioner of Income Tax has assessed additional tax liability of KES 15,555,452.24 for the period ending 2025-07-08.

You are required to pay the assessed amount within thirty (30) days of this notice."
DOC-TAN-00174,Tax Assessment Notice,"KENYA REVENUE AUTHORITY
TAX ASSESSMENT NOTICE

To: Strong LLC
PIN: A08968754109B
Date: 2025-01-13
Reference: KRA/tp/3281/0730

Pursuant to Section 47 of the Income Tax Act, you are hereby notified that following a review of your tax returns, the Commissioner of PAYE has assessed additional tax liability of KES 1,270,048.12 for the period ending 2025-07-27.

You are required to pay the assessed amount within thirty (30) days of this notice."
DOC-TAN-00175,Tax Assessment Notice,"KENYA REVENUE AUTHORITY
TAX ASSESSMENT NOTICE

To: Marsh Group
PIN: A22234084543B
Date: 2025-05-24
Reference: KRA/dO/1052/3748

Pursuant to Section 31 of the Value Added Tax Act, you are hereby notified that following a review of your tax returns, the Commissioner of PAYE has assessed additional tax liability of KES 30,583,134.95 for the period ending 2025-09-17.

You are required to pay the assessed amount within thirty (30) days of this notice."
DOC-TAN-00176,Tax Assessment Notice,"KENYA REVENUE AUTHORITY
TAX ASSESSMENT NOTICE

To: Thompson and Sons
PIN: A12907127616B
Date: 2024-12-28
Reference: KRA/KN/7744/9081

Pursuant to Regulation 15 of the VAT Regulations 2017, you are hereby notified that following a review of your tax returns, the Commissioner of Excise Duty has assessed additional tax liability of KES 20,751,328.50 for the period ending 2026-01-24.

You are required to pay the assessed amount within thirty (30) days of this notice."
DOC-TAN-00177,Tax Assessment Notice,"KENYA REVENUE AUTHORITY
TAX ASSESSMENT NOTICE

To: Hull-Hart
PIN: A87244913134B
Date: 2025-11-17
Reference: KRA/vw/1783/5694

Pursuant to Regulation 15 of the VAT Regulations 2017, you are hereby notified that following a review of your tax returns, the Commissioner of PAYE has assessed additional tax liability of KES 9,762,040.08 for the period ending 2026-03-21.

You are required to pay the assessed amount within thirty (30) days of this notice."
DOC-TAN-00178,Tax Assessment Notice,"KENYA REVENUE AUTHORITY
TAX ASSESSMENT NOTICE

To: Welch-Lynn
PIN: A55816317526B
Date: 2024-12-23
Reference: KRA/XU/9799/7621

Pursuant to Section 47 of the Income Tax Act, you are hereby notified that following a review of your tax returns, the Commissioner of Income Tax has assessed additional tax liability of KES 24,744,139.59 for the period ending 2026-01-09.

You are required to pay the assessed amount within thirty (30) days of this notice."
DOC-TAN-00179,Tax Assessment Notice,"KENYA REVENUE AUTHORITY
TAX ASSESSMENT NOTICE

To: Hale, Cooper and Roach
PIN: A65574535946B
Date: 2025-02-02
Reference: KRA/jC/0541/0149

Pursuant to Section 31 of the Value Added Tax Act, you are hereby notified that following a review of your tax returns, the Commissioner of VAT has assessed additional tax liability of KES 32,820,097.66 for the period ending 2026-04-19.

You are required to pay the assessed amount within thirty (30) days of this notice."
DOC-TAN-00180,Tax Assessment Notice,"KENYA REVENUE AUTHORITY
TAX ASSESSMENT NOTICE

To: Harris-Rich
PIN: A03584418900B
Date: 2025-09-25
Reference: KRA/Ix/8280/1480

Pursuant to Section 47 of the Income Tax Act, you are hereby notified that following a review of your tax returns, the Commissioner of Income Tax has assessed additional tax liability of KES 38,932,099.32 for the period ending 2026-04-16.

You are required to pay the assessed amount within thirty (30) days of this notice."
DOC-TAN-00181,Tax Assessment Notice,"KENYA REVENUE AUTHORITY
TAX ASSESSMENT NOTICE

To: Jackson-Harrison
PIN: A26191531896B
Date: 2024-08-07
Reference: KRA/kt/4440/9971

Pursuant to Regulation 15 of the VAT Regulations 2017, you are hereby notified that following a review of your tax returns, the Commissioner of Excise Duty has assessed additional tax liability of KES 40,215,287.32 for the period ending 2026-03-08.

You are required to pay the assessed amount within thirty (30) days of this notice."
DOC-TAN-00182,Tax Assessment Notice,"KENYA REVENUE AUTHORITY
TAX ASSESSMENT NOTICE

To: Smith, Vasquez and Avery
PIN: A68310144281B
Date: 2025-08-05
Reference: KRA/Zs/0016/8306

Pursuant to Section 37 of the Tax Procedures Act, you are hereby notified that following a review of your tax returns, the Commissioner of Income Tax has assessed additional tax liability of KES 23,254,266.73 for the period ending 2025-10-03.

You are required to pay the assessed amount within thirty (30) days of this notice."
DOC-TAN-00183,Tax Assessment Notice,"KENYA REVENUE AUTHORITY
TAX ASSESSMENT NOTICE

To: Daniel-Black
PIN: A89718273509B
Date: 2026-06-09
Reference: KRA/oL/5044/4950

Pursuant to Section 31 of the Value Added Tax Act, you are hereby notified that following a review of your tax returns, the Commissioner of PAYE has assessed additional tax liability of KES 45,877,627.22 for the period ending 2026-06-08.

You are required to pay the assessed amount within thirty (30) days of this notice."
DOC-TAN-00184,Tax Assessment Notice,"KENYA REVENUE AUTHORITY
TAX ASSESSMENT NOTICE

To: Villarreal-Reid
PIN: A03719459287B
Date: 2025-12-31
Reference: KRA/QB/8989/9910

Pursuant to Section 58 of the East African Customs Management Act, you are hereby notified that following a review of your tax returns, the Commissioner of Withholding Tax has assessed additional tax liability of KES 6,710,288.32 for the period ending 2025-08-30.

You are required to pay the assessed amount within thirty (30) days of this notice."
DOC-TAN-00185,Tax Assessment Notice,"KENYA REVENUE AUTHORITY
TAX ASSESSMENT NOTICE

To: Chapman, Thompson and Davis
PIN: A15935215096B
Date: 2024-11-11
Reference: KRA/dT/7948/3961

Pursuant to Section 37 of the Tax Procedures Act, you are hereby notified that following a review of your tax returns, the Commissioner of Excise Duty has assessed additional tax liability of KES 26,580,037.70 for the period ending 2025-07-24.

You are required to pay the assessed amount within thirty (30) days of this notice."
DOC-TAN-00186,Tax Assessment Notice,"KENYA REVENUE AUTHORITY
TAX ASSESSMENT NOTICE

To: Beasley Inc
PIN: A32231260056B
Date: 2026-01-30
Reference: KRA/Ly/2113/4253

Pursuant to Section 58 of the East African Customs Management Act, you are hereby notified that following a review of your tax returns, the Commissioner of Excise Duty has assessed additional tax liability of KES 15,899,032.98 for the period ending 2026-05-11.

You are required to pay the assessed amount within thirty (30) days of this notice."
DOC-TAN-00187,Tax Assessment Notice,"KENYA REVENUE AUTHORITY
TAX ASSESSMENT NOTICE

To: Mccarthy and Sons
PIN: A18037638494B
Date: 2025-09-12
Reference: KRA/Fg/9858/9883

Pursuant to Section 37 of the Tax Procedures Act, you are hereby notified that following a review of your tax returns, the Commissioner of PAYE has assessed additional tax liability of KES 40,759,575.04 for the period ending 2026-03-01.

You are required to pay the assessed amount within thirty (30) days of this notice."
DOC-TAN-00188,Tax Assessment Notice,"KENYA REVENUE AUTHORITY
TAX ASSESSMENT NOTICE

To: Howard-Gonzalez
PIN: A30262459510B
Date: 2025-04-15
Reference: KRA/Mo/3269/2529

Pursuant to Section 37 of the Tax Procedures Act, you are hereby notified that following a review of your tax returns, the Commissioner of PAYE has assessed additional tax liability of KES 41,536,930.03 for the period ending 2025-10-01.

You are required to pay the assessed amount within thirty (30) days of this notice."
DOC-TAN-00189,Tax Assessment Notice,"KENYA REVENUE AUTHORITY
TAX ASSESSMENT NOTICE

To: Ali and Sons
PIN: A47677040632B
Date: 2025-01-21
Reference: KRA/iL/5577/8383

Pursuant to Regulation 15 of the VAT Regulations 2017, you are hereby notified that following a review of your tax returns, the Commissioner of PAYE has assessed additional tax liability of KES 44,865,544.76 for the period ending 2026-01-04.

You are required to pay the assessed amount within thirty (30) days of this notice."
DOC-TAN-00190,Tax Assessment Notice,"KENYA REVENUE AUTHORITY
TAX ASSESSMENT NOTICE

To: Howard and Sons
PIN: A07943913327B
Date: 2026-01-18
Reference: KRA/ko/4059/5931

Pursuant to Section 47 of the Income Tax Act, you are hereby notified that following a review of your tax returns, the Commissioner of Withholding Tax has assessed additional tax liability of KES 22,530,984.37 for the period ending 2025-09-25.

You are required to pay the assessed amount within thirty (30) days of this notice."
DOC-TAN-00191,Tax Assessment Notice,"KENYA REVENUE AUTHORITY
TAX ASSESSMENT NOTICE

To: Martinez Group
PIN: A61226585812B
Date: 2026-03-22
Reference: KRA/AG/7630/9836

Pursuant to Section 37 of the Tax Procedures Act, you are hereby notified that following a review of your tax returns, the Commissioner of PAYE has assessed additional tax liability of KES 13,901,702.09 for the period ending 2025-07-09.

You are required to pay the assessed amount within thirty (30) days of this notice."
DOC-TAN-00192,Tax Assessment Notice,"KENYA REVENUE AUTHORITY
TAX ASSESSMENT NOTICE

To: Fisher, Jackson and Burton
PIN: A12780144854B
Date: 2024-12-30
Reference: KRA/IJ/8843/6958

Pursuant to Section 12 of the Tax Appeals Tribunal Act, you are hereby notified that following a review of your tax returns, the Commissioner of PAYE has assessed additional tax liability of KES 31,356,084.43 for the period ending 2025-11-17.

You are required to pay the assessed amount within thirty (30) days of this notice."
DOC-TAN-00193,Tax Assessment Notice,"KENYA REVENUE AUTHORITY
TAX ASSESSMENT NOTICE

To: Franklin Inc
PIN: A90771369779B
Date: 2026-03-26
Reference: KRA/ls/0386/1708

Pursuant to Section 12 of the Tax Appeals Tribunal Act, you are hereby notified that following a review of your tax returns, the Commissioner of Income Tax has assessed additional tax liability of KES 3,920,293.53 for the period ending 2025-11-22.

You are required to pay the assessed amount within thirty (30) days of this notice."
DOC-TAN-00194,Tax Assessment Notice,"KENYA REVENUE AUTHORITY
TAX ASSESSMENT NOTICE

To: Boyer-Ward
PIN: A53837024127B
Date: 2025-05-31
Reference: KRA/hp/1483/6958

Pursuant to Section 12 of the Tax Appeals Tribunal Act, you are hereby notified that following a review of your tax returns, the Commissioner of Excise Duty has assessed additional tax liability of KES 13,622,169.60 for the period ending 2026-04-13.

You are required to pay the assessed amount within thirty (30) days of this notice."
DOC-TAN-00195,Tax Assessment Notice,"KENYA REVENUE AUTHORITY
TAX ASSESSMENT NOTICE

To: Jefferson, Parsons and Sawyer
PIN: A13135317888B
Date: 2026-05-23
Reference: KRA/Iz/3055/3424

Pursuant to Section 47 of the Income Tax Act, you are hereby notified that following a review of your tax returns, the Commissioner of Income Tax has assessed additional tax liability of KES 4,074,854.00 for the period ending 2025-07-19.

You are required to pay the assessed amount within thirty (30) days of this notice."
DOC-TAN-00196,Tax Assessment Notice,"KENYA REVENUE AUTHORITY
TAX ASSESSMENT NOTICE

To: Lopez-Pena
PIN: A39128635225B
Date: 2026-06-14
Reference: KRA/pc/8743/0817

Pursuant to Section 47 of the Income Tax Act, you are hereby notified that following a review of your tax returns, the Commissioner of Withholding Tax has assessed additional tax liability of KES 19,182,612.86 for the period ending 2026-04-03.

You are required to pay the assessed amount within thirty (30) days of this notice."
DOC-TAN-00197,Tax Assessment Notice,"KENYA REVENUE AUTHORITY
TAX ASSESSMENT NOTICE

To: Chavez PLC
PIN: A77810286760B
Date: 2025-05-30
Reference: KRA/ff/3744/7269

Pursuant to Section 58 of the East African Customs Management Act, you are hereby notified that following a review of your tax returns, the Commissioner of PAYE has assessed additional tax liability of KES 10,736,946.21 for the period ending 2026-03-16.

You are required to pay the assessed amount within thirty (30) days of this notice."
DOC-TAN-00198,Tax Assessment Notice,"KENYA REVENUE AUTHORITY
TAX ASSESSMENT NOTICE

To: Mcneil-Allen
PIN: A15919171206B
Date: 2025-11-17
Reference: KRA/aK/3556/8490

Pursuant to Section 58 of the East African Customs Management Act, you are hereby notified that following a review of your tax returns, the Commissioner of PAYE has assessed additional tax liability of KES 16,577,525.48 for the period ending 2026-06-24.

You are required to pay the assessed amount within thirty (30) days of this notice."
DOC-TAN-00199,Tax Assessment Notice,"KENYA REVENUE AUTHORITY
TAX ASSESSMENT NOTICE

To: Robinson Inc
PIN: A64011890079B
Date: 2025-05-27
Reference: KRA/xQ/1502/8590

Pursuant to Section 58 of the East African Customs Management Act, you are hereby notified that following a review of your tax returns, the Commissioner of PAYE has assessed additional tax liability of KES 3,160,172.24 for the period ending 2026-03-13.

You are required to pay the assessed amount within thirty (30) days of this notice."
DOC-TAN-00200,Tax Assessment Notice,"KENYA REVENUE AUTHORITY
TAX ASSESSMENT NOTICE

To: Chavez, Ramirez and Wilson
PIN: A72564071251B
Date: 2025-03-06
Reference: KRA/nF/8802/5410

Pursuant to Section 37 of the Tax Procedures Act, you are hereby notified that following a review of your tax returns, the Commissioner of Withholding Tax has assessed additional tax liability of KES 45,246,681.99 for the period ending 2025-07-30.

You are required to pay the assessed amount within thirty (30) days of this notice."
DOC-TAN-00201,Tax Assessment Notice,"KENYA REVENUE AUTHORITY
TAX ASSESSMENT NOTICE

To: Thompson-Forbes
PIN: A05391889923B
Date: 2025-12-04
Reference: KRA/ac/6603/2156

Pursuant to Section 37 of the Tax Procedures Act, you are hereby notified that following a review of your tax returns, the Commissioner of PAYE has assessed additional tax liability of KES 1,025,621.24 for the period ending 2025-11-06.

You are required to pay the assessed amount within thirty (30) days of this notice."
DOC-TAN-00202,Tax Assessment Notice,"KENYA REVENUE AUTHORITY
TAX ASSESSMENT NOTICE

To: Mcneil-Johnson
PIN: A51351826361B
Date: 2025-11-10
Reference: KRA/mR/6325/6477

Pursuant to Section 12 of the Tax Appeals Tribunal Act, you are hereby notified that following a review of your tax returns, the Commissioner of Customs Duty has assessed additional tax liability of KES 23,875,137.64 for the period ending 2026-04-30.

You are required to pay the assessed amount within thirty (30) days of this notice."
DOC-TAN-00203,Tax Assessment Notice,"KENYA REVENUE AUTHORITY
TAX ASSESSMENT NOTICE

To: Murillo-Rice
PIN: A09884492195B
Date: 2025-12-06
Reference: KRA/VM/2099/0933

Pursuant to Section 58 of the East African Customs Management Act, you are hereby notified that following a review of your tax returns, the Commissioner of Excise Duty has assessed additional tax liability of KES 37,686,082.50 for the period ending 2026-03-13.

You are required to pay the assessed amount within thirty (30) days of this notice."
DOC-TAN-00204,Tax Assessment Notice,"KENYA REVENUE AUTHORITY
TAX ASSESSMENT NOTICE

To: Sullivan, Villarreal and Williams
PIN: A24344724327B
Date: 2026-04-15
Reference: KRA/HM/2693/6134

Pursuant to Section 37 of the Tax Procedures Act, you are hereby notified that following a review of your tax returns, the Commissioner of Excise Duty has assessed additional tax liability of KES 37,388,407.67 for the period ending 2025-12-06.

You are required to pay the assessed amount within thirty (30) days of this notice."
DOC-TAN-00205,Tax Assessment Notice,"KENYA REVENUE AUTHORITY
TAX ASSESSMENT NOTICE

To: Palmer-Kelly
PIN: A01975814301B
Date: 2026-06-13
Reference: KRA/MT/2811/7417

Pursuant to Section 58 of the East African Customs Management Act, you are hereby notified that following a review of your tax returns, the Commissioner of Income Tax has assessed additional tax liability of KES 44,895,676.80 for the period ending 2026-05-07.

You are required to pay the assessed amount within thirty (30) days of this notice."
DOC-TAN-00206,Tax Assessment Notice,"KENYA REVENUE AUTHORITY
TAX ASSESSMENT NOTICE

To: Walker-Wilson
PIN: A84112504412B
Date: 2024-07-25
Reference: KRA/eT/6829/1425

Pursuant to Section 58 of the East African Customs Management Act, you are hereby notified that following a review of your tax returns, the Commissioner of VAT has assessed additional tax liability of KES 13,683,118.82 for the period ending 2026-03-24.

You are required to pay the assessed amount within thirty (30) days of this notice."
DOC-TAN-00207,Tax Assessment Notice,"KENYA REVENUE AUTHORITY
TAX ASSESSMENT NOTICE

To: Mcclain, Frye and Hernandez
PIN: A28541830480B
Date: 2026-05-01
Reference: KRA/nC/3222/2866

Pursuant to Regulation 15 of the VAT Regulations 2017, you are hereby notified that following a review of your tax returns, the Commissioner of Withholding Tax has assessed additional tax liability of KES 19,473,417.30 for the period ending 2025-11-24.

You are required to pay the assessed amount within thirty (30) days of this notice."
DOC-TAN-00208,Tax Assessment Notice,"KENYA REVENUE AUTHORITY
TAX ASSESSMENT NOTICE

To: Cook-Garcia
PIN: A07524751111B
Date: 2025-02-22
Reference: KRA/Bq/1309/9995

Pursuant to Regulation 15 of the VAT Regulations 2017, you are hereby notified that following a review of your tax returns, the Commissioner of Income Tax has assessed additional tax liability of KES 39,917,209.10 for the period ending 2025-07-28.

You are required to pay the assessed amount within thirty (30) days of this notice."
DOC-TAN-00209,Tax Assessment Notice,"KENYA REVENUE AUTHORITY
TAX ASSESSMENT NOTICE

To: Wright-Bowman
PIN: A33007345031B
Date: 2024-11-18
Reference: KRA/ML/9966/0320

Pursuant to Section 47 of the Income Tax Act, you are hereby notified that following a review of your tax returns, the Commissioner of Excise Duty has assessed additional tax liability of KES 42,033,257.87 for the period ending 2025-11-02.

You are required to pay the assessed amount within thirty (30) days of this notice."
DOC-TAN-00210,Tax Assessment Notice,"KENYA REVENUE AUTHORITY
TAX ASSESSMENT NOTICE

To: Thomas, Moran and Campbell
PIN: A10931162935B
Date: 2025-08-19
Reference: KRA/Qn/3184/7328

Pursuant to Section 58 of the East African Customs Management Act, you are hereby notified that following a review of your tax returns, the Commissioner of Excise Duty has assessed additional tax liability of KES 26,729,475.30 for the period ending 2025-09-10.

You are required to pay the assessed amount within thirty (30) days of this notice."
DOC-TAN-00211,Tax Assessment Notice,"KENYA REVENUE AUTHORITY
TAX ASSESSMENT NOTICE

To: Perez Group
PIN: A46899941985B
Date: 2025-09-24
Reference: KRA/eQ/6077/8070

Pursuant to Section 31 of the Value Added Tax Act, you are hereby notified that following a review of your tax returns, the Commissioner of VAT has assessed additional tax liability of KES 28,241,379.55 for the period ending 2025-11-27.

You are required to pay the assessed amount within thirty (30) days of this notice."
DOC-TAN-00212,Tax Assessment Notice,"KENYA REVENUE AUTHORITY
TAX ASSESSMENT NOTICE

To: Sampson, Leonard and Faulkner
PIN: A28621627479B
Date: 2026-03-28
Reference: KRA/Ji/8672/2756

Pursuant to Section 47 of the Income Tax Act, you are hereby notified that following a review of your tax returns, the Commissioner of PAYE has assessed additional tax liability of KES 32,155,344.92 for the period ending 2026-04-28.

You are required to pay the assessed amount within thirty (30) days of this notice."
DOC-TAN-00213,Tax Assessment Notice,"KENYA REVENUE AUTHORITY
TAX ASSESSMENT NOTICE

To: Erickson LLC
PIN: A27133316919B
Date: 2026-05-10
Reference: KRA/Gz/3080/4516

Pursuant to Section 12 of the Tax Appeals Tribunal Act, you are hereby notified that following a review of your tax returns, the Commissioner of PAYE has assessed additional tax liability of KES 9,127,364.87 for the period ending 2025-12-27.

You are required to pay the assessed amount within thirty (30) days of this notice."
DOC-TAN-00214,Tax Assessment Notice,"KENYA REVENUE AUTHORITY
TAX ASSESSMENT NOTICE

To: Johnson-Wilson
PIN: A58588642813B
Date: 2025-09-12
Reference: KRA/Zc/5700/4914

Pursuant to Section 58 of the East African Customs Management Act, you are hereby notified that following a review of your tax returns, the Commissioner of Customs Duty has assessed additional tax liability of KES 16,401,265.71 for the period ending 2025-09-12.

You are required to pay the assessed amount within thirty (30) days of this notice."
DOC-TAN-00215,Tax Assessment Notice,"KENYA REVENUE AUTHORITY
TAX ASSESSMENT NOTICE

To: Galloway LLC
PIN: A28061675488B
Date: 2025-07-16
Reference: KRA/WU/0540/6089

Pursuant to Section 58 of the East African Customs Management Act, you are hereby notified that following a review of your tax returns, the Commissioner of Customs Duty has assessed additional tax liability of KES 16,908,152.38 for the period ending 2026-03-27.

You are required to pay the assessed amount within thirty (30) days of this notice."
DOC-TAN-00216,Tax Assessment Notice,"KENYA REVENUE AUTHORITY
TAX ASSESSMENT NOTICE

To: Lopez LLC
PIN: A64171652531B
Date: 2025-01-26
Reference: KRA/Ga/7312/1524

Pursuant to Section 58 of the East African Customs Management Act, you are hereby notified that following a review of your tax returns, the Commissioner of Customs Duty has assessed additional tax liability of KES 37,612,890.69 for the period ending 2025-07-16.

You are required to pay the assessed amount within thirty (30) days of this notice."
DOC-TAN-00217,Tax Assessment Notice,"KENYA REVENUE AUTHORITY
TAX ASSESSMENT NOTICE

To: Martin Ltd
PIN: A48498567932B
Date: 2026-05-19
Reference: KRA/hc/8363/3026

Pursuant to Section 58 of the East African Customs Management Act, you are hereby notified that following a review of your tax returns, the Commissioner of VAT has assessed additional tax liability of KES 41,753,800.20 for the period ending 2026-02-20.

You are required to pay the assessed amount within thirty (30) days of this notice."
DOC-TAN-00218,Tax Assessment Notice,"KENYA REVENUE AUTHORITY
TAX ASSESSMENT NOTICE

To: Owens, Luna and Brown
PIN: A18236865298B
Date: 2025-11-18
Reference: KRA/Mn/1308/7311

Pursuant to Section 31 of the Value Added Tax Act, you are hereby notified that following a review of your tax returns, the Commissioner of Customs Duty has assessed additional tax liability of KES 37,463,761.84 for the period ending 2025-11-25.

You are required to pay the assessed amount within thirty (30) days of this notice."
DOC-TAN-00219,Tax Assessment Notice,"KENYA REVENUE AUTHORITY
TAX ASSESSMENT NOTICE

To: Sanders, King and Watson
PIN: A59698382265B
Date: 2026-01-17
Reference: KRA/eC/6462/6599

Pursuant to Section 31 of the Value Added Tax Act, you are hereby notified that following a review of your tax returns, the Commissioner of Withholding Tax has assessed additional tax liability of KES 11,249,897.18 for the period ending 2025-12-02.

You are required to pay the assessed amount within thirty (30) days of this notice."
DOC-TAN-00220,Tax Assessment Notice,"KENYA REVENUE AUTHORITY
TAX ASSESSMENT NOTICE

To: Cox Group
PIN: A93349358071B
Date: 2026-01-31
Reference: KRA/lV/4452/0639

Pursuant to Section 31 of the Value Added Tax Act, you are hereby notified that following a review of your tax returns, the Commissioner of Income Tax has assessed additional tax liability of KES 2,060,893.97 for the period ending 2025-07-14.

You are required to pay the assessed amount within thirty (30) days of this notice."
DOC-TAN-00221,Tax Assessment Notice,"KENYA REVENUE AUTHORITY
TAX ASSESSMENT NOTICE

To: Weaver PLC
PIN: A44644529749B
Date: 2025-06-03
Reference: KRA/bI/9564/3275

Pursuant to Section 31 of the Value Added Tax Act, you are hereby notified that following a review of your tax returns, the Commissioner of Excise Duty has assessed additional tax liability of KES 10,008,066.08 for the period ending 2025-07-28.

You are required to pay the assessed amount within thirty (30) days of this notice."
DOC-TAN-00222,Tax Assessment Notice,"KENYA REVENUE AUTHORITY
TAX ASSESSMENT NOTICE

To: Dunn-Sharp
PIN: A66097406408B
Date: 2025-05-18
Reference: KRA/eI/2900/3771

Pursuant to Section 47 of the Income Tax Act, you are hereby notified that following a review of your tax returns, the Commissioner of PAYE has assessed additional tax liability of KES 7,661,498.17 for the period ending 2025-07-05.

You are required to pay the assessed amount within thirty (30) days of this notice."
DOC-TAN-00223,Tax Assessment Notice,"KENYA REVENUE AUTHORITY
TAX ASSESSMENT NOTICE

To: Bell, Johnson and Hunt
PIN: A11413864091B
Date: 2025-05-03
Reference: KRA/Jw/4815/0266

Pursuant to Section 37 of the Tax Procedures Act, you are hereby notified that following a review of your tax returns, the Commissioner of Income Tax has assessed additional tax liability of KES 33,489,469.29 for the period ending 2026-06-03.

You are required to pay the assessed amount within thirty (30) days of this notice."
DOC-TAN-00224,Tax Assessment Notice,"KENYA REVENUE AUTHORITY
TAX ASSESSMENT NOTICE

To: Kemp LLC
PIN: A13172223275B
Date: 2026-04-26
Reference: KRA/DP/9936/8165

Pursuant to Section 12 of the Tax Appeals Tribunal Act, you are hereby notified that following a review of your tax returns, the Commissioner of Customs Duty has assessed additional tax liability of KES 23,278,447.47 for the period ending 2025-08-08.

You are required to pay the assessed amount within thirty (30) days of this notice."
DOC-TAN-00225,Tax Assessment Notice,"KENYA REVENUE AUTHORITY
TAX ASSESSMENT NOTICE

To: Chang-Townsend
PIN: A88412056018B
Date: 2025-01-25
Reference: KRA/Yv/6005/8356

Pursuant to Section 37 of the Tax Procedures Act, you are hereby notified that following a review of your tax returns, the Commissioner of Withholding Tax has assessed additional tax liability of KES 8,431,067.71 for the period ending 2026-01-08.

You are required to pay the assessed amount within thirty (30) days of this notice."
DOC-TAN-00226,Tax Assessment Notice,"KENYA REVENUE AUTHORITY
TAX ASSESSMENT NOTICE

To: Diaz-Baker
PIN: A80878358819B
Date: 2025-03-17
Reference: KRA/jz/2882/1848

Pursuant to Section 47 of the Income Tax Act, you are hereby notified that following a review of your tax returns, the Commissioner of Customs Duty has assessed additional tax liability of KES 35,931,943.57 for the period ending 2026-04-19.

You are required to pay the assessed amount within thirty (30) days of this notice."
DOC-TAN-00227,Tax Assessment Notice,"KENYA REVENUE AUTHORITY
TAX ASSESSMENT NOTICE

To: Hall, Salinas and Parker
PIN: A61003191429B
Date: 2025-01-11
Reference: KRA/ej/6774/2525

Pursuant to Section 31 of the Value Added Tax Act, you are hereby notified that following a review of your tax returns, the Commissioner of Customs Duty has assessed additional tax liability of KES 5,449,532.55 for the period ending 2026-01-19.

You are required to pay the assessed amount within thirty (30) days of this notice."
DOC-TAN-00228,Tax Assessment Notice,"KENYA REVENUE AUTHORITY
TAX ASSESSMENT NOTICE

To: Jennings Ltd
PIN: A06956207543B
Date: 2025-06-02
Reference: KRA/Ez/6938/3012

Pursuant to Section 58 of the East African Customs Management Act, you are hereby notified that following a review of your tax returns, the Commissioner of PAYE has assessed additional tax liability of KES 28,811,046.58 for the period ending 2025-07-13.

You are required to pay the assessed amount within thirty (30) days of this notice."
DOC-TAN-00229,Tax Assessment Notice,"KENYA REVENUE AUTHORITY
TAX ASSESSMENT NOTICE

To: Clark-Frey
PIN: A67199194336B
Date: 2024-12-04
Reference: KRA/EK/6439/4063

Pursuant to Section 47 of the Income Tax Act, you are hereby notified that following a review of your tax returns, the Commissioner of VAT has assessed additional tax liability of KES 47,076,456.40 for the period ending 2025-08-12.

You are required to pay the assessed amount within thirty (30) days of this notice."
DOC-TAN-00230,Tax Assessment Notice,"KENYA REVENUE AUTHORITY
TAX ASSESSMENT NOTICE

To: Scott PLC
PIN: A00850558545B
Date: 2025-07-10
Reference: KRA/KK/9103/3453

Pursuant to Regulation 15 of the VAT Regulations 2017, you are hereby notified that following a review of your tax returns, the Commissioner of Income Tax has assessed additional tax liability of KES 29,625,288.17 for the period ending 2025-10-25.

You are required to pay the assessed amount within thirty (30) days of this notice."
DOC-TAN-00231,Tax Assessment Notice,"KENYA REVENUE AUTHORITY
TAX ASSESSMENT NOTICE

To: Bright-Oneal
PIN: A32492310405B
Date: 2025-11-01
Reference: KRA/du/1818/9381

Pursuant to Section 12 of the Tax Appeals Tribunal Act, you are hereby notified that following a review of your tax returns, the Commissioner of Withholding Tax has assessed additional tax liability of KES 5,139,970.21 for the period ending 2025-08-27.

You are required to pay the assessed amount within thirty (30) days of this notice."
DOC-TAN-00232,Tax Assessment Notice,"KENYA REVENUE AUTHORITY
TAX ASSESSMENT NOTICE

To: Rodriguez, Ross and Francis
PIN: A95656384009B
Date: 2024-12-20
Reference: KRA/aR/3426/5255

Pursuant to Section 31 of the Value Added Tax Act, you are hereby notified that following a review of your tax returns, the Commissioner of Excise Duty has assessed additional tax liability of KES 30,040,560.16 for the period ending 2026-05-24.

You are required to pay the assessed amount within thirty (30) days of this notice."
DOC-TAN-00233,Tax Assessment Notice,"KENYA REVENUE AUTHORITY
TAX ASSESSMENT NOTICE

To: Butler LLC
PIN: A74430991214B
Date: 2025-10-26
Reference: KRA/sk/1889/5312

Pursuant to Section 12 of the Tax Appeals Tribunal Act, you are hereby notified that following a review of your tax returns, the Commissioner of Excise Duty has assessed additional tax liability of KES 39,142,635.55 for the period ending 2025-12-13.

You are required to pay the assessed amount within thirty (30) days of this notice."
DOC-TAN-00234,Tax Assessment Notice,"KENYA REVENUE AUTHORITY
TAX ASSESSMENT NOTICE

To: Anderson PLC
PIN: A53899060562B
Date: 2026-06-17
Reference: KRA/KT/9990/6469

Pursuant to Section 12 of the Tax Appeals Tribunal Act, you are hereby notified that following a review of your tax returns, the Commissioner of VAT has assessed additional tax liability of KES 21,447,481.76 for the period ending 2025-08-31.

You are required to pay the assessed amount within thirty (30) days of this notice."
DOC-TAN-00235,Tax Assessment Notice,"KENYA REVENUE AUTHORITY
TAX ASSESSMENT NOTICE

To: Harris-Cruz
PIN: A80367378152B
Date: 2024-11-09
Reference: KRA/VE/8804/2160

Pursuant to Section 12 of the Tax Appeals Tribunal Act, you are hereby notified that following a review of your tax returns, the Commissioner of VAT has assessed additional tax liability of KES 25,322,741.44 for the period ending 2025-12-25.

You are required to pay the assessed amount within thirty (30) days of this notice."
DOC-TAN-00236,Tax Assessment Notice,"KENYA REVENUE AUTHORITY
TAX ASSESSMENT NOTICE

To: Cooper Ltd
PIN: A21993529642B
Date: 2024-10-01
Reference: KRA/em/3434/6185

Pursuant to Section 58 of the East African Customs Management Act, you are hereby notified that following a review of your tax returns, the Commissioner of VAT has assessed additional tax liability of KES 42,486,302.57 for the period ending 2025-07-20.

You are required to pay the assessed amount within thirty (30) days of this notice."
DOC-TAN-00237,Tax Assessment Notice,"KENYA REVENUE AUTHORITY
TAX ASSESSMENT NOTICE

To: Pennington Ltd
PIN: A19390386899B
Date: 2025-11-18
Reference: KRA/qs/5871/6152

Pursuant to Section 12 of the Tax Appeals Tribunal Act, you are hereby notified that following a review of your tax returns, the Commissioner of Withholding Tax has assessed additional tax liability of KES 21,704,493.90 for the period ending 2026-04-18.

You are required to pay the assessed amount within thirty (30) days of this notice."
DOC-TAN-00238,Tax Assessment Notice,"KENYA REVENUE AUTHORITY
TAX ASSESSMENT NOTICE

To: Woods and Sons
PIN: A61439665462B
Date: 2025-11-19
Reference: KRA/dE/1843/4797

Pursuant to Section 58 of the East African Customs Management Act, you are hereby notified that following a review of your tax returns, the Commissioner of Withholding Tax has assessed additional tax liability of KES 44,584,171.99 for the period ending 2026-03-05.

You are required to pay the assessed amount within thirty (30) days of this notice."
DOC-TAN-00239,Tax Assessment Notice,"KENYA REVENUE AUTHORITY
TAX ASSESSMENT NOTICE

To: Dunn, Boone and Paul
PIN: A39532731442B
Date: 2025-01-07
Reference: KRA/Wp/0773/6177

Pursuant to Section 47 of the Income Tax Act, you are hereby notified that following a review of your tax returns, the Commissioner of Withholding Tax has assessed additional tax liability of KES 7,691,907.90 for the period ending 2025-10-12.

You are required to pay the assessed amount within thirty (30) days of this notice."
DOC-TAN-00240,Tax Assessment Notice,"KENYA REVENUE AUTHORITY
TAX ASSESSMENT NOTICE

To: Ramirez LLC
PIN: A61289521926B
Date: 2024-07-20
Reference: KRA/XX/8932/1250

Pursuant to Regulation 15 of the VAT Regulations 2017, you are hereby notified that following a review of your tax returns, the Commissioner of Customs Duty has assessed additional tax liability of KES 26,111,250.01 for the period ending 2026-06-28.

You are required to pay the assessed amount within thirty (30) days of this notice."
DOC-TAN-00241,Tax Assessment Notice,"KENYA REVENUE AUTHORITY
TAX ASSESSMENT NOTICE

To: King Ltd
PIN: A20127217061B
Date: 2025-11-16
Reference: KRA/Mq/0625/9018

Pursuant to Section 37 of the Tax Procedures Act, you are hereby notified that following a review of your tax returns, the Commissioner of PAYE has assessed additional tax liability of KES 30,814,822.08 for the period ending 2026-05-18.

You are required to pay the assessed amount within thirty (30) days of this notice."
DOC-TAN-00242,Tax Assessment Notice,"KENYA REVENUE AUTHORITY
TAX ASSESSMENT NOTICE

To: Jackson, Brown and Franklin
PIN: A09904459956B
Date: 2025-01-20
Reference: KRA/ud/5821/1129

Pursuant to Regulation 15 of the VAT Regulations 2017, you are hereby notified that following a review of your tax returns, the Commissioner of Excise Duty has assessed additional tax liability of KES 23,270,444.89 for the period ending 2025-08-31.

You are required to pay the assessed amount within thirty (30) days of this notice."
DOC-TAN-00243,Tax Assessment Notice,"KENYA REVENUE AUTHORITY
TAX ASSESSMENT NOTICE

To: Cherry-Smith
PIN: A05444010146B
Date: 2026-02-19
Reference: KRA/zt/3803/1961

Pursuant to Section 47 of the Income Tax Act, you are hereby notified that following a review of your tax returns, the Commissioner of VAT has assessed additional tax liability of KES 13,456,357.13 for the period ending 2026-04-14.

You are required to pay the assessed amount within thirty (30) days of this notice."
DOC-TAN-00244,Tax Assessment Notice,"KENYA REVENUE AUTHORITY
TAX ASSESSMENT NOTICE

To: Salazar, Wolfe and Spencer
PIN: A91654412794B
Date: 2025-10-03
Reference: KRA/GD/5910/1495

Pursuant to Section 58 of the East African Customs Management Act, you are hereby notified that following a review of your tax returns, the Commissioner of Income Tax has assessed additional tax liability of KES 13,982,466.05 for the period ending 2025-11-12.

You are required to pay the assessed amount within thirty (30) days of this notice."
DOC-TAN-00245,Tax Assessment Notice,"KENYA REVENUE AUTHORITY
TAX ASSESSMENT NOTICE

To: Dean-Stark
PIN: A01686353419B
Date: 2025-05-14
Reference: KRA/gG/0009/3923

Pursuant to Section 37 of the Tax Procedures Act, you are hereby notified that following a review of your tax returns, the Commissioner of Excise Duty has assessed additional tax liability of KES 37,536,290.28 for the period ending 2026-01-10.

You are required to pay the assessed amount within thirty (30) days of this notice."
DOC-TAN-00246,Tax Assessment Notice,"KENYA REVENUE AUTHORITY
TAX ASSESSMENT NOTICE

To: Moore-Goodman
PIN: A81443730266B
Date: 2024-09-16
Reference: KRA/im/7449/0501

Pursuant to Section 12 of the Tax Appeals Tribunal Act, you are hereby notified that following a review of your tax returns, the Commissioner of VAT has assessed additional tax liability of KES 33,426,014.10 for the period ending 2026-01-20.

You are required to pay the assessed amount within thirty (30) days of this notice."
DOC-TAN-00247,Tax Assessment Notice,"KENYA REVENUE AUTHORITY
TAX ASSESSMENT NOTICE

To: Marshall LLC
PIN: A70945142378B
Date: 2025-07-18
Reference: KRA/Xf/6949/1726

Pursuant to Section 12 of the Tax Appeals Tribunal Act, you are hereby notified that following a review of your tax returns, the Commissioner of Income Tax has assessed additional tax liability of KES 24,740,609.86 for the period ending 2025-08-04.

You are required to pay the assessed amount within thirty (30) days of this notice."
DOC-TAN-00248,Tax Assessment Notice,"KENYA REVENUE AUTHORITY
TAX ASSESSMENT NOTICE

To: Swanson, Larson and Wilson
PIN: A63209760385B
Date: 2025-06-28
Reference: KRA/xk/2213/3970

Pursuant to Section 12 of the Tax Appeals Tribunal Act, you are hereby notified that following a review of your tax returns, the Commissioner of Customs Duty has assessed additional tax liability of KES 24,403,119.12 for the period ending 2025-08-03.

You are required to pay the assessed amount within thirty (30) days of this notice."
DOC-TAN-00249,Tax Assessment Notice,"KENYA REVENUE AUTHORITY
TAX ASSESSMENT NOTICE

To: Fletcher and Sons
PIN: A20163341623B
Date: 2024-08-26
Reference: KRA/BK/6410/1405

Pursuant to Section 37 of the Tax Procedures Act, you are hereby notified that following a review of your tax returns, the Commissioner of Withholding Tax has assessed additional tax liability of KES 17,049,925.22 for the period ending 2026-06-16.

You are required to pay the assessed amount within thirty (30) days of this notice."
DOC-OBJ-00000,Objection Letter,"THE COMMISSIONER
Kenya Revenue Authority
Kisumu Regional Office

Date: 2025-10-17
Reference: OBJ/3883/96

RE: NOTICE OF OBJECTION — VAT ASSESSMENT

I, Stephen Patterson, on behalf of Fletcher, Clark and Pierce (PIN: A18407954829B), hereby formally object to the assessment of KES 44,011,361.90 on the following grounds:

1. The assessment is contrary to Section 37 of the Tax Procedures Act.
2. The Commissioner failed to consider supporting documentation submitted.
3. The assessed amount is excessive and not supported by the evidence on record.

We respectfully request a review and withdrawal of the said assessment."
DOC-OBJ-00001,Objection Letter,"THE COMMISSIONER
Kenya Revenue Authority
Times Tower, Nairobi

Date: 2026-03-09
Reference: OBJ/9348/49

RE: NOTICE OF OBJECTION — INCOME TAX ASSESSMENT

I, Matthew Garcia, on behalf of Rogers, Henry and Cortez (PIN: A07340751058B), hereby formally object to the assessment of KES 47,405,725.76 on the following grounds:

1. The assessment is contrary to Regulation 15 of the VAT Regulations 2017.
2. The Commissioner failed to consider supporting documentation submitted.
3. The assessed amount is excessive and not supported by the evidence on record.

We respectfully request a review and withdrawal of the said assessment."
DOC-OBJ-00002,Objection Letter,"THE COMMISSIONER
Kenya Revenue Authority
Kisumu Regional Office

Date: 2025-08-04
Reference: OBJ/7051/16

RE: NOTICE OF OBJECTION — INCOME TAX ASSESSMENT

I, Sheila Thompson, on behalf of Smith, George and Jensen (PIN: A45376230640B), hereby formally object to the assessment of KES 20,351,084.83 on the following grounds:

1. The assessment is contrary to Regulation 15 of the VAT Regulations 2017.
2. The Commissioner failed to consider supporting documentation submitted.
3. The assessed amount is excessive and not supported by the evidence on record.

We respectfully request a review and withdrawal of the said assessment."
DOC-OBJ-00003,Objection Letter,"THE COMMISSIONER
Kenya Revenue Authority
Kisumu Regional Office

Date: 2026-03-10
Reference: OBJ/5867/63

RE: NOTICE OF OBJECTION — PAYE ASSESSMENT

I, Rebecca Greene, on behalf of Miller, Avery and Jones (PIN: A95227748674B), hereby formally object to the assessment of KES 23,830,850.88 on the following grounds:

1. The assessment is contrary to Section 58 of the East African Customs Management Act.
2. The Commissioner failed to consider supporting documentation submitted.
3. The assessed amount is excessive and not supported by the evidence on record.

We respectfully request a review and withdrawal of the said assessment."
DOC-OBJ-00004,Objection Letter,"THE COMMISSIONER
Kenya Revenue Authority
Times Tower, Nairobi

Date: 2025-11-26
Reference: OBJ/3348/26

RE: NOTICE OF OBJECTION — CUSTOMS DUTY ASSESSMENT

I, David Campos, on behalf of Smith, Garza and Gonzalez (PIN: A26291549859B), hereby formally object to the assessment of KES 39,656,996.76 on the following grounds:

1. The assessment is contrary to Section 47 of the Income Tax Act.
2. The Commissioner failed to consider supporting documentation submitted.
3. The assessed amount is excessive and not supported by the evidence on record.

We respectfully request a review and withdrawal of the said assessment."
DOC-OBJ-00005,Objection Letter,"THE COMMISSIONER
Kenya Revenue Authority
Times Tower, Nairobi

Date: 2026-04-25
Reference: OBJ/6727/22

RE: NOTICE OF OBJECTION — CUSTOMS DUTY ASSESSMENT

I, Alicia Carter, on behalf of Smith-Livingston (PIN: A59929253733B), hereby formally object to the assessment of KES 20,249,836.38 on the following grounds:

1. The assessment is contrary to Regulation 15 of the VAT Regulations 2017.
2. The Commissioner failed to consider supporting documentation submitted.
3. The assessed amount is excessive and not supported by the evidence on record.

We respectfully request a review and withdrawal of the said assessment."
DOC-OBJ-00006,Objection Letter,"THE COMMISSIONER
Kenya Revenue Authority
Mombasa Regional Office

Date: 2026-02-14
Reference: OBJ/3635/64

RE: NOTICE OF OBJECTION — EXCISE DUTY ASSESSMENT

I, Lisa Hill, on behalf of Johnson, Hampton and Horn (PIN: A59559523733B), hereby formally object to the assessment of KES 29,098,701.49 on the following grounds:

1. The assessment is contrary to Section 37 of the Tax Procedures Act.
2. The Commissioner failed to consider supporting documentation submitted.
3. The assessed amount is excessive and not supported by the evidence on record.

We respectfully request a review and withdrawal of the said assessment."
DOC-OBJ-00007,Objection Letter,"THE COMMISSIONER
Kenya Revenue Authority
Kisumu Regional Office

Date: 2025-11-22
Reference: OBJ/6018/16

RE: NOTICE OF OBJECTION — EXCISE DUTY ASSESSMENT

I, Alexandria Harris, on behalf of Young Inc (PIN: A36318442567B), hereby formally object to the assessment of KES 17,220,681.84 on the following grounds:

1. The assessment is contrary to Section 12 of the Tax Appeals Tribunal Act.
2. The Commissioner failed to consider supporting documentation submitted.
3. The assessed amount is excessive and not supported by the evidence on record.

We respectfully request a review and withdrawal of the said assessment."
DOC-OBJ-00008,Objection Letter,"THE COMMISSIONER
Kenya Revenue Authority
Mombasa Regional Office

Date: 2026-02-07
Reference: OBJ/0189/19

RE: NOTICE OF OBJECTION — CUSTOMS DUTY ASSESSMENT

I, Kevin Miller, on behalf of Smith, Herrera and Simpson (PIN: A28947551370B), hereby formally object to the assessment of KES 17,622,935.85 on the following grounds:

1. The assessment is contrary to Section 12 of the Tax Appeals Tribunal Act.
2. The Commissioner failed to consider supporting documentation submitted.
3. The assessed amount is excessive and not supported by the evidence on record.

We respectfully request a review and withdrawal of the said assessment."
DOC-OBJ-00009,Objection Letter,"THE COMMISSIONER
Kenya Revenue Authority
Times Tower, Nairobi

Date: 2025-11-17
Reference: OBJ/3751/32

RE: NOTICE OF OBJECTION — WITHHOLDING TAX ASSESSMENT

I, Sarah Turner, on behalf of Garcia-Acevedo (PIN: A18494040283B), hereby formally object to the assessment of KES 12,607,613.63 on the following grounds:

1. The assessment is contrary to Section 47 of the Income Tax Act.
2. The Commissioner failed to consider supporting documentation submitted.
3. The assessed amount is excessive and not supported by the evidence on record.

We respectfully request a review and withdrawal of the said assessment."
DOC-OBJ-00010,Objection Letter,"THE COMMISSIONER
Kenya Revenue Authority
Kisumu Regional Office

Date: 2025-09-27
Reference: OBJ/3327/06

RE: NOTICE OF OBJECTION — EXCISE DUTY ASSESSMENT

I, Michael Martin, on behalf of Mcdonald-Taylor (PIN: A12771938748B), hereby formally object to the assessment of KES 15,811,619.80 on the following grounds:

1. The assessment is contrary to Regulation 15 of the VAT Regulations 2017.
2. The Commissioner failed to consider supporting documentation submitted.
3. The assessed amount is excessive and not supported by the evidence on record.

We respectfully request a review and withdrawal of the said assessment."
DOC-OBJ-00011,Objection Letter,"THE COMMISSIONER
Kenya Revenue Authority
Times Tower, Nairobi

Date: 2026-06-20
Reference: OBJ/8121/92

RE: NOTICE OF OBJECTION — WITHHOLDING TAX ASSESSMENT

I, Victor Haas, on behalf of Jimenez, Kaiser and Mitchell (PIN: A48283820593B), hereby formally object to the assessment of KES 9,298,234.63 on the following grounds:

1. The assessment is contrary to Section 58 of the East African Customs Management Act.
2. The Commissioner failed to consider supporting documentation submitted.
3. The assessed amount is excessive and not supported by the evidence on record.

We respectfully request a review and withdrawal of the said assessment."
DOC-OBJ-00012,Objection Letter,"THE COMMISSIONER
Kenya Revenue Authority
Kisumu Regional Office

Date: 2025-10-15
Reference: OBJ/7098/02

RE: NOTICE OF OBJECTION — EXCISE DUTY ASSESSMENT

I, Gabrielle Griffin, on behalf of Graham, Wagner and Palmer (PIN: A81995610779B), hereby formally object to the assessment of KES 13,861,156.37 on the following grounds:

1. The assessment is contrary to Section 37 of the Tax Procedures Act.
2. The Commissioner failed to consider supporting documentation submitted.
3. The assessed amount is excessive and not supported by the evidence on record.

We respectfully request a review and withdrawal of the said assessment."
DOC-OBJ-00013,Objection Letter,"THE COMMISSIONER
Kenya Revenue Authority
Times Tower, Nairobi

Date: 2025-10-02
Reference: OBJ/9786/62

RE: NOTICE OF OBJECTION — INCOME TAX ASSESSMENT

I, Mandy Holland, on behalf of Rivera, Bennett and Anderson (PIN: A95623116174B), hereby formally object to the assessment of KES 14,185,785.23 on the following grounds:

1. The assessment is contrary to Section 12 of the Tax Appeals Tribunal Act.
2. The Commissioner failed to consider supporting documentation submitted.
3. The assessed amount is excessive and not supported by the evidence on record.

We respectfully request a review and withdrawal of the said assessment."
DOC-OBJ-00014,Objection Letter,"THE COMMISSIONER
Kenya Revenue Authority
Times Tower, Nairobi

Date: 2025-07-22
Reference: OBJ/9580/11

RE: NOTICE OF OBJECTION — CUSTOMS DUTY ASSESSMENT

I, Brittany Jones, on behalf of Wagner-Johnson (PIN: A43163712936B), hereby formally object to the assessment of KES 11,412,784.02 on the following grounds:

1. The assessment is contrary to Section 31 of the Value Added Tax Act.
2. The Commissioner failed to consider supporting documentation submitted.
3. The assessed amount is excessive and not supported by the evidence on record.

We respectfully request a review and withdrawal of the said assessment."
DOC-OBJ-00015,Objection Letter,"THE COMMISSIONER
Kenya Revenue Authority
Times Tower, Nairobi

Date: 2026-05-03
Reference: OBJ/6942/48

RE: NOTICE OF OBJECTION — CUSTOMS DUTY ASSESSMENT

I, Matthew Jones, on behalf of Roberts, Smith and Walsh (PIN: A71796253262B), hereby formally object to the assessment of KES 35,415,523.36 on the following grounds:

1. The assessment is contrary to Section 31 of the Value Added Tax Act.
2. The Commissioner failed to consider supporting documentation submitted.
3. The assessed amount is excessive and not supported by the evidence on record.

We respectfully request a review and withdrawal of the said assessment."
DOC-OBJ-00016,Objection Letter,"THE COMMISSIONER
Kenya Revenue Authority
Kisumu Regional Office

Date: 2026-04-24
Reference: OBJ/5838/49

RE: NOTICE OF OBJECTION — CUSTOMS DUTY ASSESSMENT

I, Katherine Savage, on behalf of Jensen-White (PIN: A22327793985B), hereby formally object to the assessment of KES 48,716,031.81 on the following grounds:

1. The assessment is contrary to Regulation 15 of the VAT Regulations 2017.
2. The Commissioner failed to consider supporting documentation submitted.
3. The assessed amount is excessive and not supported by the evidence on record.

We respectfully request a review and withdrawal of the said assessment."
DOC-OBJ-00017,Objection Letter,"THE COMMISSIONER
Kenya Revenue Authority
Kisumu Regional Office

Date: 2026-03-18
Reference: OBJ/1352/50

RE: NOTICE OF OBJECTION — PAYE ASSESSMENT

I, Ashley Mitchell, on behalf of Robinson and Sons (PIN: A49585340703B), hereby formally object to the assessment of KES 47,207,276.26 on the following grounds:

1. The assessment is contrary to Section 31 of the Value Added Tax Act.
2. The Commissioner failed to consider supporting documentation submitted.
3. The assessed amount is excessive and not supported by the evidence on record.

We respectfully request a review and withdrawal of the said assessment."
DOC-OBJ-00018,Objection Letter,"THE COMMISSIONER
Kenya Revenue Authority
Kisumu Regional Office

Date: 2026-04-15
Reference: OBJ/5109/42

RE: NOTICE OF OBJECTION — CUSTOMS DUTY ASSESSMENT

I, Luis Garcia, on behalf of Nelson, Cruz and Spencer (PIN: A64465948399B), hereby formally object to the assessment of KES 43,642,350.76 on the following grounds:

1. The assessment is contrary to Section 58 of the East African Customs Management Act.
2. The Commissioner failed to consider supporting documentation submitted.
3. The assessed amount is excessive and not supported by the evidence on record.

We respectfully request a review and withdrawal of the said assessment."
DOC-OBJ-00019,Objection Letter,"THE COMMISSIONER
Kenya Revenue Authority
Mombasa Regional Office

Date: 2025-11-29
Reference: OBJ/8298/25

RE: NOTICE OF OBJECTION — INCOME TAX ASSESSMENT

I, Jessica Simmons, on behalf of Davis, Dean and Hebert (PIN: A70359603366B), hereby formally object to the assessment of KES 23,961,774.72 on the following grounds:

1. The assessment is contrary to Section 31 of the Value Added Tax Act.
2. The Commissioner failed to consider supporting documentation submitted.
3. The assessed amount is excessive and not supported by the evidence on record.

We respectfully request a review and withdrawal of the said assessment."
DOC-OBJ-00020,Objection Letter,"THE COMMISSIONER
Kenya Revenue Authority
Mombasa Regional Office

Date: 2025-12-07
Reference: OBJ/5153/04

RE: NOTICE OF OBJECTION — VAT ASSESSMENT

I, Heather Esparza, on behalf of Rubio Inc (PIN: A79158987906B), hereby formally object to the assessment of KES 12,661,295.61 on the following grounds:

1. The assessment is contrary to Section 31 of the Value Added Tax Act.
2. The Commissioner failed to consider supporting documentation submitted.
3. The assessed amount is excessive and not supported by the evidence on record.

We respectfully request a review and withdrawal of the said assessment."
DOC-OBJ-00021,Objection Letter,"THE COMMISSIONER
Kenya Revenue Authority
Times Tower, Nairobi

Date: 2025-09-17
Reference: OBJ/9826/41

RE: NOTICE OF OBJECTION — EXCISE DUTY ASSESSMENT

I, Samuel Williams, on behalf of Peck, Fritz and Rogers (PIN: A92860449456B), hereby formally object to the assessment of KES 20,065,336.74 on the following grounds:

1. The assessment is contrary to Regulation 15 of the VAT Regulations 2017.
2. The Commissioner failed to consider supporting documentation submitted.
3. The assessed amount is excessive and not supported by the evidence on record.

We respectfully request a review and withdrawal of the said assessment."
DOC-OBJ-00022,Objection Letter,"THE COMMISSIONER
Kenya Revenue Authority
Times Tower, Nairobi

Date: 2025-12-28
Reference: OBJ/8478/56

RE: NOTICE OF OBJECTION — INCOME TAX ASSESSMENT

I, Stephen Valdez, on behalf of Stone-Brown (PIN: A85654828366B), hereby formally object to the assessment of KES 34,338,228.36 on the following grounds:

1. The assessment is contrary to Section 37 of the Tax Procedures Act.
2. The Commissioner failed to consider supporting documentation submitted.
3. The assessed amount is excessive and not supported by the evidence on record.

We respectfully request a review and withdrawal of the said assessment."
DOC-OBJ-00023,Objection Letter,"THE COMMISSIONER
Kenya Revenue Authority
Times Tower, Nairobi

Date: 2025-09-22
Reference: OBJ/7214/72

RE: NOTICE OF OBJECTION — INCOME TAX ASSESSMENT

I, William Padilla, on behalf of Green Group (PIN: A52008194244B), hereby formally object to the assessment of KES 47,458,825.84 on the following grounds:

1. The assessment is contrary to Section 31 of the Value Added Tax Act.
2. The Commissioner failed to consider supporting documentation submitted.
3. The assessed amount is excessive and not supported by the evidence on record.

We respectfully request a review and withdrawal of the said assessment."
DOC-OBJ-00024,Objection Letter,"THE COMMISSIONER
Kenya Revenue Authority
Mombasa Regional Office

Date: 2026-06-30
Reference: OBJ/8505/02

RE: NOTICE OF OBJECTION — EXCISE DUTY ASSESSMENT

I, Rhonda Cantu, on behalf of Coleman Ltd (PIN: A42938980721B), hereby formally object to the assessment of KES 27,925,748.08 on the following grounds:

1. The assessment is contrary to Section 37 of the Tax Procedures Act.
2. The Commissioner failed to consider supporting documentation submitted.
3. The assessed amount is excessive and not supported by the evidence on record.

We respectfully request a review and withdrawal of the said assessment."
DOC-OBJ-00025,Objection Letter,"THE COMMISSIONER
Kenya Revenue Authority
Times Tower, Nairobi

Date: 2025-07-20
Reference: OBJ/1205/33

RE: NOTICE OF OBJECTION — EXCISE DUTY ASSESSMENT

I, Kristen Mcintyre, on behalf of Garza Inc (PIN: A84923295662B), hereby formally object to the assessment of KES 39,547,504.45 on the following grounds:

1. The assessment is contrary to Section 58 of the East African Customs Management Act.
2. The Commissioner failed to consider supporting documentation submitted.
3. The assessed amount is excessive and not supported by the evidence on record.

We respectfully request a review and withdrawal of the said assessment."
DOC-OBJ-00026,Objection Letter,"THE COMMISSIONER
Kenya Revenue Authority
Mombasa Regional Office

Date: 2026-02-12
Reference: OBJ/6105/60

RE: NOTICE OF OBJECTION — CUSTOMS DUTY ASSESSMENT

I, Peter Chavez, on behalf of Jackson, Weber and Phillips (PIN: A53052007859B), hereby formally object to the assessment of KES 22,553,197.52 on the following grounds:

1. The assessment is contrary to Section 37 of the Tax Procedures Act.
2. The Commissioner failed to consider supporting documentation submitted.
3. The assessed amount is excessive and not supported by the evidence on record.

We respectfully request a review and withdrawal of the said assessment."
DOC-OBJ-00027,Objection Letter,"THE COMMISSIONER
Kenya Revenue Authority
Mombasa Regional Office

Date: 2025-07-18
Reference: OBJ/2075/52

RE: NOTICE OF OBJECTION — EXCISE DUTY ASSESSMENT

I, Abigail Reid, on behalf of Miller Inc (PIN: A32789497799B), hereby formally object to the assessment of KES 49,502,061.46 on the following grounds:

1. The assessment is contrary to Section 37 of the Tax Procedures Act.
2. The Commissioner failed to consider supporting documentation submitted.
3. The assessed amount is excessive and not supported by the evidence on record.

We respectfully request a review and withdrawal of the said assessment."
DOC-OBJ-00028,Objection Letter,"THE COMMISSIONER
Kenya Revenue Authority
Kisumu Regional Office

Date: 2026-03-16
Reference: OBJ/7057/86

RE: NOTICE OF OBJECTION — VAT ASSESSMENT

I, Sandra Copeland, on behalf of Hatfield PLC (PIN: A29355740479B), hereby formally object to the assessment of KES 3,058,503.70 on the following grounds:

1. The assessment is contrary to Section 47 of the Income Tax Act.
2. The Commissioner failed to consider supporting documentation submitted.
3. The assessed amount is excessive and not supported by the evidence on record.

We respectfully request a review and withdrawal of the said assessment."
DOC-OBJ-00029,Objection Letter,"THE COMMISSIONER
Kenya Revenue Authority
Mombasa Regional Office

Date: 2025-07-12
Reference: OBJ/1971/54

RE: NOTICE OF OBJECTION — WITHHOLDING TAX ASSESSMENT

I, Rebecca Richard, on behalf of Smith, Johnson and Wilson (PIN: A12040851514B), hereby formally object to the assessment of KES 31,294,475.77 on the following grounds:

1. The assessment is contrary to Section 31 of the Value Added Tax Act.
2. The Commissioner failed to consider supporting documentation submitted.
3. The assessed amount is excessive and not supported by the evidence on record.

We respectfully request a review and withdrawal of the said assessment."
DOC-OBJ-00030,Objection Letter,"THE COMMISSIONER
Kenya Revenue Authority
Times Tower, Nairobi

Date: 2026-06-11
Reference: OBJ/3534/99

RE: NOTICE OF OBJECTION — EXCISE DUTY ASSESSMENT

I, John Kelly, on behalf of Camacho Ltd (PIN: A51157097062B), hereby formally object to the assessment of KES 7,895,001.81 on the following grounds:

1. The assessment is contrary to Section 31 of the Value Added Tax Act.
2. The Commissioner failed to consider supporting documentation submitted.
3. The assessed amount is excessive and not supported by the evidence on record.

We respectfully request a review and withdrawal of the said assessment."
DOC-OBJ-00031,Objection Letter,"THE COMMISSIONER
Kenya Revenue Authority
Mombasa Regional Office

Date: 2026-01-16
Reference: OBJ/2262/41

RE: NOTICE OF OBJECTION — PAYE ASSESSMENT

I, Paula Jenkins, on behalf of Baker, Johnson and Johnson (PIN: A31007034266B), hereby formally object to the assessment of KES 7,868,804.14 on the following grounds:

1. The assessment is contrary to Regulation 15 of the VAT Regulations 2017.
2. The Commissioner failed to consider supporting documentation submitted.
3. The assessed amount is excessive and not supported by the evidence on record.

We respectfully request a review and withdrawal of the said assessment."
DOC-OBJ-00032,Objection Letter,"THE COMMISSIONER
Kenya Revenue Authority
Mombasa Regional Office

Date: 2025-11-09
Reference: OBJ/7848/62

RE: NOTICE OF OBJECTION — VAT ASSESSMENT

I, Allison Rangel, on behalf of Harris-Davis (PIN: A86275654693B), hereby formally object to the assessment of KES 29,710,869.20 on the following grounds:

1. The assessment is contrary to Section 47 of the Income Tax Act.
2. The Commissioner failed to consider supporting documentation submitted.
3. The assessed amount is excessive and not supported by the evidence on record.

We respectfully request a review and withdrawal of the said assessment."
DOC-OBJ-00033,Objection Letter,"THE COMMISSIONER
Kenya Revenue Authority
Mombasa Regional Office

Date: 2025-09-13
Reference: OBJ/1572/87

RE: NOTICE OF OBJECTION — WITHHOLDING TAX ASSESSMENT

I, Benjamin Lucero, on behalf of West Ltd (PIN: A51123443204B), hereby formally object to the assessment of KES 14,440,839.24 on the following grounds:

1. The assessment is contrary to Section 58 of the East African Customs Management Act.
2. The Commissioner failed to consider supporting documentation submitted.
3. The assessed amount is excessive and not supported by the evidence on record.

We respectfully request a review and withdrawal of the said assessment."
DOC-OBJ-00034,Objection Letter,"THE COMMISSIONER
Kenya Revenue Authority
Times Tower, Nairobi

Date: 2026-05-26
Reference: OBJ/2883/71

RE: NOTICE OF OBJECTION — CUSTOMS DUTY ASSESSMENT

I, Joseph Haynes, on behalf of Williams-Wilcox (PIN: A50551107922B), hereby formally object to the assessment of KES 3,605,429.02 on the following grounds:

1. The assessment is contrary to Regulation 15 of the VAT Regulations 2017.
2. The Commissioner failed to consider supporting documentation submitted.
3. The assessed amount is excessive and not supported by the evidence on record.

We respectfully request a review and withdrawal of the said assessment."
DOC-OBJ-00035,Objection Letter,"THE COMMISSIONER
Kenya Revenue Authority
Times Tower, Nairobi

Date: 2026-02-05
Reference: OBJ/8253/41

RE: NOTICE OF OBJECTION — PAYE ASSESSMENT

I, Carolyn Thomas, on behalf of Hart Inc (PIN: A93177872764B), hereby formally object to the assessment of KES 29,509,989.98 on the following grounds:

1. The assessment is contrary to Section 31 of the Value Added Tax Act.
2. The Commissioner failed to consider supporting documentation submitted.
3. The assessed amount is excessive and not supported by the evidence on record.

We respectfully request a review and withdrawal of the said assessment."
DOC-OBJ-00036,Objection Letter,"THE COMMISSIONER
Kenya Revenue Authority
Kisumu Regional Office

Date: 2025-12-02
Reference: OBJ/2893/77

RE: NOTICE OF OBJECTION — INCOME TAX ASSESSMENT

I, Robert Marshall, on behalf of Murphy Ltd (PIN: A15755522532B), hereby formally object to the assessment of KES 27,250,890.82 on the following grounds:

1. The assessment is contrary to Section 12 of the Tax Appeals Tribunal Act.
2. The Commissioner failed to consider supporting documentation submitted.
3. The assessed amount is excessive and not supported by the evidence on record.

We respectfully request a review and withdrawal of the said assessment."
DOC-OBJ-00037,Objection Letter,"THE COMMISSIONER
Kenya Revenue Authority
Times Tower, Nairobi

Date: 2025-12-01
Reference: OBJ/1194/02

RE: NOTICE OF OBJECTION — VAT ASSESSMENT

I, Craig Carter, on behalf of Vang, Tran and Davis (PIN: A19955306087B), hereby formally object to the assessment of KES 41,340,226.42 on the following grounds:

1. The assessment is contrary to Section 47 of the Income Tax Act.
2. The Commissioner failed to consider supporting documentation submitted.
3. The assessed amount is excessive and not supported by the evidence on record.

We respectfully request a review and withdrawal of the said assessment."
DOC-OBJ-00038,Objection Letter,"THE COMMISSIONER
Kenya Revenue Authority
Kisumu Regional Office

Date: 2025-11-05
Reference: OBJ/2216/12

RE: NOTICE OF OBJECTION — WITHHOLDING TAX ASSESSMENT

I, Deborah Chambers, on behalf of Wagner, Rodriguez and Beck (PIN: A74103211579B), hereby formally object to the assessment of KES 39,641,796.88 on the following grounds:

1. The assessment is contrary to Section 37 of the Tax Procedures Act.
2. The Commissioner failed to consider supporting documentation submitted.
3. The assessed amount is excessive and not supported by the evidence on record.

We respectfully request a review and withdrawal of the said assessment."
DOC-OBJ-00039,Objection Letter,"THE COMMISSIONER
Kenya Revenue Authority
Mombasa Regional Office

Date: 2026-03-20
Reference: OBJ/1561/81

RE: NOTICE OF OBJECTION — VAT ASSESSMENT

I, Sarah Franklin, on behalf of Mccormick Group (PIN: A07242878767B), hereby formally object to the assessment of KES 46,063,566.82 on the following grounds:

1. The assessment is contrary to Section 58 of the East African Customs Management Act.
2. The Commissioner failed to consider supporting documentation submitted.
3. The assessed amount is excessive and not supported by the evidence on record.

We respectfully request a review and withdrawal of the said assessment."
DOC-OBJ-00040,Objection Letter,"THE COMMISSIONER
Kenya Revenue Authority
Kisumu Regional Office

Date: 2025-08-08
Reference: OBJ/4142/24

RE: NOTICE OF OBJECTION — PAYE ASSESSMENT

I, Thomas Johnson, on behalf of White-Phillips (PIN: A45359218058B), hereby formally object to the assessment of KES 34,449,465.66 on the following grounds:

1. The assessment is contrary to Section 12 of the Tax Appeals Tribunal Act.
2. The Commissioner failed to consider supporting documentation submitted.
3. The assessed amount is excessive and not supported by the evidence on record.

We respectfully request a review and withdrawal of the said assessment."
DOC-OBJ-00041,Objection Letter,"THE COMMISSIONER
Kenya Revenue Authority
Mombasa Regional Office

Date: 2025-07-06
Reference: OBJ/0389/66

RE: NOTICE OF OBJECTION — PAYE ASSESSMENT

I, Christopher Sanders, on behalf of Rodgers, Richards and Potter (PIN: A22226827443B), hereby formally object to the assessment of KES 25,048,585.25 on the following grounds:

1. The assessment is contrary to Section 31 of the Value Added Tax Act.
2. The Commissioner failed to consider supporting documentation submitted.
3. The assessed amount is excessive and not supported by the evidence on record.

We respectfully request a review and withdrawal of the said assessment."
DOC-OBJ-00042,Objection Letter,"THE COMMISSIONER
Kenya Revenue Authority
Mombasa Regional Office

Date: 2025-12-12
Reference: OBJ/8636/19

RE: NOTICE OF OBJECTION — WITHHOLDING TAX ASSESSMENT

I, Jeffrey Moon, on behalf of Diaz-Torres (PIN: A15277563220B), hereby formally object to the assessment of KES 29,921,931.27 on the following grounds:

1. The assessment is contrary to Section 12 of the Tax Appeals Tribunal Act.
2. The Commissioner failed to consider supporting documentation submitted.
3. The assessed amount is excessive and not supported by the evidence on record.

We respectfully request a review and withdrawal of the said assessment."
DOC-OBJ-00043,Objection Letter,"THE COMMISSIONER
Kenya Revenue Authority
Times Tower, Nairobi

Date: 2025-12-05
Reference: OBJ/0196/03

RE: NOTICE OF OBJECTION — VAT ASSESSMENT

I, Benjamin Bell, on behalf of Brandt, Ryan and Byrd (PIN: A32013890472B), hereby formally object to the assessment of KES 30,205,496.37 on the following grounds:

1. The assessment is contrary to Section 47 of the Income Tax Act.
2. The Commissioner failed to consider supporting documentation submitted.
3. The assessed amount is excessive and not supported by the evidence on record.

We respectfully request a review and withdrawal of the said assessment."
DOC-OBJ-00044,Objection Letter,"THE COMMISSIONER
Kenya Revenue Authority
Kisumu Regional Office

Date: 2026-01-20
Reference: OBJ/2701/34

RE: NOTICE OF OBJECTION — EXCISE DUTY ASSESSMENT

I, Michael West, on behalf of Gonzalez PLC (PIN: A23415410157B), hereby formally object to the assessment of KES 48,097,459.55 on the following grounds:

1. The assessment is contrary to Section 31 of the Value Added Tax Act.
2. The Commissioner failed to consider supporting documentation submitted.
3. The assessed amount is excessive and not supported by the evidence on record.

We respectfully request a review and withdrawal of the said assessment."
DOC-OBJ-00045,Objection Letter,"THE COMMISSIONER
Kenya Revenue Authority
Kisumu Regional Office

Date: 2026-05-25
Reference: OBJ/7336/35

RE: NOTICE OF OBJECTION — CUSTOMS DUTY ASSESSMENT

I, Dr. Max Gonzalez MD, on behalf of Morgan, Maddox and Erickson (PIN: A52650804403B), hereby formally object to the assessment of KES 49,978,642.22 on the following grounds:

1. The assessment is contrary to Section 37 of the Tax Procedures Act.
2. The Commissioner failed to consider supporting documentation submitted.
3. The assessed amount is excessive and not supported by the evidence on record.

We respectfully request a review and withdrawal of the said assessment."
DOC-OBJ-00046,Objection Letter,"THE COMMISSIONER
Kenya Revenue Authority
Times Tower, Nairobi

Date: 2025-08-19
Reference: OBJ/9430/71

RE: NOTICE OF OBJECTION — PAYE ASSESSMENT

I, Andrew Lewis, on behalf of Brooks, Jordan and Herrera (PIN: A78547841999B), hereby formally object to the assessment of KES 2,059,572.07 on the following grounds:

1. The assessment is contrary to Section 37 of the Tax Procedures Act.
2. The Commissioner failed to consider supporting documentation submitted.
3. The assessed amount is excessive and not supported by the evidence on record.

We respectfully request a review and withdrawal of the said assessment."
DOC-OBJ-00047,Objection Letter,"THE COMMISSIONER
Kenya Revenue Authority
Mombasa Regional Office

Date: 2026-01-30
Reference: OBJ/7852/50

RE: NOTICE OF OBJECTION — INCOME TAX ASSESSMENT

I, Jon Chen, on behalf of Christensen PLC (PIN: A49987082628B), hereby formally object to the assessment of KES 32,592,899.00 on the following grounds:

1. The assessment is contrary to Section 37 of the Tax Procedures Act.
2. The Commissioner failed to consider supporting documentation submitted.
3. The assessed amount is excessive and not supported by the evidence on record.

We respectfully request a review and withdrawal of the said assessment."
DOC-OBJ-00048,Objection Letter,"THE COMMISSIONER
Kenya Revenue Authority
Mombasa Regional Office

Date: 2026-01-11
Reference: OBJ/6481/44

RE: NOTICE OF OBJECTION — VAT ASSESSMENT

I, William Rivera, on behalf of Anderson, Miller and Simmons (PIN: A23883522898B), hereby formally object to the assessment of KES 21,822,455.10 on the following grounds:

1. The assessment is contrary to Section 58 of the East African Customs Management Act.
2. The Commissioner failed to consider supporting documentation submitted.
3. The assessed amount is excessive and not supported by the evidence on record.

We respectfully request a review and withdrawal of the said assessment."
DOC-OBJ-00049,Objection Letter,"THE COMMISSIONER
Kenya Revenue Authority
Mombasa Regional Office

Date: 2026-05-01
Reference: OBJ/7460/21

RE: NOTICE OF OBJECTION — CUSTOMS DUTY ASSESSMENT

I, Allison Hill, on behalf of Johnston, Farrell and White (PIN: A45487674091B), hereby formally object to the assessment of KES 17,430,654.76 on the following grounds:

1. The assessment is contrary to Regulation 15 of the VAT Regulations 2017.
2. The Commissioner failed to consider supporting documentation submitted.
3. The assessed amount is excessive and not supported by the evidence on record.

We respectfully request a review and withdrawal of the said assessment."
DOC-OBJ-00050,Objection Letter,"THE COMMISSIONER
Kenya Revenue Authority
Times Tower, Nairobi

Date: 2025-11-25
Reference: OBJ/0067/61

RE: NOTICE OF OBJECTION — CUSTOMS DUTY ASSESSMENT

I, Mark Dickson, on behalf of Mcbride, Weber and Martinez (PIN: A95721901998B), hereby formally object to the assessment of KES 5,274,764.23 on the following grounds:

1. The assessment is contrary to Section 58 of the East African Customs Management Act.
2. The Commissioner failed to consider supporting documentation submitted.
3. The assessed amount is excessive and not supported by the evidence on record.

We respectfully request a review and withdrawal of the said assessment."
DOC-OBJ-00051,Objection Letter,"THE COMMISSIONER
Kenya Revenue Authority
Mombasa Regional Office

Date: 2026-03-19
Reference: OBJ/2305/50

RE: NOTICE OF OBJECTION — WITHHOLDING TAX ASSESSMENT

I, Aaron Le, on behalf of Guzman-Wiley (PIN: A91220421210B), hereby formally object to the assessment of KES 34,699,000.02 on the following grounds:

1. The assessment is contrary to Section 58 of the East African Customs Management Act.
2. The Commissioner failed to consider supporting documentation submitted.
3. The assessed amount is excessive and not supported by the evidence on record.

We respectfully request a review and withdrawal of the said assessment."
DOC-OBJ-00052,Objection Letter,"THE COMMISSIONER
Kenya Revenue Authority
Kisumu Regional Office

Date: 2025-09-12
Reference: OBJ/8629/85

RE: NOTICE OF OBJECTION — VAT ASSESSMENT

I, Donald Robinson, on behalf of Burke Group (PIN: A16800251454B), hereby formally object to the assessment of KES 40,687,623.44 on the following grounds:

1. The assessment is contrary to Section 58 of the East African Customs Management Act.
2. The Commissioner failed to consider supporting documentation submitted.
3. The assessed amount is excessive and not supported by the evidence on record.

We respectfully request a review and withdrawal of the said assessment."
DOC-OBJ-00053,Objection Letter,"THE COMMISSIONER
Kenya Revenue Authority
Mombasa Regional Office

Date: 2025-09-14
Reference: OBJ/0027/74

RE: NOTICE OF OBJECTION — CUSTOMS DUTY ASSESSMENT

I, Zachary Fox, on behalf of Campbell PLC (PIN: A40152529691B), hereby formally object to the assessment of KES 4,448,586.65 on the following grounds:

1. The assessment is contrary to Section 31 of the Value Added Tax Act.
2. The Commissioner failed to consider supporting documentation submitted.
3. The assessed amount is excessive and not supported by the evidence on record.

We respectfully request a review and withdrawal of the said assessment."
DOC-OBJ-00054,Objection Letter,"THE COMMISSIONER
Kenya Revenue Authority
Mombasa Regional Office

Date: 2025-07-25
Reference: OBJ/0498/01

RE: NOTICE OF OBJECTION — EXCISE DUTY ASSESSMENT

I, Melissa Bates, on behalf of Hill, Powell and Beltran (PIN: A28781319109B), hereby formally object to the assessment of KES 48,510,727.10 on the following grounds:

1. The assessment is contrary to Section 31 of the Value Added Tax Act.
2. The Commissioner failed to consider supporting documentation submitted.
3. The assessed amount is excessive and not supported by the evidence on record.

We respectfully request a review and withdrawal of the said assessment."
DOC-OBJ-00055,Objection Letter,"THE COMMISSIONER
Kenya Revenue Authority
Kisumu Regional Office

Date: 2026-04-19
Reference: OBJ/9521/72

RE: NOTICE OF OBJECTION — PAYE ASSESSMENT

I, Susan Holland, on behalf of Stevenson, Gibson and Cox (PIN: A74112101237B), hereby formally object to the assessment of KES 32,900,136.30 on the following grounds:

1. The assessment is contrary to Section 58 of the East African Customs Management Act.
2. The Commissioner failed to consider supporting documentation submitted.
3. The assessed amount is excessive and not supported by the evidence on record.

We respectfully request a review and withdrawal of the said assessment."
DOC-OBJ-00056,Objection Letter,"THE COMMISSIONER
Kenya Revenue Authority
Kisumu Regional Office

Date: 2026-04-25
Reference: OBJ/8549/27

RE: NOTICE OF OBJECTION — CUSTOMS DUTY ASSESSMENT

I, Jordan Parker, on behalf of Stewart-Hughes (PIN: A45577791222B), hereby formally object to the assessment of KES 2,757,494.06 on the following grounds:

1. The assessment is contrary to Section 37 of the Tax Procedures Act.
2. The Commissioner failed to consider supporting documentation submitted.
3. The assessed amount is excessive and not supported by the evidence on record.

We respectfully request a review and withdrawal of the said assessment."
DOC-OBJ-00057,Objection Letter,"THE COMMISSIONER
Kenya Revenue Authority
Kisumu Regional Office

Date: 2026-01-06
Reference: OBJ/7142/65

RE: NOTICE OF OBJECTION — PAYE ASSESSMENT

I, Lauren Miller, on behalf of Cox, Morris and Moyer (PIN: A46489558293B), hereby formally object to the assessment of KES 37,834,335.55 on the following grounds:

1. The assessment is contrary to Section 31 of the Value Added Tax Act.
2. The Commissioner failed to consider supporting documentation submitted.
3. The assessed amount is excessive and not supported by the evidence on record.

We respectfully request a review and withdrawal of the said assessment."
DOC-OBJ-00058,Objection Letter,"THE COMMISSIONER
Kenya Revenue Authority
Kisumu Regional Office

Date: 2025-08-29
Reference: OBJ/8914/80

RE: NOTICE OF OBJECTION — INCOME TAX ASSESSMENT

I, Zachary Baker, on behalf of Murphy-Davis (PIN: A74312732014B), hereby formally object to the assessment of KES 10,217,734.01 on the following grounds:

1. The assessment is contrary to Section 12 of the Tax Appeals Tribunal Act.
2. The Commissioner failed to consider supporting documentation submitted.
3. The assessed amount is excessive and not supported by the evidence on record.

We respectfully request a review and withdrawal of the said assessment."
DOC-OBJ-00059,Objection Letter,"THE COMMISSIONER
Kenya Revenue Authority
Kisumu Regional Office

Date: 2025-10-31
Reference: OBJ/3898/46

RE: NOTICE OF OBJECTION — PAYE ASSESSMENT

I, Alejandro Gray, on behalf of Cuevas, Fuller and Williams (PIN: A12627867915B), hereby formally object to the assessment of KES 21,933,898.95 on the following grounds:

1. The assessment is contrary to Section 31 of the Value Added Tax Act.
2. The Commissioner failed to consider supporting documentation submitted.
3. The assessed amount is excessive and not supported by the evidence on record.

We respectfully request a review and withdrawal of the said assessment."
DOC-OBJ-00060,Objection Letter,"THE COMMISSIONER
Kenya Revenue Authority
Kisumu Regional Office

Date: 2026-01-15
Reference: OBJ/6571/87

RE: NOTICE OF OBJECTION — EXCISE DUTY ASSESSMENT

I, Nancy Gay, on behalf of Anderson Group (PIN: A46486045242B), hereby formally object to the assessment of KES 1,492,028.65 on the following grounds:

1. The assessment is contrary to Section 47 of the Income Tax Act.
2. The Commissioner failed to consider supporting documentation submitted.
3. The assessed amount is excessive and not supported by the evidence on record.

We respectfully request a review and withdrawal of the said assessment."
DOC-OBJ-00061,Objection Letter,"THE COMMISSIONER
Kenya Revenue Authority
Mombasa Regional Office

Date: 2025-08-11
Reference: OBJ/7448/09

RE: NOTICE OF OBJECTION — EXCISE DUTY ASSESSMENT

I, Shelley Walker, on behalf of Charles-Mcgrath (PIN: A94404291817B), hereby formally object to the assessment of KES 35,503,652.11 on the following grounds:

1. The assessment is contrary to Section 31 of the Value Added Tax Act.
2. The Commissioner failed to consider supporting documentation submitted.
3. The assessed amount is excessive and not supported by the evidence on record.

We respectfully request a review and withdrawal of the said assessment."
DOC-OBJ-00062,Objection Letter,"THE COMMISSIONER
Kenya Revenue Authority
Times Tower, Nairobi

Date: 2026-03-24
Reference: OBJ/1173/64

RE: NOTICE OF OBJECTION — INCOME TAX ASSESSMENT

I, Barry Banks, on behalf of Carter-Peterson (PIN: A15681668984B), hereby formally object to the assessment of KES 27,634,957.88 on the following grounds:

1. The assessment is contrary to Section 31 of the Value Added Tax Act.
2. The Commissioner failed to consider supporting documentation submitted.
3. The assessed amount is excessive and not supported by the evidence on record.

We respectfully request a review and withdrawal of the said assessment."
DOC-OBJ-00063,Objection Letter,"THE COMMISSIONER
Kenya Revenue Authority
Times Tower, Nairobi

Date: 2026-06-19
Reference: OBJ/6357/36

RE: NOTICE OF OBJECTION — WITHHOLDING TAX ASSESSMENT

I, Laurie Schneider, on behalf of Black Group (PIN: A79037831233B), hereby formally object to the assessment of KES 23,099,322.31 on the following grounds:

1. The assessment is contrary to Section 47 of the Income Tax Act.
2. The Commissioner failed to consider supporting documentation submitted.
3. The assessed amount is excessive and not supported by the evidence on record.

We respectfully request a review and withdrawal of the said assessment."
DOC-OBJ-00064,Objection Letter,"THE COMMISSIONER
Kenya Revenue Authority
Kisumu Regional Office

Date: 2026-02-11
Reference: OBJ/4296/24

RE: NOTICE OF OBJECTION — CUSTOMS DUTY ASSESSMENT

I, Amy Ford, on behalf of Ellis and Sons (PIN: A99591575293B), hereby formally object to the assessment of KES 24,943,856.46 on the following grounds:

1. The assessment is contrary to Section 37 of the Tax Procedures Act.
2. The Commissioner failed to consider supporting documentation submitted.
3. The assessed amount is excessive and not supported by the evidence on record.

We respectfully request a review and withdrawal of the said assessment."
DOC-OBJ-00065,Objection Letter,"THE COMMISSIONER
Kenya Revenue Authority
Mombasa Regional Office

Date: 2026-03-19
Reference: OBJ/8180/66

RE: NOTICE OF OBJECTION — PAYE ASSESSMENT

I, Francisco Floyd, on behalf of Owens, Nguyen and Greene (PIN: A97241470704B), hereby formally object to the assessment of KES 35,285,310.91 on the following grounds:

1. The assessment is contrary to Section 58 of the East African Customs Management Act.
2. The Commissioner failed to consider supporting documentation submitted.
3. The assessed amount is excessive and not supported by the evidence on record.

We respectfully request a review and withdrawal of the said assessment."
DOC-OBJ-00066,Objection Letter,"THE COMMISSIONER
Kenya Revenue Authority
Kisumu Regional Office

Date: 2026-03-27
Reference: OBJ/4000/83

RE: NOTICE OF OBJECTION — INCOME TAX ASSESSMENT

I, Rebecca Lewis, on behalf of Gardner-Baker (PIN: A25050140452B), hereby formally object to the assessment of KES 12,224,358.76 on the following grounds:

1. The assessment is contrary to Section 58 of the East African Customs Management Act.
2. The Commissioner failed to consider supporting documentation submitted.
3. The assessed amount is excessive and not supported by the evidence on record.

We respectfully request a review and withdrawal of the said assessment."
DOC-OBJ-00067,Objection Letter,"THE COMMISSIONER
Kenya Revenue Authority
Kisumu Regional Office

Date: 2026-03-25
Reference: OBJ/7913/86

RE: NOTICE OF OBJECTION — EXCISE DUTY ASSESSMENT

I, Hector Parks, on behalf of Johnson-Bell (PIN: A24911523584B), hereby formally object to the assessment of KES 9,570,988.03 on the following grounds:

1. The assessment is contrary to Regulation 15 of the VAT Regulations 2017.
2. The Commissioner failed to consider supporting documentation submitted.
3. The assessed amount is excessive and not supported by the evidence on record.

We respectfully request a review and withdrawal of the said assessment."
DOC-OBJ-00068,Objection Letter,"THE COMMISSIONER
Kenya Revenue Authority
Times Tower, Nairobi

Date: 2025-08-22
Reference: OBJ/4706/63

RE: NOTICE OF OBJECTION — CUSTOMS DUTY ASSESSMENT

I, Regina Green, on behalf of Jenkins, Ochoa and Anderson (PIN: A35481853660B), hereby formally object to the assessment of KES 43,972,346.44 on the following grounds:

1. The assessment is contrary to Section 58 of the East African Customs Management Act.
2. The Commissioner failed to consider supporting documentation submitted.
3. The assessed amount is excessive and not supported by the evidence on record.

We respectfully request a review and withdrawal of the said assessment."
DOC-OBJ-00069,Objection Letter,"THE COMMISSIONER
Kenya Revenue Authority
Kisumu Regional Office

Date: 2026-01-27
Reference: OBJ/5862/06

RE: NOTICE OF OBJECTION — CUSTOMS DUTY ASSESSMENT

I, Michelle Navarro, on behalf of Miller Group (PIN: A95800309514B), hereby formally object to the assessment of KES 17,026,768.39 on the following grounds:

1. The assessment is contrary to Section 31 of the Value Added Tax Act.
2. The Commissioner failed to consider supporting documentation submitted.
3. The assessed amount is excessive and not supported by the evidence on record.

We respectfully request a review and withdrawal of the said assessment."
DOC-OBJ-00070,Objection Letter,"THE COMMISSIONER
Kenya Revenue Authority
Mombasa Regional Office

Date: 2026-04-13
Reference: OBJ/5927/43

RE: NOTICE OF OBJECTION — EXCISE DUTY ASSESSMENT

I, James Bailey, on behalf of Acevedo Ltd (PIN: A83615099036B), hereby formally object to the assessment of KES 14,177,807.21 on the following grounds:

1. The assessment is contrary to Section 37 of the Tax Procedures Act.
2. The Commissioner failed to consider supporting documentation submitted.
3. The assessed amount is excessive and not supported by the evidence on record.

We respectfully request a review and withdrawal of the said assessment."
DOC-OBJ-00071,Objection Letter,"THE COMMISSIONER
Kenya Revenue Authority
Mombasa Regional Office

Date: 2026-03-02
Reference: OBJ/8039/51

RE: NOTICE OF OBJECTION — INCOME TAX ASSESSMENT

I, Luke Atkinson, on behalf of Becker-King (PIN: A37720619694B), hereby formally object to the assessment of KES 49,945,171.54 on the following grounds:

1. The assessment is contrary to Section 58 of the East African Customs Management Act.
2. The Commissioner failed to consider supporting documentation submitted.
3. The assessed amount is excessive and not supported by the evidence on record.

We respectfully request a review and withdrawal of the said assessment."
DOC-OBJ-00072,Objection Letter,"THE COMMISSIONER
Kenya Revenue Authority
Mombasa Regional Office

Date: 2026-01-23
Reference: OBJ/3309/11

RE: NOTICE OF OBJECTION — CUSTOMS DUTY ASSESSMENT

I, Elizabeth Williams, on behalf of Orozco, Richardson and Munoz (PIN: A18073758489B), hereby formally object to the assessment of KES 26,952,099.86 on the following grounds:

1. The assessment is contrary to Section 37 of the Tax Procedures Act.
2. The Commissioner failed to consider supporting documentation submitted.
3. The assessed amount is excessive and not supported by the evidence on record.

We respectfully request a review and withdrawal of the said assessment."
DOC-OBJ-00073,Objection Letter,"THE COMMISSIONER
Kenya Revenue Authority
Mombasa Regional Office

Date: 2025-12-16
Reference: OBJ/7446/45

RE: NOTICE OF OBJECTION — PAYE ASSESSMENT

I, Vanessa Lee, on behalf of Carr Inc (PIN: A79570539579B), hereby formally object to the assessment of KES 38,155,490.25 on the following grounds:

1. The assessment is contrary to Section 12 of the Tax Appeals Tribunal Act.
2. The Commissioner failed to consider supporting documentation submitted.
3. The assessed amount is excessive and not supported by the evidence on record.

We respectfully request a review and withdrawal of the said assessment."
DOC-OBJ-00074,Objection Letter,"THE COMMISSIONER
Kenya Revenue Authority
Kisumu Regional Office

Date: 2025-12-12
Reference: OBJ/8522/34

RE: NOTICE OF OBJECTION — INCOME TAX ASSESSMENT

I, Nathan Bowman, on behalf of Douglas Ltd (PIN: A27763745892B), hereby formally object to the assessment of KES 43,486,604.08 on the following grounds:

1. The assessment is contrary to Section 37 of the Tax Procedures Act.
2. The Commissioner failed to consider supporting documentation submitted.
3. The assessed amount is excessive and not supported by the evidence on record.

We respectfully request a review and withdrawal of the said assessment."
DOC-OBJ-00075,Objection Letter,"THE COMMISSIONER
Kenya Revenue Authority
Mombasa Regional Office

Date: 2025-10-23
Reference: OBJ/8810/89

RE: NOTICE OF OBJECTION — VAT ASSESSMENT

I, Jessica Sutton, on behalf of Carlson-Johnston (PIN: A45331795820B), hereby formally object to the assessment of KES 19,179,393.90 on the following grounds:

1. The assessment is contrary to Section 12 of the Tax Appeals Tribunal Act.
2. The Commissioner failed to consider supporting documentation submitted.
3. The assessed amount is excessive and not supported by the evidence on record.

We respectfully request a review and withdrawal of the said assessment."
DOC-OBJ-00076,Objection Letter,"THE COMMISSIONER
Kenya Revenue Authority
Kisumu Regional Office

Date: 2025-09-16
Reference: OBJ/1161/81

RE: NOTICE OF OBJECTION — PAYE ASSESSMENT

I, Mr. Andrew Potter, on behalf of Cherry, Ferrell and Garcia (PIN: A11242298161B), hereby formally object to the assessment of KES 37,248,022.32 on the following grounds:

1. The assessment is contrary to Section 58 of the East African Customs Management Act.
2. The Commissioner failed to consider supporting documentation submitted.
3. The assessed amount is excessive and not supported by the evidence on record.

We respectfully request a review and withdrawal of the said assessment."
DOC-OBJ-00077,Objection Letter,"THE COMMISSIONER
Kenya Revenue Authority
Kisumu Regional Office

Date: 2025-10-04
Reference: OBJ/1497/68

RE: NOTICE OF OBJECTION — INCOME TAX ASSESSMENT

I, Curtis Dalton, on behalf of Watson Inc (PIN: A45384909832B), hereby formally object to the assessment of KES 49,421,279.40 on the following grounds:

1. The assessment is contrary to Section 58 of the East African Customs Management Act.
2. The Commissioner failed to consider supporting documentation submitted.
3. The assessed amount is excessive and not supported by the evidence on record.

We respectfully request a review and withdrawal of the said assessment."
DOC-OBJ-00078,Objection Letter,"THE COMMISSIONER
Kenya Revenue Authority
Times Tower, Nairobi

Date: 2026-04-02
Reference: OBJ/3921/43

RE: NOTICE OF OBJECTION — EXCISE DUTY ASSESSMENT

I, Arthur Huber, on behalf of Medina, Thomas and Pierce (PIN: A29373358117B), hereby formally object to the assessment of KES 48,242,980.70 on the following grounds:

1. The assessment is contrary to Section 37 of the Tax Procedures Act.
2. The Commissioner failed to consider supporting documentation submitted.
3. The assessed amount is excessive and not supported by the evidence on record.

We respectfully request a review and withdrawal of the said assessment."
DOC-OBJ-00079,Objection Letter,"THE COMMISSIONER
Kenya Revenue Authority
Times Tower, Nairobi

Date: 2026-03-13
Reference: OBJ/7058/81

RE: NOTICE OF OBJECTION — PAYE ASSESSMENT

I, Timothy Holmes, on behalf of Sutton, Frey and Ramos (PIN: A17769078124B), hereby formally object to the assessment of KES 16,633,135.46 on the following grounds:

1. The assessment is contrary to Section 31 of the Value Added Tax Act.
2. The Commissioner failed to consider supporting documentation submitted.
3. The assessed amount is excessive and not supported by the evidence on record.

We respectfully request a review and withdrawal of the said assessment."
DOC-OBJ-00080,Objection Letter,"THE COMMISSIONER
Kenya Revenue Authority
Mombasa Regional Office

Date: 2025-10-31
Reference: OBJ/4044/23

RE: NOTICE OF OBJECTION — VAT ASSESSMENT

I, Emily Smith, on behalf of Pruitt, Walker and Miller (PIN: A96296874996B), hereby formally object to the assessment of KES 26,321,256.79 on the following grounds:

1. The assessment is contrary to Regulation 15 of the VAT Regulations 2017.
2. The Commissioner failed to consider supporting documentation submitted.
3. The assessed amount is excessive and not supported by the evidence on record.

We respectfully request a review and withdrawal of the said assessment."
DOC-OBJ-00081,Objection Letter,"THE COMMISSIONER
Kenya Revenue Authority
Kisumu Regional Office

Date: 2025-10-10
Reference: OBJ/0830/21

RE: NOTICE OF OBJECTION — INCOME TAX ASSESSMENT

I, Ariel Bryant, on behalf of Moore, Nixon and Thompson (PIN: A35062819324B), hereby formally object to the assessment of KES 7,250,563.03 on the following grounds:

1. The assessment is contrary to Section 31 of the Value Added Tax Act.
2. The Commissioner failed to consider supporting documentation submitted.
3. The assessed amount is excessive and not supported by the evidence on record.

We respectfully request a review and withdrawal of the said assessment."
DOC-OBJ-00082,Objection Letter,"THE COMMISSIONER
Kenya Revenue Authority
Mombasa Regional Office

Date: 2025-10-03
Reference: OBJ/3515/52

RE: NOTICE OF OBJECTION — CUSTOMS DUTY ASSESSMENT

I, Thomas Higgins, on behalf of Holland-Green (PIN: A08266302060B), hereby formally object to the assessment of KES 23,501,055.52 on the following grounds:

1. The assessment is contrary to Section 37 of the Tax Procedures Act.
2. The Commissioner failed to consider supporting documentation submitted.
3. The assessed amount is excessive and not supported by the evidence on record.

We respectfully request a review and withdrawal of the said assessment."
DOC-OBJ-00083,Objection Letter,"THE COMMISSIONER
Kenya Revenue Authority
Kisumu Regional Office

Date: 2026-06-17
Reference: OBJ/5399/70

RE: NOTICE OF OBJECTION — VAT ASSESSMENT

I, Christy Bryant, on behalf of Fuentes Ltd (PIN: A44914400000B), hereby formally object to the assessment of KES 34,650,594.70 on the following grounds:

1. The assessment is contrary to Section 12 of the Tax Appeals Tribunal Act.
2. The Commissioner failed to consider supporting documentation submitted.
3. The assessed amount is excessive and not supported by the evidence on record.

We respectfully request a review and withdrawal of the said assessment."
DOC-OBJ-00084,Objection Letter,"THE COMMISSIONER
Kenya Revenue Authority
Kisumu Regional Office

Date: 2025-09-09
Reference: OBJ/2945/78

RE: NOTICE OF OBJECTION — PAYE ASSESSMENT

I, Elizabeth Ayala, on behalf of Collins, Jimenez and Ortiz (PIN: A44230394125B), hereby formally object to the assessment of KES 42,624,449.76 on the following grounds:

1. The assessment is contrary to Section 12 of the Tax Appeals Tribunal Act.
2. The Commissioner failed to consider supporting documentation submitted.
3. The assessed amount is excessive and not supported by the evidence on record.

We respectfully request a review and withdrawal of the said assessment."
DOC-OBJ-00085,Objection Letter,"THE COMMISSIONER
Kenya Revenue Authority
Mombasa Regional Office

Date: 2025-10-31
Reference: OBJ/0264/15

RE: NOTICE OF OBJECTION — EXCISE DUTY ASSESSMENT

I, Joseph Holloway, on behalf of Pearson Group (PIN: A54812761783B), hereby formally object to the assessment of KES 31,358,618.99 on the following grounds:

1. The assessment is contrary to Section 31 of the Value Added Tax Act.
2. The Commissioner failed to consider supporting documentation submitted.
3. The assessed amount is excessive and not supported by the evidence on record.

We respectfully request a review and withdrawal of the said assessment."
DOC-OBJ-00086,Objection Letter,"THE COMMISSIONER
Kenya Revenue Authority
Times Tower, Nairobi

Date: 2026-03-18
Reference: OBJ/6382/82

RE: NOTICE OF OBJECTION — WITHHOLDING TAX ASSESSMENT

I, Katie Martin, on behalf of Hicks, Morales and Vargas (PIN: A41845506482B), hereby formally object to the assessment of KES 30,892,100.11 on the following grounds:

1. The assessment is contrary to Regulation 15 of the VAT Regulations 2017.
2. The Commissioner failed to consider supporting documentation submitted.
3. The assessed amount is excessive and not supported by the evidence on record.

We respectfully request a review and withdrawal of the said assessment."
DOC-OBJ-00087,Objection Letter,"THE COMMISSIONER
Kenya Revenue Authority
Times Tower, Nairobi

Date: 2025-09-29
Reference: OBJ/1316/56

RE: NOTICE OF OBJECTION — WITHHOLDING TAX ASSESSMENT

I, Gavin Gilbert, on behalf of Griffin, White and Miller (PIN: A82766197151B), hereby formally object to the assessment of KES 46,050,408.48 on the following grounds:

1. The assessment is contrary to Section 31 of the Value Added Tax Act.
2. The Commissioner failed to consider supporting documentation submitted.
3. The assessed amount is excessive and not supported by the evidence on record.

We respectfully request a review and withdrawal of the said assessment."
DOC-OBJ-00088,Objection Letter,"THE COMMISSIONER
Kenya Revenue Authority
Times Tower, Nairobi

Date: 2025-09-17
Reference: OBJ/3897/30

RE: NOTICE OF OBJECTION — WITHHOLDING TAX ASSESSMENT

I, Abigail Malone, on behalf of Baldwin, Acosta and Martinez (PIN: A41078538776B), hereby formally object to the assessment of KES 21,726,875.02 on the following grounds:

1. The assessment is contrary to Regulation 15 of the VAT Regulations 2017.
2. The Commissioner failed to consider supporting documentation submitted.
3. The assessed amount is excessive and not supported by the evidence on record.

We respectfully request a review and withdrawal of the said assessment."
DOC-OBJ-00089,Objection Letter,"THE COMMISSIONER
Kenya Revenue Authority
Mombasa Regional Office

Date: 2025-10-20
Reference: OBJ/6531/63

RE: NOTICE OF OBJECTION — INCOME TAX ASSESSMENT

I, Jeffrey Gibbs, on behalf of Myers, Taylor and Dudley (PIN: A56428280474B), hereby formally object to the assessment of KES 43,635,332.67 on the following grounds:

1. The assessment is contrary to Regulation 15 of the VAT Regulations 2017.
2. The Commissioner failed to consider supporting documentation submitted.
3. The assessed amount is excessive and not supported by the evidence on record.

We respectfully request a review and withdrawal of the said assessment."
DOC-OBJ-00090,Objection Letter,"THE COMMISSIONER
Kenya Revenue Authority
Times Tower, Nairobi

Date: 2026-04-18
Reference: OBJ/3197/84

RE: NOTICE OF OBJECTION — VAT ASSESSMENT

I, Karen Bates, on behalf of Herrera-Smith (PIN: A99586168644B), hereby formally object to the assessment of KES 15,008,330.71 on the following grounds:

1. The assessment is contrary to Section 12 of the Tax Appeals Tribunal Act.
2. The Commissioner failed to consider supporting documentation submitted.
3. The assessed amount is excessive and not supported by the evidence on record.

We respectfully request a review and withdrawal of the said assessment."
DOC-OBJ-00091,Objection Letter,"THE COMMISSIONER
Kenya Revenue Authority
Mombasa Regional Office

Date: 2025-11-27
Reference: OBJ/5773/21

RE: NOTICE OF OBJECTION — CUSTOMS DUTY ASSESSMENT

I, Megan Underwood, on behalf of Bennett, Benitez and Jacobs (PIN: A54656557256B), hereby formally object to the assessment of KES 39,817,366.08 on the following grounds:

1. The assessment is contrary to Section 12 of the Tax Appeals Tribunal Act.
2. The Commissioner failed to consider supporting documentation submitted.
3. The assessed amount is excessive and not supported by the evidence on record.

We respectfully request a review and withdrawal of the said assessment."
DOC-OBJ-00092,Objection Letter,"THE COMMISSIONER
Kenya Revenue Authority
Times Tower, Nairobi

Date: 2026-04-06
Reference: OBJ/0153/33

RE: NOTICE OF OBJECTION — EXCISE DUTY ASSESSMENT

I, Wendy Martinez, on behalf of Ruiz-White (PIN: A14313745296B), hereby formally object to the assessment of KES 21,562,805.05 on the following grounds:

1. The assessment is contrary to Section 58 of the East African Customs Management Act.
2. The Commissioner failed to consider supporting documentation submitted.
3. The assessed amount is excessive and not supported by the evidence on record.

We respectfully request a review and withdrawal of the said assessment."
DOC-OBJ-00093,Objection Letter,"THE COMMISSIONER
Kenya Revenue Authority
Times Tower, Nairobi

Date: 2025-07-23
Reference: OBJ/4022/27

RE: NOTICE OF OBJECTION — INCOME TAX ASSESSMENT

I, Christina Garcia, on behalf of Taylor Group (PIN: A30607434832B), hereby formally object to the assessment of KES 28,318,106.69 on the following grounds:

1. The assessment is contrary to Section 47 of the Income Tax Act.
2. The Commissioner failed to consider supporting documentation submitted.
3. The assessed amount is excessive and not supported by the evidence on record.

We respectfully request a review and withdrawal of the said assessment."
DOC-OBJ-00094,Objection Letter,"THE COMMISSIONER
Kenya Revenue Authority
Mombasa Regional Office

Date: 2025-12-14
Reference: OBJ/6053/68

RE: NOTICE OF OBJECTION — EXCISE DUTY ASSESSMENT

I, Zachary Cummings, on behalf of Christian, Bradley and Atkinson (PIN: A34152517588B), hereby formally object to the assessment of KES 3,994,469.12 on the following grounds:

1. The assessment is contrary to Regulation 15 of the VAT Regulations 2017.
2. The Commissioner failed to consider supporting documentation submitted.
3. The assessed amount is excessive and not supported by the evidence on record.

We respectfully request a review and withdrawal of the said assessment."
DOC-OBJ-00095,Objection Letter,"THE COMMISSIONER
Kenya Revenue Authority
Kisumu Regional Office

Date: 2026-05-16
Reference: OBJ/9921/29

RE: NOTICE OF OBJECTION — INCOME TAX ASSESSMENT

I, Jonathan Roberts, on behalf of Wheeler Ltd (PIN: A89526690777B), hereby formally object to the assessment of KES 12,079,448.10 on the following grounds:

1. The assessment is contrary to Section 47 of the Income Tax Act.
2. The Commissioner failed to consider supporting documentation submitted.
3. The assessed amount is excessive and not supported by the evidence on record.

We respectfully request a review and withdrawal of the said assessment."
DOC-OBJ-00096,Objection Letter,"THE COMMISSIONER
Kenya Revenue Authority
Mombasa Regional Office

Date: 2025-07-14
Reference: OBJ/7725/30

RE: NOTICE OF OBJECTION — PAYE ASSESSMENT

I, Scott Sullivan, on behalf of Randolph, Jackson and Dawson (PIN: A50150767343B), hereby formally object to the assessment of KES 23,084,438.17 on the following grounds:

1. The assessment is contrary to Section 12 of the Tax Appeals Tribunal Act.
2. The Commissioner failed to consider supporting documentation submitted.
3. The assessed amount is excessive and not supported by the evidence on record.

We respectfully request a review and withdrawal of the said assessment."
DOC-OBJ-00097,Objection Letter,"THE COMMISSIONER
Kenya Revenue Authority
Mombasa Regional Office

Date: 2026-03-19
Reference: OBJ/8466/97

RE: NOTICE OF OBJECTION — CUSTOMS DUTY ASSESSMENT

I, Teresa Parrish, on behalf of Benson, Ward and Morales (PIN: A38792725234B), hereby formally object to the assessment of KES 33,358,693.83 on the following grounds:

1. The assessment is contrary to Regulation 15 of the VAT Regulations 2017.
2. The Commissioner failed to consider supporting documentation submitted.
3. The assessed amount is excessive and not supported by the evidence on record.

We respectfully request a review and withdrawal of the said assessment."
DOC-OBJ-00098,Objection Letter,"THE COMMISSIONER
Kenya Revenue Authority
Times Tower, Nairobi

Date: 2025-10-15
Reference: OBJ/1374/90

RE: NOTICE OF OBJECTION — PAYE ASSESSMENT

I, Kathy Wright, on behalf of Moody, Miranda and Chapman (PIN: A16144604919B), hereby formally object to the assessment of KES 27,352,576.97 on the following grounds:

1. The assessment is contrary to Section 12 of the Tax Appeals Tribunal Act.
2. The Commissioner failed to consider supporting documentation submitted.
3. The assessed amount is excessive and not supported by the evidence on record.

We respectfully request a review and withdrawal of the said assessment."
DOC-OBJ-00099,Objection Letter,"THE COMMISSIONER
Kenya Revenue Authority
Mombasa Regional Office

Date: 2026-04-26
Reference: OBJ/7603/63

RE: NOTICE OF OBJECTION — WITHHOLDING TAX ASSESSMENT

I, Kelly Harris, on behalf of Rose, Murphy and Nielsen (PIN: A41234858286B), hereby formally object to the assessment of KES 49,383,202.18 on the following grounds:

1. The assessment is contrary to Section 58 of the East African Customs Management Act.
2. The Commissioner failed to consider supporting documentation submitted.
3. The assessed amount is excessive and not supported by the evidence on record.

We respectfully request a review and withdrawal of the said assessment."
DOC-OBJ-00100,Objection Letter,"THE COMMISSIONER
Kenya Revenue Authority
Mombasa Regional Office

Date: 2026-02-07
Reference: OBJ/2768/91

RE: NOTICE OF OBJECTION — CUSTOMS DUTY ASSESSMENT

I, Vanessa Woods, on behalf of Paul-Ramirez (PIN: A58284501945B), hereby formally object to the assessment of KES 34,531,159.95 on the following grounds:

1. The assessment is contrary to Section 47 of the Income Tax Act.
2. The Commissioner failed to consider supporting documentation submitted.
3. The assessed amount is excessive and not supported by the evidence on record.

We respectfully request a review and withdrawal of the said assessment."
DOC-OBJ-00101,Objection Letter,"THE COMMISSIONER
Kenya Revenue Authority
Mombasa Regional Office

Date: 2026-05-20
Reference: OBJ/6634/60

RE: NOTICE OF OBJECTION — VAT ASSESSMENT

I, William Galvan, on behalf of Gentry Ltd (PIN: A45474451891B), hereby formally object to the assessment of KES 49,968,709.60 on the following grounds:

1. The assessment is contrary to Section 47 of the Income Tax Act.
2. The Commissioner failed to consider supporting documentation submitted.
3. The assessed amount is excessive and not supported by the evidence on record.

We respectfully request a review and withdrawal of the said assessment."
DOC-OBJ-00102,Objection Letter,"THE COMMISSIONER
Kenya Revenue Authority
Mombasa Regional Office

Date: 2025-10-27
Reference: OBJ/8514/51

RE: NOTICE OF OBJECTION — EXCISE DUTY ASSESSMENT

I, Hayley Smith, on behalf of Lloyd Inc (PIN: A09607085407B), hereby formally object to the assessment of KES 19,099,146.67 on the following grounds:

1. The assessment is contrary to Section 12 of the Tax Appeals Tribunal Act.
2. The Commissioner failed to consider supporting documentation submitted.
3. The assessed amount is excessive and not supported by the evidence on record.

We respectfully request a review and withdrawal of the said assessment."
DOC-OBJ-00103,Objection Letter,"THE COMMISSIONER
Kenya Revenue Authority
Mombasa Regional Office

Date: 2025-10-27
Reference: OBJ/2633/40

RE: NOTICE OF OBJECTION — VAT ASSESSMENT

I, Sandra Allen, on behalf of Garcia-Moore (PIN: A97334428549B), hereby formally object to the assessment of KES 49,634,967.58 on the following grounds:

1. The assessment is contrary to Regulation 15 of the VAT Regulations 2017.
2. The Commissioner failed to consider supporting documentation submitted.
3. The assessed amount is excessive and not supported by the evidence on record.

We respectfully request a review and withdrawal of the said assessment."
DOC-OBJ-00104,Objection Letter,"THE COMMISSIONER
Kenya Revenue Authority
Times Tower, Nairobi

Date: 2025-10-10
Reference: OBJ/7162/77

RE: NOTICE OF OBJECTION — EXCISE DUTY ASSESSMENT

I, Carla Powell, on behalf of Smith Inc (PIN: A85313474650B), hereby formally object to the assessment of KES 19,820,496.76 on the following grounds:

1. The assessment is contrary to Regulation 15 of the VAT Regulations 2017.
2. The Commissioner failed to consider supporting documentation submitted.
3. The assessed amount is excessive and not supported by the evidence on record.

We respectfully request a review and withdrawal of the said assessment."
DOC-OBJ-00105,Objection Letter,"THE COMMISSIONER
Kenya Revenue Authority
Times Tower, Nairobi

Date: 2025-08-04
Reference: OBJ/9277/71

RE: NOTICE OF OBJECTION — EXCISE DUTY ASSESSMENT

I, Kyle Gallagher, on behalf of Davis-Nelson (PIN: A90030880486B), hereby formally object to the assessment of KES 38,926,665.21 on the following grounds:

1. The assessment is contrary to Regulation 15 of the VAT Regulations 2017.
2. The Commissioner failed to consider supporting documentation submitted.
3. The assessed amount is excessive and not supported by the evidence on record.

We respectfully request a review and withdrawal of the said assessment."
DOC-OBJ-00106,Objection Letter,"THE COMMISSIONER
Kenya Revenue Authority
Mombasa Regional Office

Date: 2026-01-21
Reference: OBJ/3217/60

RE: NOTICE OF OBJECTION — INCOME TAX ASSESSMENT

I, Nicholas Taylor, on behalf of Sullivan PLC (PIN: A44979307911B), hereby formally object to the assessment of KES 24,861,527.96 on the following grounds:

1. The assessment is contrary to Section 37 of the Tax Procedures Act.
2. The Commissioner failed to consider supporting documentation submitted.
3. The assessed amount is excessive and not supported by the evidence on record.

We respectfully request a review and withdrawal of the said assessment."
DOC-OBJ-00107,Objection Letter,"THE COMMISSIONER
Kenya Revenue Authority
Times Tower, Nairobi

Date: 2025-11-20
Reference: OBJ/5244/49

RE: NOTICE OF OBJECTION — WITHHOLDING TAX ASSESSMENT

I, Wesley Black, on behalf of Wood Ltd (PIN: A91681535286B), hereby formally object to the assessment of KES 40,106,501.28 on the following grounds:

1. The assessment is contrary to Section 47 of the Income Tax Act.
2. The Commissioner failed to consider supporting documentation submitted.
3. The assessed amount is excessive and not supported by the evidence on record.

We respectfully request a review and withdrawal of the said assessment."
DOC-OBJ-00108,Objection Letter,"THE COMMISSIONER
Kenya Revenue Authority
Kisumu Regional Office

Date: 2025-09-14
Reference: OBJ/3798/24

RE: NOTICE OF OBJECTION — WITHHOLDING TAX ASSESSMENT

I, Shelby Estrada, on behalf of Randolph, Harvey and Nguyen (PIN: A93139706059B), hereby formally object to the assessment of KES 31,063,513.60 on the following grounds:

1. The assessment is contrary to Regulation 15 of the VAT Regulations 2017.
2. The Commissioner failed to consider supporting documentation submitted.
3. The assessed amount is excessive and not supported by the evidence on record.

We respectfully request a review and withdrawal of the said assessment."
DOC-OBJ-00109,Objection Letter,"THE COMMISSIONER
Kenya Revenue Authority
Times Tower, Nairobi

Date: 2025-08-30
Reference: OBJ/3350/46

RE: NOTICE OF OBJECTION — WITHHOLDING TAX ASSESSMENT

I, Jay Beard, on behalf of Morgan LLC (PIN: A02698162411B), hereby formally object to the assessment of KES 34,058,711.95 on the following grounds:

1. The assessment is contrary to Section 31 of the Value Added Tax Act.
2. The Commissioner failed to consider supporting documentation submitted.
3. The assessed amount is excessive and not supported by the evidence on record.

We respectfully request a review and withdrawal of the said assessment."
DOC-OBJ-00110,Objection Letter,"THE COMMISSIONER
Kenya Revenue Authority
Kisumu Regional Office

Date: 2025-09-11
Reference: OBJ/4041/27

RE: NOTICE OF OBJECTION — VAT ASSESSMENT

I, Jose Newton, on behalf of Stevens PLC (PIN: A36895345992B), hereby formally object to the assessment of KES 45,175,015.02 on the following grounds:

1. The assessment is contrary to Section 12 of the Tax Appeals Tribunal Act.
2. The Commissioner failed to consider supporting documentation submitted.
3. The assessed amount is excessive and not supported by the evidence on record.

We respectfully request a review and withdrawal of the said assessment."
DOC-OBJ-00111,Objection Letter,"THE COMMISSIONER
Kenya Revenue Authority
Times Tower, Nairobi

Date: 2025-12-19
Reference: OBJ/0312/55

RE: NOTICE OF OBJECTION — EXCISE DUTY ASSESSMENT

I, Kimberly Roberts, on behalf of Anderson, Stewart and Crawford (PIN: A29264557551B), hereby formally object to the assessment of KES 39,441,093.68 on the following grounds:

1. The assessment is contrary to Section 12 of the Tax Appeals Tribunal Act.
2. The Commissioner failed to consider supporting documentation submitted.
3. The assessed amount is excessive and not supported by the evidence on record.

We respectfully request a review and withdrawal of the said assessment."
DOC-OBJ-00112,Objection Letter,"THE COMMISSIONER
Kenya Revenue Authority
Times Tower, Nairobi

Date: 2025-12-12
Reference: OBJ/8691/94

RE: NOTICE OF OBJECTION — CUSTOMS DUTY ASSESSMENT

I, Cody Gilbert, on behalf of Mcbride, Medina and Greene (PIN: A41692547943B), hereby formally object to the assessment of KES 36,631,370.41 on the following grounds:

1. The assessment is contrary to Section 12 of the Tax Appeals Tribunal Act.
2. The Commissioner failed to consider supporting documentation submitted.
3. The assessed amount is excessive and not supported by the evidence on record.

We respectfully request a review and withdrawal of the said assessment."
DOC-OBJ-00113,Objection Letter,"THE COMMISSIONER
Kenya Revenue Authority
Times Tower, Nairobi

Date: 2026-06-19
Reference: OBJ/1801/38

RE: NOTICE OF OBJECTION — INCOME TAX ASSESSMENT

I, Deborah Sampson, on behalf of Jenkins, Williams and Davis (PIN: A89725378904B), hereby formally object to the assessment of KES 37,386,669.20 on the following grounds:

1. The assessment is contrary to Section 47 of the Income Tax Act.
2. The Commissioner failed to consider supporting documentation submitted.
3. The assessed amount is excessive and not supported by the evidence on record.

We respectfully request a review and withdrawal of the said assessment."
DOC-OBJ-00114,Objection Letter,"THE COMMISSIONER
Kenya Revenue Authority
Mombasa Regional Office

Date: 2026-06-05
Reference: OBJ/9953/29

RE: NOTICE OF OBJECTION — EXCISE DUTY ASSESSMENT

I, Annette Obrien, on behalf of Ramirez PLC (PIN: A14818857206B), hereby formally object to the assessment of KES 39,336,314.91 on the following grounds:

1. The assessment is contrary to Section 37 of the Tax Procedures Act.
2. The Commissioner failed to consider supporting documentation submitted.
3. The assessed amount is excessive and not supported by the evidence on record.

We respectfully request a review and withdrawal of the said assessment."
DOC-OBJ-00115,Objection Letter,"THE COMMISSIONER
Kenya Revenue Authority
Times Tower, Nairobi

Date: 2025-08-31
Reference: OBJ/2791/32

RE: NOTICE OF OBJECTION — CUSTOMS DUTY ASSESSMENT

I, Joan Harrington, on behalf of Ellis-Torres (PIN: A23531150480B), hereby formally object to the assessment of KES 45,678,674.38 on the following grounds:

1. The assessment is contrary to Section 58 of the East African Customs Management Act.
2. The Commissioner failed to consider supporting documentation submitted.
3. The assessed amount is excessive and not supported by the evidence on record.

We respectfully request a review and withdrawal of the said assessment."
DOC-OBJ-00116,Objection Letter,"THE COMMISSIONER
Kenya Revenue Authority
Mombasa Regional Office

Date: 2025-09-23
Reference: OBJ/4997/86

RE: NOTICE OF OBJECTION — WITHHOLDING TAX ASSESSMENT

I, Joanna Martinez, on behalf of Alexander-Lopez (PIN: A51100991430B), hereby formally object to the assessment of KES 48,370,834.60 on the following grounds:

1. The assessment is contrary to Section 12 of the Tax Appeals Tribunal Act.
2. The Commissioner failed to consider supporting documentation submitted.
3. The assessed amount is excessive and not supported by the evidence on record.

We respectfully request a review and withdrawal of the said assessment."
DOC-OBJ-00117,Objection Letter,"THE COMMISSIONER
Kenya Revenue Authority
Mombasa Regional Office

Date: 2025-07-22
Reference: OBJ/6624/33

RE: NOTICE OF OBJECTION — VAT ASSESSMENT

I, James Christensen, on behalf of Patel, Guerrero and Howard (PIN: A44445382996B), hereby formally object to the assessment of KES 40,221,415.30 on the following grounds:

1. The assessment is contrary to Section 47 of the Income Tax Act.
2. The Commissioner failed to consider supporting documentation submitted.
3. The assessed amount is excessive and not supported by the evidence on record.

We respectfully request a review and withdrawal of the said assessment."
DOC-OBJ-00118,Objection Letter,"THE COMMISSIONER
Kenya Revenue Authority
Times Tower, Nairobi

Date: 2026-06-07
Reference: OBJ/5732/84

RE: NOTICE OF OBJECTION — WITHHOLDING TAX ASSESSMENT

I, Gwendolyn Hartman, on behalf of Peterson, Russo and Hill (PIN: A20812702014B), hereby formally object to the assessment of KES 37,719,867.08 on the following grounds:

1. The assessment is contrary to Regulation 15 of the VAT Regulations 2017.
2. The Commissioner failed to consider supporting documentation submitted.
3. The assessed amount is excessive and not supported by the evidence on record.

We respectfully request a review and withdrawal of the said assessment."
DOC-OBJ-00119,Objection Letter,"THE COMMISSIONER
Kenya Revenue Authority
Mombasa Regional Office

Date: 2025-07-09
Reference: OBJ/5898/42

RE: NOTICE OF OBJECTION — EXCISE DUTY ASSESSMENT

I, Andrew Roberts, on behalf of Miller, Meyer and Payne (PIN: A90651241053B), hereby formally object to the assessment of KES 33,736,591.20 on the following grounds:

1. The assessment is contrary to Section 12 of the Tax Appeals Tribunal Act.
2. The Commissioner failed to consider supporting documentation submitted.
3. The assessed amount is excessive and not supported by the evidence on record.

We respectfully request a review and withdrawal of the said assessment."
DOC-OBJ-00120,Objection Letter,"THE COMMISSIONER
Kenya Revenue Authority
Mombasa Regional Office

Date: 2026-03-18
Reference: OBJ/6958/64

RE: NOTICE OF OBJECTION — VAT ASSESSMENT

I, Mrs. Pamela Delacruz, on behalf of Adams-Garcia (PIN: A76511707680B), hereby formally object to the assessment of KES 4,560,628.63 on the following grounds:

1. The assessment is contrary to Section 12 of the Tax Appeals Tribunal Act.
2. The Commissioner failed to consider supporting documentation submitted.
3. The assessed amount is excessive and not supported by the evidence on record.

We respectfully request a review and withdrawal of the said assessment."
DOC-OBJ-00121,Objection Letter,"THE COMMISSIONER
Kenya Revenue Authority
Mombasa Regional Office

Date: 2025-10-31
Reference: OBJ/8816/77

RE: NOTICE OF OBJECTION — CUSTOMS DUTY ASSESSMENT

I, Helen Fleming, on behalf of Barrera-Johnson (PIN: A61316644011B), hereby formally object to the assessment of KES 26,851,786.80 on the following grounds:

1. The assessment is contrary to Regulation 15 of the VAT Regulations 2017.
2. The Commissioner failed to consider supporting documentation submitted.
3. The assessed amount is excessive and not supported by the evidence on record.

We respectfully request a review and withdrawal of the said assessment."
DOC-OBJ-00122,Objection Letter,"THE COMMISSIONER
Kenya Revenue Authority
Mombasa Regional Office

Date: 2026-02-07
Reference: OBJ/3331/69

RE: NOTICE OF OBJECTION — EXCISE DUTY ASSESSMENT

I, Sara Ward, on behalf of Gardner, Ramirez and Williams (PIN: A84019504639B), hereby formally object to the assessment of KES 37,463,129.60 on the following grounds:

1. The assessment is contrary to Section 58 of the East African Customs Management Act.
2. The Commissioner failed to consider supporting documentation submitted.
3. The assessed amount is excessive and not supported by the evidence on record.

We respectfully request a review and withdrawal of the said assessment."
DOC-OBJ-00123,Objection Letter,"THE COMMISSIONER
Kenya Revenue Authority
Mombasa Regional Office

Date: 2025-10-06
Reference: OBJ/2720/61

RE: NOTICE OF OBJECTION — VAT ASSESSMENT

I, Kenneth Walters, on behalf of Galvan, Walker and Reid (PIN: A39624812445B), hereby formally object to the assessment of KES 41,129,744.20 on the following grounds:

1. The assessment is contrary to Regulation 15 of the VAT Regulations 2017.
2. The Commissioner failed to consider supporting documentation submitted.
3. The assessed amount is excessive and not supported by the evidence on record.

We respectfully request a review and withdrawal of the said assessment."
DOC-OBJ-00124,Objection Letter,"THE COMMISSIONER
Kenya Revenue Authority
Times Tower, Nairobi

Date: 2026-05-26
Reference: OBJ/0967/91

RE: NOTICE OF OBJECTION — EXCISE DUTY ASSESSMENT

I, Donna Hill, on behalf of Taylor, Stewart and Roberts (PIN: A51790851711B), hereby formally object to the assessment of KES 11,729,404.02 on the following grounds:

1. The assessment is contrary to Section 37 of the Tax Procedures Act.
2. The Commissioner failed to consider supporting documentation submitted.
3. The assessed amount is excessive and not supported by the evidence on record.

We respectfully request a review and withdrawal of the said assessment."
DOC-OBJ-00125,Objection Letter,"THE COMMISSIONER
Kenya Revenue Authority
Kisumu Regional Office

Date: 2026-06-17
Reference: OBJ/8837/25

RE: NOTICE OF OBJECTION — INCOME TAX ASSESSMENT

I, Tamara Boone, on behalf of Brown-Hart (PIN: A01990161314B), hereby formally object to the assessment of KES 16,433,913.78 on the following grounds:

1. The assessment is contrary to Regulation 15 of the VAT Regulations 2017.
2. The Commissioner failed to consider supporting documentation submitted.
3. The assessed amount is excessive and not supported by the evidence on record.

We respectfully request a review and withdrawal of the said assessment."
DOC-OBJ-00126,Objection Letter,"THE COMMISSIONER
Kenya Revenue Authority
Mombasa Regional Office

Date: 2026-06-15
Reference: OBJ/8242/29

RE: NOTICE OF OBJECTION — WITHHOLDING TAX ASSESSMENT

I, Don West, on behalf of Mcgrath-Thomas (PIN: A48236137031B), hereby formally object to the assessment of KES 3,207,691.21 on the following grounds:

1. The assessment is contrary to Section 12 of the Tax Appeals Tribunal Act.
2. The Commissioner failed to consider supporting documentation submitted.
3. The assessed amount is excessive and not supported by the evidence on record.

We respectfully request a review and withdrawal of the said assessment."
DOC-OBJ-00127,Objection Letter,"THE COMMISSIONER
Kenya Revenue Authority
Times Tower, Nairobi

Date: 2025-09-30
Reference: OBJ/6143/48

RE: NOTICE OF OBJECTION — INCOME TAX ASSESSMENT

I, Sherry Bender, on behalf of Turner and Sons (PIN: A07497640565B), hereby formally object to the assessment of KES 32,479,510.34 on the following grounds:

1. The assessment is contrary to Section 31 of the Value Added Tax Act.
2. The Commissioner failed to consider supporting documentation submitted.
3. The assessed amount is excessive and not supported by the evidence on record.

We respectfully request a review and withdrawal of the said assessment."
DOC-OBJ-00128,Objection Letter,"THE COMMISSIONER
Kenya Revenue Authority
Mombasa Regional Office

Date: 2026-04-25
Reference: OBJ/1981/60

RE: NOTICE OF OBJECTION — PAYE ASSESSMENT

I, Amber Sampson, on behalf of Gomez, Lee and Duncan (PIN: A52271223970B), hereby formally object to the assessment of KES 47,315,763.57 on the following grounds:

1. The assessment is contrary to Section 31 of the Value Added Tax Act.
2. The Commissioner failed to consider supporting documentation submitted.
3. The assessed amount is excessive and not supported by the evidence on record.

We respectfully request a review and withdrawal of the said assessment."
DOC-OBJ-00129,Objection Letter,"THE COMMISSIONER
Kenya Revenue Authority
Kisumu Regional Office

Date: 2025-07-19
Reference: OBJ/0392/46

RE: NOTICE OF OBJECTION — INCOME TAX ASSESSMENT

I, Amber Holland, on behalf of Smith-Vasquez (PIN: A51982433622B), hereby formally object to the assessment of KES 4,904,740.33 on the following grounds:

1. The assessment is contrary to Section 58 of the East African Customs Management Act.
2. The Commissioner failed to consider supporting documentation submitted.
3. The assessed amount is excessive and not supported by the evidence on record.

We respectfully request a review and withdrawal of the said assessment."
DOC-OBJ-00130,Objection Letter,"THE COMMISSIONER
Kenya Revenue Authority
Kisumu Regional Office

Date: 2026-03-04
Reference: OBJ/7145/55

RE: NOTICE OF OBJECTION — WITHHOLDING TAX ASSESSMENT

I, Jesse Jordan, on behalf of Hughes, Lawrence and Simon (PIN: A20351901390B), hereby formally object to the assessment of KES 22,709,505.66 on the following grounds:

1. The assessment is contrary to Regulation 15 of the VAT Regulations 2017.
2. The Commissioner failed to consider supporting documentation submitted.
3. The assessed amount is excessive and not supported by the evidence on record.

We respectfully request a review and withdrawal of the said assessment."
DOC-OBJ-00131,Objection Letter,"THE COMMISSIONER
Kenya Revenue Authority
Mombasa Regional Office

Date: 2026-07-02
Reference: OBJ/8876/14

RE: NOTICE OF OBJECTION — EXCISE DUTY ASSESSMENT

I, Alexandria Oliver MD, on behalf of Morgan Group (PIN: A02855025040B), hereby formally object to the assessment of KES 47,301,405.58 on the following grounds:

1. The assessment is contrary to Regulation 15 of the VAT Regulations 2017.
2. The Commissioner failed to consider supporting documentation submitted.
3. The assessed amount is excessive and not supported by the evidence on record.

We respectfully request a review and withdrawal of the said assessment."
DOC-OBJ-00132,Objection Letter,"THE COMMISSIONER
Kenya Revenue Authority
Mombasa Regional Office

Date: 2025-11-25
Reference: OBJ/8253/51

RE: NOTICE OF OBJECTION — WITHHOLDING TAX ASSESSMENT

I, Javier Fowler, on behalf of Robinson, Hall and Booth (PIN: A00442821047B), hereby formally object to the assessment of KES 36,343,627.57 on the following grounds:

1. The assessment is contrary to Section 31 of the Value Added Tax Act.
2. The Commissioner failed to consider supporting documentation submitted.
3. The assessed amount is excessive and not supported by the evidence on record.

We respectfully request a review and withdrawal of the said assessment."
DOC-OBJ-00133,Objection Letter,"THE COMMISSIONER
Kenya Revenue Authority
Kisumu Regional Office

Date: 2026-04-23
Reference: OBJ/6935/91

RE: NOTICE OF OBJECTION — PAYE ASSESSMENT

I, William Alvarez, on behalf of Butler-Hutchinson (PIN: A81014933007B), hereby formally object to the assessment of KES 41,692,969.51 on the following grounds:

1. The assessment is contrary to Section 12 of the Tax Appeals Tribunal Act.
2. The Commissioner failed to consider supporting documentation submitted.
3. The assessed amount is excessive and not supported by the evidence on record.

We respectfully request a review and withdrawal of the said assessment."
DOC-OBJ-00134,Objection Letter,"THE COMMISSIONER
Kenya Revenue Authority
Mombasa Regional Office

Date: 2025-11-18
Reference: OBJ/6862/22

RE: NOTICE OF OBJECTION — INCOME TAX ASSESSMENT

I, Allison Henry, on behalf of Martinez Group (PIN: A87857157725B), hereby formally object to the assessment of KES 1,684,178.53 on the following grounds:

1. The assessment is contrary to Section 58 of the East African Customs Management Act.
2. The Commissioner failed to consider supporting documentation submitted.
3. The assessed amount is excessive and not supported by the evidence on record.

We respectfully request a review and withdrawal of the said assessment."
DOC-OBJ-00135,Objection Letter,"THE COMMISSIONER
Kenya Revenue Authority
Times Tower, Nairobi

Date: 2025-09-14
Reference: OBJ/6166/95

RE: NOTICE OF OBJECTION — CUSTOMS DUTY ASSESSMENT

I, Stephanie Martin, on behalf of Lopez, Valdez and Baker (PIN: A92378680457B), hereby formally object to the assessment of KES 22,262,558.20 on the following grounds:

1. The assessment is contrary to Section 31 of the Value Added Tax Act.
2. The Commissioner failed to consider supporting documentation submitted.
3. The assessed amount is excessive and not supported by the evidence on record.

We respectfully request a review and withdrawal of the said assessment."
DOC-OBJ-00136,Objection Letter,"THE COMMISSIONER
Kenya Revenue Authority
Mombasa Regional Office

Date: 2025-10-30
Reference: OBJ/0322/60

RE: NOTICE OF OBJECTION — EXCISE DUTY ASSESSMENT

I, Robert Rodriguez, on behalf of Jackson LLC (PIN: A79055688187B), hereby formally object to the assessment of KES 49,047,339.53 on the following grounds:

1. The assessment is contrary to Regulation 15 of the VAT Regulations 2017.
2. The Commissioner failed to consider supporting documentation submitted.
3. The assessed amount is excessive and not supported by the evidence on record.

We respectfully request a review and withdrawal of the said assessment."
DOC-OBJ-00137,Objection Letter,"THE COMMISSIONER
Kenya Revenue Authority
Mombasa Regional Office

Date: 2025-07-24
Reference: OBJ/4206/75

RE: NOTICE OF OBJECTION — CUSTOMS DUTY ASSESSMENT

I, Bryan Sandoval, on behalf of Banks Inc (PIN: A44399174606B), hereby formally object to the assessment of KES 17,965,758.37 on the following grounds:

1. The assessment is contrary to Section 47 of the Income Tax Act.
2. The Commissioner failed to consider supporting documentation submitted.
3. The assessed amount is excessive and not supported by the evidence on record.

We respectfully request a review and withdrawal of the said assessment."
DOC-OBJ-00138,Objection Letter,"THE COMMISSIONER
Kenya Revenue Authority
Mombasa Regional Office

Date: 2026-06-16
Reference: OBJ/1098/94

RE: NOTICE OF OBJECTION — VAT ASSESSMENT

I, Andrea Jones, on behalf of Johnson PLC (PIN: A59297559376B), hereby formally object to the assessment of KES 48,411,933.45 on the following grounds:

1. The assessment is contrary to Regulation 15 of the VAT Regulations 2017.
2. The Commissioner failed to consider supporting documentation submitted.
3. The assessed amount is excessive and not supported by the evidence on record.

We respectfully request a review and withdrawal of the said assessment."
DOC-OBJ-00139,Objection Letter,"THE COMMISSIONER
Kenya Revenue Authority
Kisumu Regional Office

Date: 2026-06-24
Reference: OBJ/0648/34

RE: NOTICE OF OBJECTION — EXCISE DUTY ASSESSMENT

I, Joshua Dixon, on behalf of Gardner, Hamilton and Gallegos (PIN: A25968271628B), hereby formally object to the assessment of KES 10,644,685.48 on the following grounds:

1. The assessment is contrary to Section 31 of the Value Added Tax Act.
2. The Commissioner failed to consider supporting documentation submitted.
3. The assessed amount is excessive and not supported by the evidence on record.

We respectfully request a review and withdrawal of the said assessment."
DOC-OBJ-00140,Objection Letter,"THE COMMISSIONER
Kenya Revenue Authority
Mombasa Regional Office

Date: 2026-02-17
Reference: OBJ/0066/03

RE: NOTICE OF OBJECTION — INCOME TAX ASSESSMENT

I, Robert Edwards, on behalf of Guzman-Bryant (PIN: A99511176086B), hereby formally object to the assessment of KES 2,576,396.61 on the following grounds:

1. The assessment is contrary to Section 47 of the Income Tax Act.
2. The Commissioner failed to consider supporting documentation submitted.
3. The assessed amount is excessive and not supported by the evidence on record.

We respectfully request a review and withdrawal of the said assessment."
DOC-OBJ-00141,Objection Letter,"THE COMMISSIONER
Kenya Revenue Authority
Times Tower, Nairobi

Date: 2025-11-27
Reference: OBJ/4240/78

RE: NOTICE OF OBJECTION — VAT ASSESSMENT

I, Aaron Blanchard, on behalf of Black-Morgan (PIN: A70738282749B), hereby formally object to the assessment of KES 39,359,556.09 on the following grounds:

1. The assessment is contrary to Section 37 of the Tax Procedures Act.
2. The Commissioner failed to consider supporting documentation submitted.
3. The assessed amount is excessive and not supported by the evidence on record.

We respectfully request a review and withdrawal of the said assessment."
DOC-OBJ-00142,Objection Letter,"THE COMMISSIONER
Kenya Revenue Authority
Times Tower, Nairobi

Date: 2026-04-19
Reference: OBJ/5636/83

RE: NOTICE OF OBJECTION — INCOME TAX ASSESSMENT

I, Alicia Logan, on behalf of Anderson, Roberts and Martinez (PIN: A17796680224B), hereby formally object to the assessment of KES 10,397,510.65 on the following grounds:

1. The assessment is contrary to Section 12 of the Tax Appeals Tribunal Act.
2. The Commissioner failed to consider supporting documentation submitted.
3. The assessed amount is excessive and not supported by the evidence on record.

We respectfully request a review and withdrawal of the said assessment."
DOC-OBJ-00143,Objection Letter,"THE COMMISSIONER
Kenya Revenue Authority
Kisumu Regional Office

Date: 2026-04-21
Reference: OBJ/5021/27

RE: NOTICE OF OBJECTION — VAT ASSESSMENT

I, Kristina Cook, on behalf of Smith Inc (PIN: A52312050664B), hereby formally object to the assessment of KES 38,729,710.46 on the following grounds:

1. The assessment is contrary to Section 12 of the Tax Appeals Tribunal Act.
2. The Commissioner failed to consider supporting documentation submitted.
3. The assessed amount is excessive and not supported by the evidence on record.

We respectfully request a review and withdrawal of the said assessment."
DOC-OBJ-00144,Objection Letter,"THE COMMISSIONER
Kenya Revenue Authority
Times Tower, Nairobi

Date: 2025-12-16
Reference: OBJ/1389/00

RE: NOTICE OF OBJECTION — INCOME TAX ASSESSMENT

I, Stacy Pope, on behalf of Walters-Burnett (PIN: A41743379872B), hereby formally object to the assessment of KES 42,927,386.01 on the following grounds:

1. The assessment is contrary to Section 37 of the Tax Procedures Act.
2. The Commissioner failed to consider supporting documentation submitted.
3. The assessed amount is excessive and not supported by the evidence on record.

We respectfully request a review and withdrawal of the said assessment."
DOC-OBJ-00145,Objection Letter,"THE COMMISSIONER
Kenya Revenue Authority
Times Tower, Nairobi

Date: 2026-01-30
Reference: OBJ/0054/21

RE: NOTICE OF OBJECTION — VAT ASSESSMENT

I, Amber Ramos, on behalf of Rowe PLC (PIN: A43462034176B), hereby formally object to the assessment of KES 12,570,177.13 on the following grounds:

1. The assessment is contrary to Regulation 15 of the VAT Regulations 2017.
2. The Commissioner failed to consider supporting documentation submitted.
3. The assessed amount is excessive and not supported by the evidence on record.

We respectfully request a review and withdrawal of the said assessment."
DOC-OBJ-00146,Objection Letter,"THE COMMISSIONER
Kenya Revenue Authority
Times Tower, Nairobi

Date: 2025-07-25
Reference: OBJ/3632/21

RE: NOTICE OF OBJECTION — VAT ASSESSMENT

I, Colleen Martin, on behalf of Landry, Gonzales and Curtis (PIN: A75151801725B), hereby formally object to the assessment of KES 43,329,072.03 on the following grounds:

1. The assessment is contrary to Section 12 of the Tax Appeals Tribunal Act.
2. The Commissioner failed to consider supporting documentation submitted.
3. The assessed amount is excessive and not supported by the evidence on record.

We respectfully request a review and withdrawal of the said assessment."
DOC-OBJ-00147,Objection Letter,"THE COMMISSIONER
Kenya Revenue Authority
Times Tower, Nairobi

Date: 2026-03-22
Reference: OBJ/1249/01

RE: NOTICE OF OBJECTION — EXCISE DUTY ASSESSMENT

I, Michael Garcia, on behalf of Mckay-Patel (PIN: A73428422002B), hereby formally object to the assessment of KES 39,509,733.98 on the following grounds:

1. The assessment is contrary to Section 12 of the Tax Appeals Tribunal Act.
2. The Commissioner failed to consider supporting documentation submitted.
3. The assessed amount is excessive and not supported by the evidence on record.

We respectfully request a review and withdrawal of the said assessment."
DOC-OBJ-00148,Objection Letter,"THE COMMISSIONER
Kenya Revenue Authority
Mombasa Regional Office

Date: 2025-12-18
Reference: OBJ/8415/94

RE: NOTICE OF OBJECTION — VAT ASSESSMENT

I, Faith Morris, on behalf of Sanchez, Hayes and Ingram (PIN: A39797569074B), hereby formally object to the assessment of KES 838,265.12 on the following grounds:

1. The assessment is contrary to Section 47 of the Income Tax Act.
2. The Commissioner failed to consider supporting documentation submitted.
3. The assessed amount is excessive and not supported by the evidence on record.

We respectfully request a review and withdrawal of the said assessment."
DOC-OBJ-00149,Objection Letter,"THE COMMISSIONER
Kenya Revenue Authority
Kisumu Regional Office

Date: 2026-05-12
Reference: OBJ/8521/12

RE: NOTICE OF OBJECTION — VAT ASSESSMENT

I, Jody Smith, on behalf of Burke-Cohen (PIN: A37851785373B), hereby formally object to the assessment of KES 37,098,816.94 on the following grounds:

1. The assessment is contrary to Regulation 15 of the VAT Regulations 2017.
2. The Commissioner failed to consider supporting documentation submitted.
3. The assessed amount is excessive and not supported by the evidence on record.

We respectfully request a review and withdrawal of the said assessment."
DOC-OBJ-00150,Objection Letter,"THE COMMISSIONER
Kenya Revenue Authority
Mombasa Regional Office

Date: 2026-03-28
Reference: OBJ/9794/10

RE: NOTICE OF OBJECTION — CUSTOMS DUTY ASSESSMENT

I, Glenn Wolf, on behalf of Brown-Adams (PIN: A35222396411B), hereby formally object to the assessment of KES 3,224,724.01 on the following grounds:

1. The assessment is contrary to Section 37 of the Tax Procedures Act.
2. The Commissioner failed to consider supporting documentation submitted.
3. The assessed amount is excessive and not supported by the evidence on record.

We respectfully request a review and withdrawal of the said assessment."
DOC-OBJ-00151,Objection Letter,"THE COMMISSIONER
Kenya Revenue Authority
Mombasa Regional Office

Date: 2026-05-20
Reference: OBJ/1988/38

RE: NOTICE OF OBJECTION — EXCISE DUTY ASSESSMENT

I, Linda Ford, on behalf of Fields PLC (PIN: A29162667337B), hereby formally object to the assessment of KES 29,703,617.59 on the following grounds:

1. The assessment is contrary to Section 47 of the Income Tax Act.
2. The Commissioner failed to consider supporting documentation submitted.
3. The assessed amount is excessive and not supported by the evidence on record.

We respectfully request a review and withdrawal of the said assessment."
DOC-OBJ-00152,Objection Letter,"THE COMMISSIONER
Kenya Revenue Authority
Times Tower, Nairobi

Date: 2026-02-27
Reference: OBJ/2817/15

RE: NOTICE OF OBJECTION — WITHHOLDING TAX ASSESSMENT

I, Terri Ryan, on behalf of Tucker-Clay (PIN: A01569280028B), hereby formally object to the assessment of KES 47,273,511.37 on the following grounds:

1. The assessment is contrary to Regulation 15 of the VAT Regulations 2017.
2. The Commissioner failed to consider supporting documentation submitted.
3. The assessed amount is excessive and not supported by the evidence on record.

We respectfully request a review and withdrawal of the said assessment."
DOC-OBJ-00153,Objection Letter,"THE COMMISSIONER
Kenya Revenue Authority
Mombasa Regional Office

Date: 2025-09-20
Reference: OBJ/3500/19

RE: NOTICE OF OBJECTION — WITHHOLDING TAX ASSESSMENT

I, Amy Greene, on behalf of King-Lee (PIN: A89350011769B), hereby formally object to the assessment of KES 26,096,488.17 on the following grounds:

1. The assessment is contrary to Section 31 of the Value Added Tax Act.
2. The Commissioner failed to consider supporting documentation submitted.
3. The assessed amount is excessive and not supported by the evidence on record.

We respectfully request a review and withdrawal of the said assessment."
DOC-OBJ-00154,Objection Letter,"THE COMMISSIONER
Kenya Revenue Authority
Mombasa Regional Office

Date: 2026-04-30
Reference: OBJ/1055/69

RE: NOTICE OF OBJECTION — PAYE ASSESSMENT

I, Andrew Leonard, on behalf of Wells LLC (PIN: A05845484787B), hereby formally object to the assessment of KES 3,088,229.10 on the following grounds:

1. The assessment is contrary to Section 58 of the East African Customs Management Act.
2. The Commissioner failed to consider supporting documentation submitted.
3. The assessed amount is excessive and not supported by the evidence on record.

We respectfully request a review and withdrawal of the said assessment."
DOC-OBJ-00155,Objection Letter,"THE COMMISSIONER
Kenya Revenue Authority
Mombasa Regional Office

Date: 2025-08-18
Reference: OBJ/0011/23

RE: NOTICE OF OBJECTION — WITHHOLDING TAX ASSESSMENT

I, Adam Cain, on behalf of Burns-Chambers (PIN: A38957782427B), hereby formally object to the assessment of KES 34,320,569.93 on the following grounds:

1. The assessment is contrary to Section 58 of the East African Customs Management Act.
2. The Commissioner failed to consider supporting documentation submitted.
3. The assessed amount is excessive and not supported by the evidence on record.

We respectfully request a review and withdrawal of the said assessment."
DOC-OBJ-00156,Objection Letter,"THE COMMISSIONER
Kenya Revenue Authority
Times Tower, Nairobi

Date: 2026-04-02
Reference: OBJ/4246/76

RE: NOTICE OF OBJECTION — CUSTOMS DUTY ASSESSMENT

I, Michelle Williams, on behalf of Pierce, Dunlap and Hernandez (PIN: A55061596600B), hereby formally object to the assessment of KES 3,720,861.25 on the following grounds:

1. The assessment is contrary to Section 37 of the Tax Procedures Act.
2. The Commissioner failed to consider supporting documentation submitted.
3. The assessed amount is excessive and not supported by the evidence on record.

We respectfully request a review and withdrawal of the said assessment."
DOC-OBJ-00157,Objection Letter,"THE COMMISSIONER
Kenya Revenue Authority
Times Tower, Nairobi

Date: 2025-07-30
Reference: OBJ/2248/30

RE: NOTICE OF OBJECTION — CUSTOMS DUTY ASSESSMENT

I, Michelle Castro, on behalf of Webb-Hudson (PIN: A67884738449B), hereby formally object to the assessment of KES 7,459,274.59 on the following grounds:

1. The assessment is contrary to Section 37 of the Tax Procedures Act.
2. The Commissioner failed to consider supporting documentation submitted.
3. The assessed amount is excessive and not supported by the evidence on record.

We respectfully request a review and withdrawal of the said assessment."
DOC-OBJ-00158,Objection Letter,"THE COMMISSIONER
Kenya Revenue Authority
Kisumu Regional Office

Date: 2025-12-24
Reference: OBJ/9164/21

RE: NOTICE OF OBJECTION — WITHHOLDING TAX ASSESSMENT

I, Stephen Marshall, on behalf of Friedman Ltd (PIN: A51677512156B), hereby formally object to the assessment of KES 31,672,182.38 on the following grounds:

1. The assessment is contrary to Section 12 of the Tax Appeals Tribunal Act.
2. The Commissioner failed to consider supporting documentation submitted.
3. The assessed amount is excessive and not supported by the evidence on record.

We respectfully request a review and withdrawal of the said assessment."
DOC-OBJ-00159,Objection Letter,"THE COMMISSIONER
Kenya Revenue Authority
Kisumu Regional Office

Date: 2026-02-14
Reference: OBJ/6471/80

RE: NOTICE OF OBJECTION — EXCISE DUTY ASSESSMENT

I, Peter Hodge, on behalf of Hoover-Ayala (PIN: A85942657941B), hereby formally object to the assessment of KES 19,076,174.72 on the following grounds:

1. The assessment is contrary to Section 12 of the Tax Appeals Tribunal Act.
2. The Commissioner failed to consider supporting documentation submitted.
3. The assessed amount is excessive and not supported by the evidence on record.

We respectfully request a review and withdrawal of the said assessment."
DOC-OBJ-00160,Objection Letter,"THE COMMISSIONER
Kenya Revenue Authority
Kisumu Regional Office

Date: 2025-10-28
Reference: OBJ/9497/44

RE: NOTICE OF OBJECTION — PAYE ASSESSMENT

I, Gabriel Williams, on behalf of Ryan-Kim (PIN: A88796236611B), hereby formally object to the assessment of KES 22,713,085.11 on the following grounds:

1. The assessment is contrary to Section 31 of the Value Added Tax Act.
2. The Commissioner failed to consider supporting documentation submitted.
3. The assessed amount is excessive and not supported by the evidence on record.

We respectfully request a review and withdrawal of the said assessment."
DOC-OBJ-00161,Objection Letter,"THE COMMISSIONER
Kenya Revenue Authority
Times Tower, Nairobi

Date: 2025-10-22
Reference: OBJ/1269/51

RE: NOTICE OF OBJECTION — WITHHOLDING TAX ASSESSMENT

I, Andrew Vargas, on behalf of Bell, Lowe and Lee (PIN: A45539523443B), hereby formally object to the assessment of KES 39,665,149.85 on the following grounds:

1. The assessment is contrary to Regulation 15 of the VAT Regulations 2017.
2. The Commissioner failed to consider supporting documentation submitted.
3. The assessed amount is excessive and not supported by the evidence on record.

We respectfully request a review and withdrawal of the said assessment."
DOC-OBJ-00162,Objection Letter,"THE COMMISSIONER
Kenya Revenue Authority
Kisumu Regional Office

Date: 2025-07-15
Reference: OBJ/6726/54

RE: NOTICE OF OBJECTION — WITHHOLDING TAX ASSESSMENT

I, Jennifer Wells, on behalf of Walsh-Hall (PIN: A61472840893B), hereby formally object to the assessment of KES 43,891,425.34 on the following grounds:

1. The assessment is contrary to Section 47 of the Income Tax Act.
2. The Commissioner failed to consider supporting documentation submitted.
3. The assessed amount is excessive and not supported by the evidence on record.

We respectfully request a review and withdrawal of the said assessment."
DOC-OBJ-00163,Objection Letter,"THE COMMISSIONER
Kenya Revenue Authority
Times Tower, Nairobi

Date: 2026-02-20
Reference: OBJ/7576/60

RE: NOTICE OF OBJECTION — PAYE ASSESSMENT

I, Tyler Ponce, on behalf of Todd-Davenport (PIN: A85520634743B), hereby formally object to the assessment of KES 21,531,993.59 on the following grounds:

1. The assessment is contrary to Section 12 of the Tax Appeals Tribunal Act.
2. The Commissioner failed to consider supporting documentation submitted.
3. The assessed amount is excessive and not supported by the evidence on record.

We respectfully request a review and withdrawal of the said assessment."
DOC-OBJ-00164,Objection Letter,"THE COMMISSIONER
Kenya Revenue Authority
Mombasa Regional Office

Date: 2025-11-22
Reference: OBJ/5080/75

RE: NOTICE OF OBJECTION — PAYE ASSESSMENT

I, Lisa Rosario, on behalf of Romero Group (PIN: A89586797460B), hereby formally object to the assessment of KES 41,379,590.28 on the following grounds:

1. The assessment is contrary to Regulation 15 of the VAT Regulations 2017.
2. The Commissioner failed to consider supporting documentation submitted.
3. The assessed amount is excessive and not supported by the evidence on record.

We respectfully request a review and withdrawal of the said assessment."
DOC-OBJ-00165,Objection Letter,"THE COMMISSIONER
Kenya Revenue Authority
Mombasa Regional Office

Date: 2025-08-29
Reference: OBJ/1356/50

RE: NOTICE OF OBJECTION — CUSTOMS DUTY ASSESSMENT

I, Ruben Goodman, on behalf of Perez PLC (PIN: A31920460773B), hereby formally object to the assessment of KES 4,799,537.67 on the following grounds:

1. The assessment is contrary to Regulation 15 of the VAT Regulations 2017.
2. The Commissioner failed to consider supporting documentation submitted.
3. The assessed amount is excessive and not supported by the evidence on record.

We respectfully request a review and withdrawal of the said assessment."
DOC-OBJ-00166,Objection Letter,"THE COMMISSIONER
Kenya Revenue Authority
Times Tower, Nairobi

Date: 2025-07-04
Reference: OBJ/2282/47

RE: NOTICE OF OBJECTION — WITHHOLDING TAX ASSESSMENT

I, Richard Carr, on behalf of Baker-White (PIN: A34234480781B), hereby formally object to the assessment of KES 12,781,745.33 on the following grounds:

1. The assessment is contrary to Section 58 of the East African Customs Management Act.
2. The Commissioner failed to consider supporting documentation submitted.
3. The assessed amount is excessive and not supported by the evidence on record.

We respectfully request a review and withdrawal of the said assessment."
DOC-OBJ-00167,Objection Letter,"THE COMMISSIONER
Kenya Revenue Authority
Times Tower, Nairobi

Date: 2026-04-09
Reference: OBJ/4735/74

RE: NOTICE OF OBJECTION — VAT ASSESSMENT

I, Mrs. Denise Barber, on behalf of Salazar, Jones and Conner (PIN: A41873365223B), hereby formally object to the assessment of KES 3,403,308.74 on the following grounds:

1. The assessment is contrary to Section 58 of the East African Customs Management Act.
2. The Commissioner failed to consider supporting documentation submitted.
3. The assessed amount is excessive and not supported by the evidence on record.

We respectfully request a review and withdrawal of the said assessment."
DOC-OBJ-00168,Objection Letter,"THE COMMISSIONER
Kenya Revenue Authority
Kisumu Regional Office

Date: 2025-12-06
Reference: OBJ/0789/33

RE: NOTICE OF OBJECTION — CUSTOMS DUTY ASSESSMENT

I, Paul Carpenter, on behalf of Moore-Howard (PIN: A23225143947B), hereby formally object to the assessment of KES 4,873,393.41 on the following grounds:

1. The assessment is contrary to Section 47 of the Income Tax Act.
2. The Commissioner failed to consider supporting documentation submitted.
3. The assessed amount is excessive and not supported by the evidence on record.

We respectfully request a review and withdrawal of the said assessment."
DOC-OBJ-00169,Objection Letter,"THE COMMISSIONER
Kenya Revenue Authority
Kisumu Regional Office

Date: 2025-08-23
Reference: OBJ/3692/85

RE: NOTICE OF OBJECTION — EXCISE DUTY ASSESSMENT

I, Maria Kane, on behalf of Sanchez-Massey (PIN: A34670911286B), hereby formally object to the assessment of KES 27,840,718.24 on the following grounds:

1. The assessment is contrary to Section 37 of the Tax Procedures Act.
2. The Commissioner failed to consider supporting documentation submitted.
3. The assessed amount is excessive and not supported by the evidence on record.

We respectfully request a review and withdrawal of the said assessment."
DOC-OBJ-00170,Objection Letter,"THE COMMISSIONER
Kenya Revenue Authority
Times Tower, Nairobi

Date: 2025-12-27
Reference: OBJ/4089/43

RE: NOTICE OF OBJECTION — PAYE ASSESSMENT

I, Wesley Holden, on behalf of Webb, Cortez and Mcclain (PIN: A71037525081B), hereby formally object to the assessment of KES 16,515,816.77 on the following grounds:

1. The assessment is contrary to Section 12 of the Tax Appeals Tribunal Act.
2. The Commissioner failed to consider supporting documentation submitted.
3. The assessed amount is excessive and not supported by the evidence on record.

We respectfully request a review and withdrawal of the said assessment."
DOC-OBJ-00171,Objection Letter,"THE COMMISSIONER
Kenya Revenue Authority
Mombasa Regional Office

Date: 2026-02-17
Reference: OBJ/8871/62

RE: NOTICE OF OBJECTION — WITHHOLDING TAX ASSESSMENT

I, Katie Conner, on behalf of Bailey-Bishop (PIN: A44666224177B), hereby formally object to the assessment of KES 43,686,688.24 on the following grounds:

1. The assessment is contrary to Section 31 of the Value Added Tax Act.
2. The Commissioner failed to consider supporting documentation submitted.
3. The assessed amount is excessive and not supported by the evidence on record.

We respectfully request a review and withdrawal of the said assessment."
DOC-OBJ-00172,Objection Letter,"THE COMMISSIONER
Kenya Revenue Authority
Kisumu Regional Office

Date: 2025-07-15
Reference: OBJ/0129/51

RE: NOTICE OF OBJECTION — CUSTOMS DUTY ASSESSMENT

I, Tyler Bates, on behalf of Yates-Delacruz (PIN: A22317286429B), hereby formally object to the assessment of KES 48,421,511.33 on the following grounds:

1. The assessment is contrary to Section 12 of the Tax Appeals Tribunal Act.
2. The Commissioner failed to consider supporting documentation submitted.
3. The assessed amount is excessive and not supported by the evidence on record.

We respectfully request a review and withdrawal of the said assessment."
DOC-OBJ-00173,Objection Letter,"THE COMMISSIONER
Kenya Revenue Authority
Kisumu Regional Office

Date: 2025-11-30
Reference: OBJ/0826/26

RE: NOTICE OF OBJECTION — INCOME TAX ASSESSMENT

I, Michael Johnson, on behalf of Hill-Nelson (PIN: A84811290659B), hereby formally object to the assessment of KES 5,224,848.27 on the following grounds:

1. The assessment is contrary to Section 47 of the Income Tax Act.
2. The Commissioner failed to consider supporting documentation submitted.
3. The assessed amount is excessive and not supported by the evidence on record.

We respectfully request a review and withdrawal of the said assessment."
DOC-OBJ-00174,Objection Letter,"THE COMMISSIONER
Kenya Revenue Authority
Times Tower, Nairobi

Date: 2026-05-22
Reference: OBJ/2465/75

RE: NOTICE OF OBJECTION — VAT ASSESSMENT

I, Ryan Crawford, on behalf of Conley-Gardner (PIN: A25117534043B), hereby formally object to the assessment of KES 32,853,978.33 on the following grounds:

1. The assessment is contrary to Section 12 of the Tax Appeals Tribunal Act.
2. The Commissioner failed to consider supporting documentation submitted.
3. The assessed amount is excessive and not supported by the evidence on record.

We respectfully request a review and withdrawal of the said assessment."
DOC-OBJ-00175,Objection Letter,"THE COMMISSIONER
Kenya Revenue Authority
Mombasa Regional Office

Date: 2026-01-02
Reference: OBJ/9346/22

RE: NOTICE OF OBJECTION — VAT ASSESSMENT

I, Rebecca Clark, on behalf of Scott, Owens and Snyder (PIN: A57764793757B), hereby formally object to the assessment of KES 42,276,402.26 on the following grounds:

1. The assessment is contrary to Section 12 of the Tax Appeals Tribunal Act.
2. The Commissioner failed to consider supporting documentation submitted.
3. The assessed amount is excessive and not supported by the evidence on record.

We respectfully request a review and withdrawal of the said assessment."
DOC-OBJ-00176,Objection Letter,"THE COMMISSIONER
Kenya Revenue Authority
Mombasa Regional Office

Date: 2025-09-30
Reference: OBJ/5925/39

RE: NOTICE OF OBJECTION — EXCISE DUTY ASSESSMENT

I, David Michael DDS, on behalf of Liu, Howard and Snyder (PIN: A56792407445B), hereby formally object to the assessment of KES 28,726,295.22 on the following grounds:

1. The assessment is contrary to Section 37 of the Tax Procedures Act.
2. The Commissioner failed to consider supporting documentation submitted.
3. The assessed amount is excessive and not supported by the evidence on record.

We respectfully request a review and withdrawal of the said assessment."
DOC-OBJ-00177,Objection Letter,"THE COMMISSIONER
Kenya Revenue Authority
Kisumu Regional Office

Date: 2025-07-27
Reference: OBJ/1272/25

RE: NOTICE OF OBJECTION — EXCISE DUTY ASSESSMENT

I, Adam Bishop, on behalf of Johnston and Sons (PIN: A54151381726B), hereby formally object to the assessment of KES 30,697,985.36 on the following grounds:

1. The assessment is contrary to Section 31 of the Value Added Tax Act.
2. The Commissioner failed to consider supporting documentation submitted.
3. The assessed amount is excessive and not supported by the evidence on record.

We respectfully request a review and withdrawal of the said assessment."
DOC-OBJ-00178,Objection Letter,"THE COMMISSIONER
Kenya Revenue Authority
Kisumu Regional Office

Date: 2025-12-09
Reference: OBJ/4894/17

RE: NOTICE OF OBJECTION — WITHHOLDING TAX ASSESSMENT

I, Richard Campbell, on behalf of Smith PLC (PIN: A10251031405B), hereby formally object to the assessment of KES 30,469,296.03 on the following grounds:

1. The assessment is contrary to Section 12 of the Tax Appeals Tribunal Act.
2. The Commissioner failed to consider supporting documentation submitted.
3. The assessed amount is excessive and not supported by the evidence on record.

We respectfully request a review and withdrawal of the said assessment."
DOC-OBJ-00179,Objection Letter,"THE COMMISSIONER
Kenya Revenue Authority
Mombasa Regional Office

Date: 2025-12-31
Reference: OBJ/6186/87

RE: NOTICE OF OBJECTION — WITHHOLDING TAX ASSESSMENT

I, Kimberly Clements, on behalf of Andersen Inc (PIN: A33063084613B), hereby formally object to the assessment of KES 1,496,211.39 on the following grounds:

1. The assessment is contrary to Section 12 of the Tax Appeals Tribunal Act.
2. The Commissioner failed to consider supporting documentation submitted.
3. The assessed amount is excessive and not supported by the evidence on record.

We respectfully request a review and withdrawal of the said assessment."
DOC-OBJ-00180,Objection Letter,"THE COMMISSIONER
Kenya Revenue Authority
Mombasa Regional Office

Date: 2025-12-30
Reference: OBJ/3411/94

RE: NOTICE OF OBJECTION — VAT ASSESSMENT

I, Donald Mcgee, on behalf of Fernandez-Ballard (PIN: A40330083996B), hereby formally object to the assessment of KES 46,080,799.18 on the following grounds:

1. The assessment is contrary to Section 47 of the Income Tax Act.
2. The Commissioner failed to consider supporting documentation submitted.
3. The assessed amount is excessive and not supported by the evidence on record.

We respectfully request a review and withdrawal of the said assessment."
DOC-OBJ-00181,Objection Letter,"THE COMMISSIONER
Kenya Revenue Authority
Kisumu Regional Office

Date: 2026-06-25
Reference: OBJ/6249/56

RE: NOTICE OF OBJECTION — WITHHOLDING TAX ASSESSMENT

I, Travis Byrd, on behalf of Benjamin-Gallegos (PIN: A73799197531B), hereby formally object to the assessment of KES 43,499,642.19 on the following grounds:

1. The assessment is contrary to Section 58 of the East African Customs Management Act.
2. The Commissioner failed to consider supporting documentation submitted.
3. The assessed amount is excessive and not supported by the evidence on record.

We respectfully request a review and withdrawal of the said assessment."
DOC-OBJ-00182,Objection Letter,"THE COMMISSIONER
Kenya Revenue Authority
Kisumu Regional Office

Date: 2026-05-09
Reference: OBJ/7397/95

RE: NOTICE OF OBJECTION — WITHHOLDING TAX ASSESSMENT

I, Brittany Holland, on behalf of Hanson-Watson (PIN: A90146873940B), hereby formally object to the assessment of KES 3,525,791.79 on the following grounds:

1. The assessment is contrary to Section 31 of the Value Added Tax Act.
2. The Commissioner failed to consider supporting documentation submitted.
3. The assessed amount is excessive and not supported by the evidence on record.

We respectfully request a review and withdrawal of the said assessment."
DOC-OBJ-00183,Objection Letter,"THE COMMISSIONER
Kenya Revenue Authority
Kisumu Regional Office

Date: 2025-10-01
Reference: OBJ/9138/20

RE: NOTICE OF OBJECTION — INCOME TAX ASSESSMENT

I, Heidi Oliver, on behalf of Davenport-Meyers (PIN: A39932165173B), hereby formally object to the assessment of KES 4,633,296.27 on the following grounds:

1. The assessment is contrary to Section 58 of the East African Customs Management Act.
2. The Commissioner failed to consider supporting documentation submitted.
3. The assessed amount is excessive and not supported by the evidence on record.

We respectfully request a review and withdrawal of the said assessment."
DOC-OBJ-00184,Objection Letter,"THE COMMISSIONER
Kenya Revenue Authority
Mombasa Regional Office

Date: 2026-06-05
Reference: OBJ/2353/24

RE: NOTICE OF OBJECTION — INCOME TAX ASSESSMENT

I, David Curry, on behalf of Fitzgerald Inc (PIN: A25588446547B), hereby formally object to the assessment of KES 21,020,633.06 on the following grounds:

1. The assessment is contrary to Section 12 of the Tax Appeals Tribunal Act.
2. The Commissioner failed to consider supporting documentation submitted.
3. The assessed amount is excessive and not supported by the evidence on record.

We respectfully request a review and withdrawal of the said assessment."
DOC-OBJ-00185,Objection Letter,"THE COMMISSIONER
Kenya Revenue Authority
Mombasa Regional Office

Date: 2025-10-12
Reference: OBJ/5097/01

RE: NOTICE OF OBJECTION — EXCISE DUTY ASSESSMENT

I, Nathan Lewis, on behalf of Hunter-Cooper (PIN: A47198992016B), hereby formally object to the assessment of KES 15,616,286.62 on the following grounds:

1. The assessment is contrary to Section 37 of the Tax Procedures Act.
2. The Commissioner failed to consider supporting documentation submitted.
3. The assessed amount is excessive and not supported by the evidence on record.

We respectfully request a review and withdrawal of the said assessment."
DOC-OBJ-00186,Objection Letter,"THE COMMISSIONER
Kenya Revenue Authority
Times Tower, Nairobi

Date: 2025-10-20
Reference: OBJ/6442/07

RE: NOTICE OF OBJECTION — INCOME TAX ASSESSMENT

I, Mr. Michael Brooks PhD, on behalf of Martinez Ltd (PIN: A93107592381B), hereby formally object to the assessment of KES 4,293,604.15 on the following grounds:

1. The assessment is contrary to Section 47 of the Income Tax Act.
2. The Commissioner failed to consider supporting documentation submitted.
3. The assessed amount is excessive and not supported by the evidence on record.

We respectfully request a review and withdrawal of the said assessment."
DOC-OBJ-00187,Objection Letter,"THE COMMISSIONER
Kenya Revenue Authority
Times Tower, Nairobi

Date: 2025-10-27
Reference: OBJ/6306/30

RE: NOTICE OF OBJECTION — WITHHOLDING TAX ASSESSMENT

I, Timothy Collins, on behalf of Brewer-Pearson (PIN: A05578484162B), hereby formally object to the assessment of KES 37,734,072.16 on the following grounds:

1. The assessment is contrary to Section 31 of the Value Added Tax Act.
2. The Commissioner failed to consider supporting documentation submitted.
3. The assessed amount is excessive and not supported by the evidence on record.

We respectfully request a review and withdrawal of the said assessment."
DOC-OBJ-00188,Objection Letter,"THE COMMISSIONER
Kenya Revenue Authority
Kisumu Regional Office

Date: 2025-08-28
Reference: OBJ/1430/54

RE: NOTICE OF OBJECTION — PAYE ASSESSMENT

I, Cynthia Kim, on behalf of Taylor PLC (PIN: A96948982285B), hereby formally object to the assessment of KES 13,641,537.04 on the following grounds:

1. The assessment is contrary to Section 58 of the East African Customs Management Act.
2. The Commissioner failed to consider supporting documentation submitted.
3. The assessed amount is excessive and not supported by the evidence on record.

We respectfully request a review and withdrawal of the said assessment."
DOC-OBJ-00189,Objection Letter,"THE COMMISSIONER
Kenya Revenue Authority
Mombasa Regional Office

Date: 2026-06-03
Reference: OBJ/6648/82

RE: NOTICE OF OBJECTION — CUSTOMS DUTY ASSESSMENT

I, Gavin Brown, on behalf of Rosales-Mclean (PIN: A99177804859B), hereby formally object to the assessment of KES 30,373,446.57 on the following grounds:

1. The assessment is contrary to Section 47 of the Income Tax Act.
2. The Commissioner failed to consider supporting documentation submitted.
3. The assessed amount is excessive and not supported by the evidence on record.

We respectfully request a review and withdrawal of the said assessment."
DOC-OBJ-00190,Objection Letter,"THE COMMISSIONER
Kenya Revenue Authority
Times Tower, Nairobi

Date: 2025-12-08
Reference: OBJ/3652/66

RE: NOTICE OF OBJECTION — CUSTOMS DUTY ASSESSMENT

I, Victoria Simmons, on behalf of Sullivan LLC (PIN: A23521945156B), hereby formally object to the assessment of KES 37,759,410.03 on the following grounds:

1. The assessment is contrary to Section 58 of the East African Customs Management Act.
2. The Commissioner failed to consider supporting documentation submitted.
3. The assessed amount is excessive and not supported by the evidence on record.

We respectfully request a review and withdrawal of the said assessment."
DOC-OBJ-00191,Objection Letter,"THE COMMISSIONER
Kenya Revenue Authority
Kisumu Regional Office

Date: 2025-10-07
Reference: OBJ/2135/19

RE: NOTICE OF OBJECTION — WITHHOLDING TAX ASSESSMENT

I, Jason Juarez, on behalf of Page, Cantu and Avery (PIN: A50238954388B), hereby formally object to the assessment of KES 5,588,944.12 on the following grounds:

1. The assessment is contrary to Section 37 of the Tax Procedures Act.
2. The Commissioner failed to consider supporting documentation submitted.
3. The assessed amount is excessive and not supported by the evidence on record.

We respectfully request a review and withdrawal of the said assessment."
DOC-OBJ-00192,Objection Letter,"THE COMMISSIONER
Kenya Revenue Authority
Kisumu Regional Office

Date: 2026-07-01
Reference: OBJ/7792/23

RE: NOTICE OF OBJECTION — CUSTOMS DUTY ASSESSMENT

I, Destiny Morgan, on behalf of Haas-Foster (PIN: A44193833682B), hereby formally object to the assessment of KES 24,357,306.03 on the following grounds:

1. The assessment is contrary to Section 31 of the Value Added Tax Act.
2. The Commissioner failed to consider supporting documentation submitted.
3. The assessed amount is excessive and not supported by the evidence on record.

We respectfully request a review and withdrawal of the said assessment."
DOC-OBJ-00193,Objection Letter,"THE COMMISSIONER
Kenya Revenue Authority
Kisumu Regional Office

Date: 2025-09-04
Reference: OBJ/7108/67

RE: NOTICE OF OBJECTION — VAT ASSESSMENT

I, Kristi Zimmerman, on behalf of Mullen, Carpenter and Martin (PIN: A78509741807B), hereby formally object to the assessment of KES 11,064,895.85 on the following grounds:

1. The assessment is contrary to Section 31 of the Value Added Tax Act.
2. The Commissioner failed to consider supporting documentation submitted.
3. The assessed amount is excessive and not supported by the evidence on record.

We respectfully request a review and withdrawal of the said assessment."
DOC-OBJ-00194,Objection Letter,"THE COMMISSIONER
Kenya Revenue Authority
Times Tower, Nairobi

Date: 2026-02-07
Reference: OBJ/9715/18

RE: NOTICE OF OBJECTION — INCOME TAX ASSESSMENT

I, Michael Sanders, on behalf of Kidd, Nguyen and Rojas (PIN: A28400997572B), hereby formally object to the assessment of KES 10,260,935.06 on the following grounds:

1. The assessment is contrary to Section 12 of the Tax Appeals Tribunal Act.
2. The Commissioner failed to consider supporting documentation submitted.
3. The assessed amount is excessive and not supported by the evidence on record.

We respectfully request a review and withdrawal of the said assessment."
DOC-OBJ-00195,Objection Letter,"THE COMMISSIONER
Kenya Revenue Authority
Times Tower, Nairobi

Date: 2025-07-31
Reference: OBJ/5799/29

RE: NOTICE OF OBJECTION — VAT ASSESSMENT

I, Andrew Russell, on behalf of Williams Inc (PIN: A05767565936B), hereby formally object to the assessment of KES 14,507,884.20 on the following grounds:

1. The assessment is contrary to Section 58 of the East African Customs Management Act.
2. The Commissioner failed to consider supporting documentation submitted.
3. The assessed amount is excessive and not supported by the evidence on record.

We respectfully request a review and withdrawal of the said assessment."
DOC-OBJ-00196,Objection Letter,"THE COMMISSIONER
Kenya Revenue Authority
Times Tower, Nairobi

Date: 2026-03-15
Reference: OBJ/4443/85

RE: NOTICE OF OBJECTION — INCOME TAX ASSESSMENT

I, Brent Schmidt, on behalf of Hubbard, Torres and Davis (PIN: A75406959789B), hereby formally object to the assessment of KES 37,363,355.47 on the following grounds:

1. The assessment is contrary to Section 58 of the East African Customs Management Act.
2. The Commissioner failed to consider supporting documentation submitted.
3. The assessed amount is excessive and not supported by the evidence on record.

We respectfully request a review and withdrawal of the said assessment."
DOC-OBJ-00197,Objection Letter,"THE COMMISSIONER
Kenya Revenue Authority
Times Tower, Nairobi

Date: 2025-12-14
Reference: OBJ/2900/45

RE: NOTICE OF OBJECTION — EXCISE DUTY ASSESSMENT

I, Evan Frost, on behalf of Anderson and Sons (PIN: A14565402369B), hereby formally object to the assessment of KES 26,652,488.28 on the following grounds:

1. The assessment is contrary to Section 37 of the Tax Procedures Act.
2. The Commissioner failed to consider supporting documentation submitted.
3. The assessed amount is excessive and not supported by the evidence on record.

We respectfully request a review and withdrawal of the said assessment."
DOC-OBJ-00198,Objection Letter,"THE COMMISSIONER
Kenya Revenue Authority
Mombasa Regional Office

Date: 2025-09-24
Reference: OBJ/5979/11

RE: NOTICE OF OBJECTION — VAT ASSESSMENT

I, Krystal Pitts, on behalf of Davis, Lopez and Sims (PIN: A12536347893B), hereby formally object to the assessment of KES 41,676,042.41 on the following grounds:

1. The assessment is contrary to Section 58 of the East African Customs Management Act.
2. The Commissioner failed to consider supporting documentation submitted.
3. The assessed amount is excessive and not supported by the evidence on record.

We respectfully request a review and withdrawal of the said assessment."
DOC-OBJ-00199,Objection Letter,"THE COMMISSIONER
Kenya Revenue Authority
Times Tower, Nairobi

Date: 2025-12-21
Reference: OBJ/4359/24

RE: NOTICE OF OBJECTION — PAYE ASSESSMENT

I, Diamond Wheeler, on behalf of Gardner Inc (PIN: A17374978974B), hereby formally object to the assessment of KES 43,095,129.88 on the following grounds:

1. The assessment is contrary to Section 31 of the Value Added Tax Act.
2. The Commissioner failed to consider supporting documentation submitted.
3. The assessed amount is excessive and not supported by the evidence on record.

We respectfully request a review and withdrawal of the said assessment."
DOC-OBJ-00200,Objection Letter,"THE COMMISSIONER
Kenya Revenue Authority
Times Tower, Nairobi

Date: 2025-07-28
Reference: OBJ/6460/02

RE: NOTICE OF OBJECTION — CUSTOMS DUTY ASSESSMENT

I, Brittany Holt MD, on behalf of Adams and Sons (PIN: A49515092545B), hereby formally object to the assessment of KES 23,014,724.81 on the following grounds:

1. The assessment is contrary to Section 37 of the Tax Procedures Act.
2. The Commissioner failed to consider supporting documentation submitted.
3. The assessed amount is excessive and not supported by the evidence on record.

We respectfully request a review and withdrawal of the said assessment."
DOC-OBJ-00201,Objection Letter,"THE COMMISSIONER
Kenya Revenue Authority
Mombasa Regional Office

Date: 2026-04-20
Reference: OBJ/9785/93

RE: NOTICE OF OBJECTION — WITHHOLDING TAX ASSESSMENT

I, Brian Thompson, on behalf of Johnston, Hoover and Hartman (PIN: A08742055789B), hereby formally object to the assessment of KES 21,492,750.10 on the following grounds:

1. The assessment is contrary to Regulation 15 of the VAT Regulations 2017.
2. The Commissioner failed to consider supporting documentation submitted.
3. The assessed amount is excessive and not supported by the evidence on record.

We respectfully request a review and withdrawal of the said assessment."
DOC-OBJ-00202,Objection Letter,"THE COMMISSIONER
Kenya Revenue Authority
Times Tower, Nairobi

Date: 2026-06-19
Reference: OBJ/6431/17

RE: NOTICE OF OBJECTION — PAYE ASSESSMENT

I, Benjamin Walton, on behalf of Kelly-Shah (PIN: A38420637368B), hereby formally object to the assessment of KES 20,913,813.29 on the following grounds:

1. The assessment is contrary to Section 31 of the Value Added Tax Act.
2. The Commissioner failed to consider supporting documentation submitted.
3. The assessed amount is excessive and not supported by the evidence on record.

We respectfully request a review and withdrawal of the said assessment."
DOC-OBJ-00203,Objection Letter,"THE COMMISSIONER
Kenya Revenue Authority
Times Tower, Nairobi

Date: 2025-07-09
Reference: OBJ/4913/18

RE: NOTICE OF OBJECTION — EXCISE DUTY ASSESSMENT

I, David Owens, on behalf of Brennan-King (PIN: A59949415504B), hereby formally object to the assessment of KES 48,311,674.57 on the following grounds:

1. The assessment is contrary to Section 58 of the East African Customs Management Act.
2. The Commissioner failed to consider supporting documentation submitted.
3. The assessed amount is excessive and not supported by the evidence on record.

We respectfully request a review and withdrawal of the said assessment."
DOC-OBJ-00204,Objection Letter,"THE COMMISSIONER
Kenya Revenue Authority
Mombasa Regional Office

Date: 2025-09-19
Reference: OBJ/7964/49

RE: NOTICE OF OBJECTION — VAT ASSESSMENT

I, Susan Simpson, on behalf of Wells, Mason and Reyes (PIN: A16449876226B), hereby formally object to the assessment of KES 41,609,694.36 on the following grounds:

1. The assessment is contrary to Section 58 of the East African Customs Management Act.
2. The Commissioner failed to consider supporting documentation submitted.
3. The assessed amount is excessive and not supported by the evidence on record.

We respectfully request a review and withdrawal of the said assessment."
DOC-OBJ-00205,Objection Letter,"THE COMMISSIONER
Kenya Revenue Authority
Times Tower, Nairobi

Date: 2026-06-26
Reference: OBJ/2717/21

RE: NOTICE OF OBJECTION — PAYE ASSESSMENT

I, Scott Smith, on behalf of Hines, Dalton and Willis (PIN: A72022471311B), hereby formally object to the assessment of KES 42,231,993.77 on the following grounds:

1. The assessment is contrary to Section 37 of the Tax Procedures Act.
2. The Commissioner failed to consider supporting documentation submitted.
3. The assessed amount is excessive and not supported by the evidence on record.

We respectfully request a review and withdrawal of the said assessment."
DOC-OBJ-00206,Objection Letter,"THE COMMISSIONER
Kenya Revenue Authority
Times Tower, Nairobi

Date: 2025-07-06
Reference: OBJ/5422/00

RE: NOTICE OF OBJECTION — PAYE ASSESSMENT

I, Veronica Johnson, on behalf of Rodriguez LLC (PIN: A22873863794B), hereby formally object to the assessment of KES 20,052,468.32 on the following grounds:

1. The assessment is contrary to Section 12 of the Tax Appeals Tribunal Act.
2. The Commissioner failed to consider supporting documentation submitted.
3. The assessed amount is excessive and not supported by the evidence on record.

We respectfully request a review and withdrawal of the said assessment."
DOC-OBJ-00207,Objection Letter,"THE COMMISSIONER
Kenya Revenue Authority
Times Tower, Nairobi

Date: 2025-10-26
Reference: OBJ/4125/80

RE: NOTICE OF OBJECTION — CUSTOMS DUTY ASSESSMENT

I, David Johnson, on behalf of Ferguson, Mckenzie and Martin (PIN: A25761052970B), hereby formally object to the assessment of KES 37,302,951.08 on the following grounds:

1. The assessment is contrary to Section 47 of the Income Tax Act.
2. The Commissioner failed to consider supporting documentation submitted.
3. The assessed amount is excessive and not supported by the evidence on record.

We respectfully request a review and withdrawal of the said assessment."
DOC-OBJ-00208,Objection Letter,"THE COMMISSIONER
Kenya Revenue Authority
Kisumu Regional Office

Date: 2025-11-03
Reference: OBJ/9480/92

RE: NOTICE OF OBJECTION — VAT ASSESSMENT

I, Heather Ingram, on behalf of Phillips, Gentry and Buchanan (PIN: A30493372247B), hereby formally object to the assessment of KES 3,865,149.90 on the following grounds:

1. The assessment is contrary to Section 37 of the Tax Procedures Act.
2. The Commissioner failed to consider supporting documentation submitted.
3. The assessed amount is excessive and not supported by the evidence on record.

We respectfully request a review and withdrawal of the said assessment."
DOC-OBJ-00209,Objection Letter,"THE COMMISSIONER
Kenya Revenue Authority
Mombasa Regional Office

Date: 2026-04-09
Reference: OBJ/8224/67

RE: NOTICE OF OBJECTION — CUSTOMS DUTY ASSESSMENT

I, Tiffany Tucker, on behalf of Evans Inc (PIN: A03308096408B), hereby formally object to the assessment of KES 25,522,105.51 on the following grounds:

1. The assessment is contrary to Regulation 15 of the VAT Regulations 2017.
2. The Commissioner failed to consider supporting documentation submitted.
3. The assessed amount is excessive and not supported by the evidence on record.

We respectfully request a review and withdrawal of the said assessment."
DOC-OBJ-00210,Objection Letter,"THE COMMISSIONER
Kenya Revenue Authority
Kisumu Regional Office

Date: 2025-10-20
Reference: OBJ/1823/87

RE: NOTICE OF OBJECTION — INCOME TAX ASSESSMENT

I, Brandon Farmer, on behalf of Adams and Sons (PIN: A31471421686B), hereby formally object to the assessment of KES 47,913,256.28 on the following grounds:

1. The assessment is contrary to Section 47 of the Income Tax Act.
2. The Commissioner failed to consider supporting documentation submitted.
3. The assessed amount is excessive and not supported by the evidence on record.

We respectfully request a review and withdrawal of the said assessment."
DOC-OBJ-00211,Objection Letter,"THE COMMISSIONER
Kenya Revenue Authority
Mombasa Regional Office

Date: 2025-09-03
Reference: OBJ/6492/73

RE: NOTICE OF OBJECTION — INCOME TAX ASSESSMENT

I, Amanda Randall, on behalf of Li, Paul and Ramirez (PIN: A07993842092B), hereby formally object to the assessment of KES 5,185,086.16 on the following grounds:

1. The assessment is contrary to Section 47 of the Income Tax Act.
2. The Commissioner failed to consider supporting documentation submitted.
3. The assessed amount is excessive and not supported by the evidence on record.

We respectfully request a review and withdrawal of the said assessment."
DOC-OBJ-00212,Objection Letter,"THE COMMISSIONER
Kenya Revenue Authority
Kisumu Regional Office

Date: 2026-03-27
Reference: OBJ/8806/09

RE: NOTICE OF OBJECTION — VAT ASSESSMENT

I, Sarah Gross, on behalf of Richardson-Lin (PIN: A35446010861B), hereby formally object to the assessment of KES 30,139,829.31 on the following grounds:

1. The assessment is contrary to Section 47 of the Income Tax Act.
2. The Commissioner failed to consider supporting documentation submitted.
3. The assessed amount is excessive and not supported by the evidence on record.

We respectfully request a review and withdrawal of the said assessment."
DOC-OBJ-00213,Objection Letter,"THE COMMISSIONER
Kenya Revenue Authority
Kisumu Regional Office

Date: 2026-01-18
Reference: OBJ/8316/61

RE: NOTICE OF OBJECTION — PAYE ASSESSMENT

I, Sandra Mcintyre, on behalf of Sharp-Cook (PIN: A24515544468B), hereby formally object to the assessment of KES 47,567,042.42 on the following grounds:

1. The assessment is contrary to Section 58 of the East African Customs Management Act.
2. The Commissioner failed to consider supporting documentation submitted.
3. The assessed amount is excessive and not supported by the evidence on record.

We respectfully request a review and withdrawal of the said assessment."
DOC-OBJ-00214,Objection Letter,"THE COMMISSIONER
Kenya Revenue Authority
Kisumu Regional Office

Date: 2026-02-23
Reference: OBJ/5727/62

RE: NOTICE OF OBJECTION — PAYE ASSESSMENT

I, Charles Robinson, on behalf of Jones-Williams (PIN: A96853360967B), hereby formally object to the assessment of KES 37,734,568.97 on the following grounds:

1. The assessment is contrary to Regulation 15 of the VAT Regulations 2017.
2. The Commissioner failed to consider supporting documentation submitted.
3. The assessed amount is excessive and not supported by the evidence on record.

We respectfully request a review and withdrawal of the said assessment."
DOC-OBJ-00215,Objection Letter,"THE COMMISSIONER
Kenya Revenue Authority
Kisumu Regional Office

Date: 2026-04-11
Reference: OBJ/1017/70

RE: NOTICE OF OBJECTION — WITHHOLDING TAX ASSESSMENT

I, Cody Logan, on behalf of Richardson-Horton (PIN: A16011221853B), hereby formally object to the assessment of KES 46,211,505.21 on the following grounds:

1. The assessment is contrary to Regulation 15 of the VAT Regulations 2017.
2. The Commissioner failed to consider supporting documentation submitted.
3. The assessed amount is excessive and not supported by the evidence on record.

We respectfully request a review and withdrawal of the said assessment."
DOC-OBJ-00216,Objection Letter,"THE COMMISSIONER
Kenya Revenue Authority
Mombasa Regional Office

Date: 2025-11-08
Reference: OBJ/8500/06

RE: NOTICE OF OBJECTION — WITHHOLDING TAX ASSESSMENT

I, Brittany Andrews, on behalf of Delgado, Robbins and Orr (PIN: A03135755818B), hereby formally object to the assessment of KES 49,327,270.79 on the following grounds:

1. The assessment is contrary to Section 12 of the Tax Appeals Tribunal Act.
2. The Commissioner failed to consider supporting documentation submitted.
3. The assessed amount is excessive and not supported by the evidence on record.

We respectfully request a review and withdrawal of the said assessment."
DOC-OBJ-00217,Objection Letter,"THE COMMISSIONER
Kenya Revenue Authority
Times Tower, Nairobi

Date: 2025-11-26
Reference: OBJ/2013/98

RE: NOTICE OF OBJECTION — PAYE ASSESSMENT

I, Dawn Harris, on behalf of Hood, Johnson and Schmidt (PIN: A24021077012B), hereby formally object to the assessment of KES 7,590,322.20 on the following grounds:

1. The assessment is contrary to Section 58 of the East African Customs Management Act.
2. The Commissioner failed to consider supporting documentation submitted.
3. The assessed amount is excessive and not supported by the evidence on record.

We respectfully request a review and withdrawal of the said assessment."
DOC-OBJ-00218,Objection Letter,"THE COMMISSIONER
Kenya Revenue Authority
Mombasa Regional Office

Date: 2025-10-06
Reference: OBJ/2771/38

RE: NOTICE OF OBJECTION — EXCISE DUTY ASSESSMENT

I, Ashley Jenkins, on behalf of Lang-Alexander (PIN: A72228922683B), hereby formally object to the assessment of KES 31,587,686.75 on the following grounds:

1. The assessment is contrary to Section 31 of the Value Added Tax Act.
2. The Commissioner failed to consider supporting documentation submitted.
3. The assessed amount is excessive and not supported by the evidence on record.

We respectfully request a review and withdrawal of the said assessment."
DOC-OBJ-00219,Objection Letter,"THE COMMISSIONER
Kenya Revenue Authority
Times Tower, Nairobi

Date: 2026-02-26
Reference: OBJ/8539/58

RE: NOTICE OF OBJECTION — CUSTOMS DUTY ASSESSMENT

I, Andre Bridges, on behalf of Swanson-Henderson (PIN: A25166990540B), hereby formally object to the assessment of KES 17,629,514.02 on the following grounds:

1. The assessment is contrary to Section 58 of the East African Customs Management Act.
2. The Commissioner failed to consider supporting documentation submitted.
3. The assessed amount is excessive and not supported by the evidence on record.

We respectfully request a review and withdrawal of the said assessment."
DOC-OBJ-00220,Objection Letter,"THE COMMISSIONER
Kenya Revenue Authority
Times Tower, Nairobi

Date: 2026-04-11
Reference: OBJ/1432/44

RE: NOTICE OF OBJECTION — CUSTOMS DUTY ASSESSMENT

I, Martin Liu, on behalf of Hunter Group (PIN: A84265974661B), hereby formally object to the assessment of KES 22,623,097.49 on the following grounds:

1. The assessment is contrary to Section 12 of the Tax Appeals Tribunal Act.
2. The Commissioner failed to consider supporting documentation submitted.
3. The assessed amount is excessive and not supported by the evidence on record.

We respectfully request a review and withdrawal of the said assessment."
DOC-OBJ-00221,Objection Letter,"THE COMMISSIONER
Kenya Revenue Authority
Times Tower, Nairobi

Date: 2025-10-30
Reference: OBJ/9868/00

RE: NOTICE OF OBJECTION — EXCISE DUTY ASSESSMENT

I, Brian Davidson, on behalf of Cunningham, Hernandez and Richardson (PIN: A51347733948B), hereby formally object to the assessment of KES 3,882,713.51 on the following grounds:

1. The assessment is contrary to Section 37 of the Tax Procedures Act.
2. The Commissioner failed to consider supporting documentation submitted.
3. The assessed amount is excessive and not supported by the evidence on record.

We respectfully request a review and withdrawal of the said assessment."
DOC-OBJ-00222,Objection Letter,"THE COMMISSIONER
Kenya Revenue Authority
Mombasa Regional Office

Date: 2026-04-24
Reference: OBJ/9797/63

RE: NOTICE OF OBJECTION — EXCISE DUTY ASSESSMENT

I, Frank Davis, on behalf of Ali and Sons (PIN: A04018845282B), hereby formally object to the assessment of KES 25,378,037.48 on the following grounds:

1. The assessment is contrary to Section 37 of the Tax Procedures Act.
2. The Commissioner failed to consider supporting documentation submitted.
3. The assessed amount is excessive and not supported by the evidence on record.

We respectfully request a review and withdrawal of the said assessment."
DOC-OBJ-00223,Objection Letter,"THE COMMISSIONER
Kenya Revenue Authority
Kisumu Regional Office

Date: 2025-09-12
Reference: OBJ/1135/32

RE: NOTICE OF OBJECTION — VAT ASSESSMENT

I, Anita Carr, on behalf of Stephenson-Lopez (PIN: A89240669131B), hereby formally object to the assessment of KES 47,713,862.26 on the following grounds:

1. The assessment is contrary to Section 58 of the East African Customs Management Act.
2. The Commissioner failed to consider supporting documentation submitted.
3. The assessed amount is excessive and not supported by the evidence on record.

We respectfully request a review and withdrawal of the said assessment."
DOC-OBJ-00224,Objection Letter,"THE COMMISSIONER
Kenya Revenue Authority
Kisumu Regional Office

Date: 2026-02-13
Reference: OBJ/4417/06

RE: NOTICE OF OBJECTION — WITHHOLDING TAX ASSESSMENT

I, Antonio Brown, on behalf of Cooper and Sons (PIN: A55756029848B), hereby formally object to the assessment of KES 45,457,045.33 on the following grounds:

1. The assessment is contrary to Section 47 of the Income Tax Act.
2. The Commissioner failed to consider supporting documentation submitted.
3. The assessed amount is excessive and not supported by the evidence on record.

We respectfully request a review and withdrawal of the said assessment."
DOC-OBJ-00225,Objection Letter,"THE COMMISSIONER
Kenya Revenue Authority
Mombasa Regional Office

Date: 2026-05-23
Reference: OBJ/0495/38

RE: NOTICE OF OBJECTION — EXCISE DUTY ASSESSMENT

I, Sandra Lopez, on behalf of Ho-Werner (PIN: A46718769965B), hereby formally object to the assessment of KES 16,110,261.81 on the following grounds:

1. The assessment is contrary to Section 47 of the Income Tax Act.
2. The Commissioner failed to consider supporting documentation submitted.
3. The assessed amount is excessive and not supported by the evidence on record.

We respectfully request a review and withdrawal of the said assessment."
DOC-OBJ-00226,Objection Letter,"THE COMMISSIONER
Kenya Revenue Authority
Mombasa Regional Office

Date: 2025-09-15
Reference: OBJ/7427/79

RE: NOTICE OF OBJECTION — VAT ASSESSMENT

I, Nathan Torres, on behalf of Clements-Hernandez (PIN: A89717778280B), hereby formally object to the assessment of KES 47,888,231.83 on the following grounds:

1. The assessment is contrary to Section 12 of the Tax Appeals Tribunal Act.
2. The Commissioner failed to consider supporting documentation submitted.
3. The assessed amount is excessive and not supported by the evidence on record.

We respectfully request a review and withdrawal of the said assessment."
DOC-OBJ-00227,Objection Letter,"THE COMMISSIONER
Kenya Revenue Authority
Times Tower, Nairobi

Date: 2026-02-22
Reference: OBJ/3464/95

RE: NOTICE OF OBJECTION — EXCISE DUTY ASSESSMENT

I, Paul Johnson, on behalf of Martin Group (PIN: A42283218793B), hereby formally object to the assessment of KES 49,120,159.78 on the following grounds:

1. The assessment is contrary to Regulation 15 of the VAT Regulations 2017.
2. The Commissioner failed to consider supporting documentation submitted.
3. The assessed amount is excessive and not supported by the evidence on record.

We respectfully request a review and withdrawal of the said assessment."
DOC-OBJ-00228,Objection Letter,"THE COMMISSIONER
Kenya Revenue Authority
Times Tower, Nairobi

Date: 2026-06-06
Reference: OBJ/4588/99

RE: NOTICE OF OBJECTION — WITHHOLDING TAX ASSESSMENT

I, Samantha Hodge, on behalf of Ruiz, Smith and King (PIN: A77365121941B), hereby formally object to the assessment of KES 8,669,317.63 on the following grounds:

1. The assessment is contrary to Section 58 of the East African Customs Management Act.
2. The Commissioner failed to consider supporting documentation submitted.
3. The assessed amount is excessive and not supported by the evidence on record.

We respectfully request a review and withdrawal of the said assessment."
DOC-OBJ-00229,Objection Letter,"THE COMMISSIONER
Kenya Revenue Authority
Kisumu Regional Office

Date: 2025-12-29
Reference: OBJ/9624/28

RE: NOTICE OF OBJECTION — EXCISE DUTY ASSESSMENT

I, Christina Turner, on behalf of Brown, Haynes and Garcia (PIN: A61526736358B), hereby formally object to the assessment of KES 49,549,751.83 on the following grounds:

1. The assessment is contrary to Section 37 of the Tax Procedures Act.
2. The Commissioner failed to consider supporting documentation submitted.
3. The assessed amount is excessive and not supported by the evidence on record.

We respectfully request a review and withdrawal of the said assessment."
DOC-OBJ-00230,Objection Letter,"THE COMMISSIONER
Kenya Revenue Authority
Mombasa Regional Office

Date: 2025-09-12
Reference: OBJ/9782/74

RE: NOTICE OF OBJECTION — CUSTOMS DUTY ASSESSMENT

I, Cindy Hudson, on behalf of Bryant, Guerra and Vaughan (PIN: A95425349730B), hereby formally object to the assessment of KES 7,979,373.09 on the following grounds:

1. The assessment is contrary to Section 58 of the East African Customs Management Act.
2. The Commissioner failed to consider supporting documentation submitted.
3. The assessed amount is excessive and not supported by the evidence on record.

We respectfully request a review and withdrawal of the said assessment."
DOC-OBJ-00231,Objection Letter,"THE COMMISSIONER
Kenya Revenue Authority
Mombasa Regional Office

Date: 2025-08-09
Reference: OBJ/4286/57

RE: NOTICE OF OBJECTION — WITHHOLDING TAX ASSESSMENT

I, Jennifer Thornton, on behalf of Cox-Nguyen (PIN: A07651466002B), hereby formally object to the assessment of KES 20,468,031.39 on the following grounds:

1. The assessment is contrary to Section 37 of the Tax Procedures Act.
2. The Commissioner failed to consider supporting documentation submitted.
3. The assessed amount is excessive and not supported by the evidence on record.

We respectfully request a review and withdrawal of the said assessment."
DOC-OBJ-00232,Objection Letter,"THE COMMISSIONER
Kenya Revenue Authority
Kisumu Regional Office

Date: 2025-07-12
Reference: OBJ/5288/44

RE: NOTICE OF OBJECTION — WITHHOLDING TAX ASSESSMENT

I, Stephanie Woodard, on behalf of Townsend Ltd (PIN: A92161367133B), hereby formally object to the assessment of KES 2,665,657.60 on the following grounds:

1. The assessment is contrary to Section 12 of the Tax Appeals Tribunal Act.
2. The Commissioner failed to consider supporting documentation submitted.
3. The assessed amount is excessive and not supported by the evidence on record.

We respectfully request a review and withdrawal of the said assessment."
DOC-OBJ-00233,Objection Letter,"THE COMMISSIONER
Kenya Revenue Authority
Times Tower, Nairobi

Date: 2025-12-29
Reference: OBJ/3929/88

RE: NOTICE OF OBJECTION — EXCISE DUTY ASSESSMENT

I, Nathan Knight, on behalf of Chang, Krause and Melton (PIN: A20122141584B), hereby formally object to the assessment of KES 3,342,297.12 on the following grounds:

1. The assessment is contrary to Regulation 15 of the VAT Regulations 2017.
2. The Commissioner failed to consider supporting documentation submitted.
3. The assessed amount is excessive and not supported by the evidence on record.

We respectfully request a review and withdrawal of the said assessment."
DOC-OBJ-00234,Objection Letter,"THE COMMISSIONER
Kenya Revenue Authority
Mombasa Regional Office

Date: 2026-02-11
Reference: OBJ/0770/40

RE: NOTICE OF OBJECTION — WITHHOLDING TAX ASSESSMENT

I, Miguel Sullivan, on behalf of Smith-Whitehead (PIN: A63185443528B), hereby formally object to the assessment of KES 19,358,882.03 on the following grounds:

1. The assessment is contrary to Regulation 15 of the VAT Regulations 2017.
2. The Commissioner failed to consider supporting documentation submitted.
3. The assessed amount is excessive and not supported by the evidence on record.

We respectfully request a review and withdrawal of the said assessment."
DOC-OBJ-00235,Objection Letter,"THE COMMISSIONER
Kenya Revenue Authority
Kisumu Regional Office

Date: 2026-02-19
Reference: OBJ/3757/26

RE: NOTICE OF OBJECTION — INCOME TAX ASSESSMENT

I, Jacob Jackson, on behalf of Allen-Patterson (PIN: A62085933322B), hereby formally object to the assessment of KES 48,222,280.93 on the following grounds:

1. The assessment is contrary to Section 12 of the Tax Appeals Tribunal Act.
2. The Commissioner failed to consider supporting documentation submitted.
3. The assessed amount is excessive and not supported by the evidence on record.

We respectfully request a review and withdrawal of the said assessment."
DOC-OBJ-00236,Objection Letter,"THE COMMISSIONER
Kenya Revenue Authority
Kisumu Regional Office

Date: 2025-12-15
Reference: OBJ/7067/55

RE: NOTICE OF OBJECTION — INCOME TAX ASSESSMENT

I, Diana Wong, on behalf of Evans-Moreno (PIN: A93953502151B), hereby formally object to the assessment of KES 4,121,024.27 on the following grounds:

1. The assessment is contrary to Section 12 of the Tax Appeals Tribunal Act.
2. The Commissioner failed to consider supporting documentation submitted.
3. The assessed amount is excessive and not supported by the evidence on record.

We respectfully request a review and withdrawal of the said assessment."
DOC-OBJ-00237,Objection Letter,"THE COMMISSIONER
Kenya Revenue Authority
Kisumu Regional Office

Date: 2025-08-28
Reference: OBJ/8721/46

RE: NOTICE OF OBJECTION — WITHHOLDING TAX ASSESSMENT

I, Thomas Rodriguez, on behalf of Hammond PLC (PIN: A37619394888B), hereby formally object to the assessment of KES 15,546,075.29 on the following grounds:

1. The assessment is contrary to Regulation 15 of the VAT Regulations 2017.
2. The Commissioner failed to consider supporting documentation submitted.
3. The assessed amount is excessive and not supported by the evidence on record.

We respectfully request a review and withdrawal of the said assessment."
DOC-OBJ-00238,Objection Letter,"THE COMMISSIONER
Kenya Revenue Authority
Kisumu Regional Office

Date: 2025-11-24
Reference: OBJ/5451/80

RE: NOTICE OF OBJECTION — WITHHOLDING TAX ASSESSMENT

I, Adam Lee, on behalf of Flores Ltd (PIN: A31144094188B), hereby formally object to the assessment of KES 19,628,301.32 on the following grounds:

1. The assessment is contrary to Section 31 of the Value Added Tax Act.
2. The Commissioner failed to consider supporting documentation submitted.
3. The assessed amount is excessive and not supported by the evidence on record.

We respectfully request a review and withdrawal of the said assessment."
DOC-OBJ-00239,Objection Letter,"THE COMMISSIONER
Kenya Revenue Authority
Mombasa Regional Office

Date: 2026-02-05
Reference: OBJ/4617/03

RE: NOTICE OF OBJECTION — WITHHOLDING TAX ASSESSMENT

I, Sarah Smith, on behalf of Howe Ltd (PIN: A95196882126B), hereby formally object to the assessment of KES 15,513,615.28 on the following grounds:

1. The assessment is contrary to Section 12 of the Tax Appeals Tribunal Act.
2. The Commissioner failed to consider supporting documentation submitted.
3. The assessed amount is excessive and not supported by the evidence on record.

We respectfully request a review and withdrawal of the said assessment."
DOC-OBJ-00240,Objection Letter,"THE COMMISSIONER
Kenya Revenue Authority
Kisumu Regional Office

Date: 2025-09-12
Reference: OBJ/2462/26

RE: NOTICE OF OBJECTION — WITHHOLDING TAX ASSESSMENT

I, Nathan Sims, on behalf of Gilbert Ltd (PIN: A18166480972B), hereby formally object to the assessment of KES 40,668,579.95 on the following grounds:

1. The assessment is contrary to Regulation 15 of the VAT Regulations 2017.
2. The Commissioner failed to consider supporting documentation submitted.
3. The assessed amount is excessive and not supported by the evidence on record.

We respectfully request a review and withdrawal of the said assessment."
DOC-OBJ-00241,Objection Letter,"THE COMMISSIONER
Kenya Revenue Authority
Kisumu Regional Office

Date: 2025-09-19
Reference: OBJ/6921/80

RE: NOTICE OF OBJECTION — VAT ASSESSMENT

I, Lauren Bowen, on behalf of Gibson Inc (PIN: A40493536443B), hereby formally object to the assessment of KES 49,858,347.44 on the following grounds:

1. The assessment is contrary to Regulation 15 of the VAT Regulations 2017.
2. The Commissioner failed to consider supporting documentation submitted.
3. The assessed amount is excessive and not supported by the evidence on record.

We respectfully request a review and withdrawal of the said assessment."
DOC-OBJ-00242,Objection Letter,"THE COMMISSIONER
Kenya Revenue Authority
Kisumu Regional Office

Date: 2026-05-06
Reference: OBJ/2719/05

RE: NOTICE OF OBJECTION — CUSTOMS DUTY ASSESSMENT

I, Yvonne Cervantes, on behalf of Mccarthy Inc (PIN: A43305130284B), hereby formally object to the assessment of KES 33,539,279.20 on the following grounds:

1. The assessment is contrary to Section 31 of the Value Added Tax Act.
2. The Commissioner failed to consider supporting documentation submitted.
3. The assessed amount is excessive and not supported by the evidence on record.

We respectfully request a review and withdrawal of the said assessment."
DOC-OBJ-00243,Objection Letter,"THE COMMISSIONER
Kenya Revenue Authority
Times Tower, Nairobi

Date: 2026-05-09
Reference: OBJ/7904/26

RE: NOTICE OF OBJECTION — INCOME TAX ASSESSMENT

I, Sarah Thompson, on behalf of Gonzalez LLC (PIN: A62530942611B), hereby formally object to the assessment of KES 18,161,753.57 on the following grounds:

1. The assessment is contrary to Section 12 of the Tax Appeals Tribunal Act.
2. The Commissioner failed to consider supporting documentation submitted.
3. The assessed amount is excessive and not supported by the evidence on record.

We respectfully request a review and withdrawal of the said assessment."
DOC-OBJ-00244,Objection Letter,"THE COMMISSIONER
Kenya Revenue Authority
Mombasa Regional Office

Date: 2025-08-12
Reference: OBJ/1749/06

RE: NOTICE OF OBJECTION — INCOME TAX ASSESSMENT

I, Dean Anderson, on behalf of Mitchell, Norton and Fleming (PIN: A59396834521B), hereby formally object to the assessment of KES 47,386,029.96 on the following grounds:

1. The assessment is contrary to Section 47 of the Income Tax Act.
2. The Commissioner failed to consider supporting documentation submitted.
3. The assessed amount is excessive and not supported by the evidence on record.

We respectfully request a review and withdrawal of the said assessment."
DOC-OBJ-00245,Objection Letter,"THE COMMISSIONER
Kenya Revenue Authority
Times Tower, Nairobi

Date: 2025-09-27
Reference: OBJ/5975/96

RE: NOTICE OF OBJECTION — VAT ASSESSMENT

I, Nathan Reynolds, on behalf of Foster-Holland (PIN: A80768170768B), hereby formally object to the assessment of KES 49,998,832.22 on the following grounds:

1. The assessment is contrary to Section 12 of the Tax Appeals Tribunal Act.
2. The Commissioner failed to consider supporting documentation submitted.
3. The assessed amount is excessive and not supported by the evidence on record.

We respectfully request a review and withdrawal of the said assessment."
DOC-OBJ-00246,Objection Letter,"THE COMMISSIONER
Kenya Revenue Authority
Times Tower, Nairobi

Date: 2025-07-11
Reference: OBJ/5502/16

RE: NOTICE OF OBJECTION — EXCISE DUTY ASSESSMENT

I, Stephanie Lynn MD, on behalf of Downs LLC (PIN: A88067221843B), hereby formally object to the assessment of KES 42,229,198.01 on the following grounds:

1. The assessment is contrary to Section 37 of the Tax Procedures Act.
2. The Commissioner failed to consider supporting documentation submitted.
3. The assessed amount is excessive and not supported by the evidence on record.

We respectfully request a review and withdrawal of the said assessment."
DOC-OBJ-00247,Objection Letter,"THE COMMISSIONER
Kenya Revenue Authority
Kisumu Regional Office

Date: 2026-07-01
Reference: OBJ/6476/21

RE: NOTICE OF OBJECTION — VAT ASSESSMENT

I, Patrick Flores, on behalf of Livingston and Sons (PIN: A37643531298B), hereby formally object to the assessment of KES 41,764,235.34 on the following grounds:

1. The assessment is contrary to Regulation 15 of the VAT Regulations 2017.
2. The Commissioner failed to consider supporting documentation submitted.
3. The assessed amount is excessive and not supported by the evidence on record.

We respectfully request a review and withdrawal of the said assessment."
DOC-OBJ-00248,Objection Letter,"THE COMMISSIONER
Kenya Revenue Authority
Kisumu Regional Office

Date: 2026-05-27
Reference: OBJ/2306/73

RE: NOTICE OF OBJECTION — INCOME TAX ASSESSMENT

I, Alexa Lee, on behalf of Osborne Inc (PIN: A83723917719B), hereby formally object to the assessment of KES 16,871,380.38 on the following grounds:

1. The assessment is contrary to Section 37 of the Tax Procedures Act.
2. The Commissioner failed to consider supporting documentation submitted.
3. The assessed amount is excessive and not supported by the evidence on record.

We respectfully request a review and withdrawal of the said assessment."
DOC-OBJ-00249,Objection Letter,"THE COMMISSIONER
Kenya Revenue Authority
Times Tower, Nairobi

Date: 2025-08-10
Reference: OBJ/5222/78

RE: NOTICE OF OBJECTION — INCOME TAX ASSESSMENT

I, Susan Lopez, on behalf of Bennett-Crawford (PIN: A12012312077B), hereby formally object to the assessment of KES 18,867,157.55 on the following grounds:

1. The assessment is contrary to Regulation 15 of the VAT Regulations 2017.
2. The Commissioner failed to consider supporting documentation submitted.
3. The assessed amount is excessive and not supported by the evidence on record.

We respectfully request a review and withdrawal of the said assessment."
DOC-SUM-00000,Court Summons,"IN THE HIGH COURT OF KENYA
AT NAIROBI
COMMERCIAL AND TAX DIVISION

CASE NO: HC/TAX/3517/2887

BETWEEN
KING AND SONS  ........................... PETITIONER
AND
KENYA REVENUE AUTHORITY  ........................... RESPONDENT

SUMMONS

To: The Commissioner General, Kenya Revenue Authority, Times Tower, Nairobi.

You are hereby summoned to appear before Hon. J. Kariuki (TAT Member) on 2026-08-08 at 9:00 AM in Court Room 6.

Served by: Jeffrey Fisher, Advocate
Date served: 2026-06-10"
DOC-SUM-00001,Court Summons,"IN THE HIGH COURT OF KENYA
AT NAIROBI
COMMERCIAL AND TAX DIVISION

CASE NO: HC/TAX/5712/4582

BETWEEN
PETERSON AND SONS  ........................... PETITIONER
AND
KENYA REVENUE AUTHORITY  ........................... RESPONDENT

SUMMONS

To: The Commissioner General, Kenya Revenue Authority, Times Tower, Nairobi.

You are hereby summoned to appear before Hon. R. Omondi (TAT Chair) on 2026-08-31 at 9:00 AM in Court Room 15.

Served by: Carol Johnson, Advocate
Date served: 2026-06-22"
DOC-SUM-00002,Court Summons,"IN THE HIGH COURT OF KENYA
AT NAIROBI
COMMERCIAL AND TAX DIVISION

CASE NO: HC/TAX/1054/5742

BETWEEN
MOORE-HUGHES  ........................... PETITIONER
AND
KENYA REVENUE AUTHORITY  ........................... RESPONDENT

SUMMONS

To: The Commissioner General, Kenya Revenue Authority, Times Tower, Nairobi.

You are hereby summoned to appear before Hon. Justice A. Mwangi on 2026-11-28 at 9:00 AM in Court Room 14.

Served by: Alexander Cross, Advocate
Date served: 2026-06-22"
DOC-SUM-00003,Court Summons,"IN THE HIGH COURT OF KENYA
AT NAIROBI
COMMERCIAL AND TAX DIVISION

CASE NO: HC/TAX/7021/8428

BETWEEN
BYRD-DUARTE  ........................... PETITIONER
AND
KENYA REVENUE AUTHORITY  ........................... RESPONDENT

SUMMONS

To: The Commissioner General, Kenya Revenue Authority, Times Tower, Nairobi.

You are hereby summoned to appear before Hon. Justice C. Wanjiku on 2026-08-14 at 9:00 AM in Court Room 8.

Served by: Scott Webb, Advocate
Date served: 2026-06-21"
DOC-SUM-00004,Court Summons,"IN THE HIGH COURT OF KENYA
AT NAIROBI
COMMERCIAL AND TAX DIVISION

CASE NO: HC/TAX/1451/4098

BETWEEN
LYNCH INC  ........................... PETITIONER
AND
KENYA REVENUE AUTHORITY  ........................... RESPONDENT

SUMMONS

To: The Commissioner General, Kenya Revenue Authority, Times Tower, Nairobi.

You are hereby summoned to appear before Hon. Justice D. Kiprop on 2026-09-06 at 9:00 AM in Court Room 20.

Served by: Jonathan Perkins, Advocate
Date served: 2026-06-23"
DOC-SUM-00005,Court Summons,"IN THE HIGH COURT OF KENYA
AT NAIROBI
COMMERCIAL AND TAX DIVISION

CASE NO: HC/TAX/7762/5605

BETWEEN
TAYLOR-HUANG  ........................... PETITIONER
AND
KENYA REVENUE AUTHORITY  ........................... RESPONDENT

SUMMONS

To: The Commissioner General, Kenya Revenue Authority, Times Tower, Nairobi.

You are hereby summoned to appear before Hon. Justice C. Wanjiku on 2026-10-30 at 9:00 AM in Court Room 15.

Served by: Sarah Bridges, Advocate
Date served: 2026-06-13"
DOC-SUM-00006,Court Summons,"IN THE HIGH COURT OF KENYA
AT NAIROBI
COMMERCIAL AND TAX DIVISION

CASE NO: HC/TAX/8617/1055

BETWEEN
BEAN-PENA  ........................... PETITIONER
AND
KENYA REVENUE AUTHORITY  ........................... RESPONDENT

SUMMONS

To: The Commissioner General, Kenya Revenue Authority, Times Tower, Nairobi.

You are hereby summoned to appear before Hon. Justice B. Ochieng on 2026-09-09 at 9:00 AM in Court Room 18.

Served by: Catherine Reynolds, Advocate
Date served: 2026-06-21"
DOC-SUM-00007,Court Summons,"IN THE HIGH COURT OF KENYA
AT NAIROBI
COMMERCIAL AND TAX DIVISION

CASE NO: HC/TAX/2953/7545

BETWEEN
RICE LTD  ........................... PETITIONER
AND
KENYA REVENUE AUTHORITY  ........................... RESPONDENT

SUMMONS

To: The Commissioner General, Kenya Revenue Authority, Times Tower, Nairobi.

You are hereby summoned to appear before Hon. Justice B. Ochieng on 2026-09-14 at 9:00 AM in Court Room 10.

Served by: Ashley Fritz, Advocate
Date served: 2026-06-15"
DOC-SUM-00008,Court Summons,"IN THE HIGH COURT OF KENYA
AT NAIROBI
COMMERCIAL AND TAX DIVISION

CASE NO: HC/TAX/3667/5051

BETWEEN
HARRIS-WRIGHT  ........................... PETITIONER
AND
KENYA REVENUE AUTHORITY  ........................... RESPONDENT

SUMMONS

To: The Commissioner General, Kenya Revenue Authority, Times Tower, Nairobi.

You are hereby summoned to appear before Hon. Justice D. Kiprop on 2026-08-22 at 9:00 AM in Court Room 7.

Served by: Stanley Jones, Advocate
Date served: 2026-06-12"
DOC-SUM-00009,Court Summons,"IN THE HIGH COURT OF KENYA
AT NAIROBI
COMMERCIAL AND TAX DIVISION

CASE NO: HC/TAX/8738/9003

BETWEEN
CALDWELL, HAWKINS AND WILSON  ........................... PETITIONER
AND
KENYA REVENUE AUTHORITY  ........................... RESPONDENT

SUMMONS

To: The Commissioner General, Kenya Revenue Authority, Times Tower, Nairobi.

You are hereby summoned to appear before Hon. Justice C. Wanjiku on 2026-11-23 at 9:00 AM in Court Room 19.

Served by: Amber Silva, Advocate
Date served: 2026-06-20"
DOC-SUM-00010,Court Summons,"IN THE HIGH COURT OF KENYA
AT NAIROBI
COMMERCIAL AND TAX DIVISION

CASE NO: HC/TAX/1337/5245

BETWEEN
POWELL, SANCHEZ AND WELCH  ........................... PETITIONER
AND
KENYA REVENUE AUTHORITY  ........................... RESPONDENT

SUMMONS

To: The Commissioner General, Kenya Revenue Authority, Times Tower, Nairobi.

You are hereby summoned to appear before Hon. Justice D. Kiprop on 2026-11-05 at 9:00 AM in Court Room 15.

Served by: Douglas Moore, Advocate
Date served: 2026-07-01"
DOC-SUM-00011,Court Summons,"IN THE HIGH COURT OF KENYA
AT NAIROBI
COMMERCIAL AND TAX DIVISION

CASE NO: HC/TAX/7778/9238

BETWEEN
SMITH LTD  ........................... PETITIONER
AND
KENYA REVENUE AUTHORITY  ........................... RESPONDENT

SUMMONS

To: The Commissioner General, Kenya Revenue Authority, Times Tower, Nairobi.

You are hereby summoned to appear before Hon. Justice C. Wanjiku on 2026-09-13 at 9:00 AM in Court Room 13.

Served by: Nathan Anderson, Advocate
Date served: 2026-06-30"
DOC-SUM-00012,Court Summons,"IN THE HIGH COURT OF KENYA
AT NAIROBI
COMMERCIAL AND TAX DIVISION

CASE NO: HC/TAX/0707/3779

BETWEEN
WHITE, BLAIR AND MARTIN  ........................... PETITIONER
AND
KENYA REVENUE AUTHORITY  ........................... RESPONDENT

SUMMONS

To: The Commissioner General, Kenya Revenue Authority, Times Tower, Nairobi.

You are hereby summoned to appear before Hon. J. Kariuki (TAT Member) on 2026-12-24 at 9:00 AM in Court Room 17.

Served by: Vanessa Williams, Advocate
Date served: 2026-06-12"
DOC-SUM-00013,Court Summons,"IN THE HIGH COURT OF KENYA
AT NAIROBI
COMMERCIAL AND TAX DIVISION

CASE NO: HC/TAX/9096/2228

BETWEEN
GLOVER, COLLIER AND GREENE  ........................... PETITIONER
AND
KENYA REVENUE AUTHORITY  ........................... RESPONDENT

SUMMONS

To: The Commissioner General, Kenya Revenue Authority, Times Tower, Nairobi.

You are hereby summoned to appear before Hon. Justice D. Kiprop on 2026-11-07 at 9:00 AM in Court Room 6.

Served by: Tyler Simon, Advocate
Date served: 2026-06-05"
DOC-SUM-00014,Court Summons,"IN THE HIGH COURT OF KENYA
AT NAIROBI
COMMERCIAL AND TAX DIVISION

CASE NO: HC/TAX/3542/9718

BETWEEN
THOMPSON-COLLIER  ........................... PETITIONER
AND
KENYA REVENUE AUTHORITY  ........................... RESPONDENT

SUMMONS

To: The Commissioner General, Kenya Revenue Authority, Times Tower, Nairobi.

You are hereby summoned to appear before Hon. Justice B. Ochieng on 2026-09-22 at 9:00 AM in Court Room 20.

Served by: Christopher Garrett, Advocate
Date served: 2026-06-15"
DOC-SUM-00015,Court Summons,"IN THE HIGH COURT OF KENYA
AT NAIROBI
COMMERCIAL AND TAX DIVISION

CASE NO: HC/TAX/6322/0714

BETWEEN
WALKER, WHITE AND VARGAS  ........................... PETITIONER
AND
KENYA REVENUE AUTHORITY  ........................... RESPONDENT

SUMMONS

To: The Commissioner General, Kenya Revenue Authority, Times Tower, Nairobi.

You are hereby summoned to appear before Hon. Justice B. Ochieng on 2026-10-04 at 9:00 AM in Court Room 9.

Served by: Richard Donovan, Advocate
Date served: 2026-06-30"
DOC-SUM-00016,Court Summons,"IN THE HIGH COURT OF KENYA
AT NAIROBI
COMMERCIAL AND TAX DIVISION

CASE NO: HC/TAX/9584/3504

BETWEEN
VINCENT, HUYNH AND VELEZ  ........................... PETITIONER
AND
KENYA REVENUE AUTHORITY  ........................... RESPONDENT

SUMMONS

To: The Commissioner General, Kenya Revenue Authority, Times Tower, Nairobi.

You are hereby summoned to appear before Hon. Justice A. Mwangi on 2026-10-08 at 9:00 AM in Court Room 16.

Served by: Krystal Vaughn, Advocate
Date served: 2026-06-07"
DOC-SUM-00017,Court Summons,"IN THE HIGH COURT OF KENYA
AT NAIROBI
COMMERCIAL AND TAX DIVISION

CASE NO: HC/TAX/8006/0357

BETWEEN
WILLIAMS-GUZMAN  ........................... PETITIONER
AND
KENYA REVENUE AUTHORITY  ........................... RESPONDENT

SUMMONS

To: The Commissioner General, Kenya Revenue Authority, Times Tower, Nairobi.

You are hereby summoned to appear before Hon. Justice C. Wanjiku on 2026-07-20 at 9:00 AM in Court Room 18.

Served by: Steven Dalton, Advocate
Date served: 2026-06-13"
DOC-SUM-00018,Court Summons,"IN THE HIGH COURT OF KENYA
AT NAIROBI
COMMERCIAL AND TAX DIVISION

CASE NO: HC/TAX/7014/5681

BETWEEN
BROWN LTD  ........................... PETITIONER
AND
KENYA REVENUE AUTHORITY  ........................... RESPONDENT

SUMMONS

To: The Commissioner General, Kenya Revenue Authority, Times Tower, Nairobi.

You are hereby summoned to appear before Hon. Justice A. Mwangi on 2026-09-06 at 9:00 AM in Court Room 17.

Served by: Chloe Cardenas, Advocate
Date served: 2026-06-03"
DOC-SUM-00019,Court Summons,"IN THE HIGH COURT OF KENYA
AT NAIROBI
COMMERCIAL AND TAX DIVISION

CASE NO: HC/TAX/9873/6089

BETWEEN
ANDERSON-TURNER  ........................... PETITIONER
AND
KENYA REVENUE AUTHORITY  ........................... RESPONDENT

SUMMONS

To: The Commissioner General, Kenya Revenue Authority, Times Tower, Nairobi.

You are hereby summoned to appear before Hon. Justice A. Mwangi on 2026-11-14 at 9:00 AM in Court Room 10.

Served by: Kimberly Morgan, Advocate
Date served: 2026-06-06"
DOC-SUM-00020,Court Summons,"IN THE HIGH COURT OF KENYA
AT NAIROBI
COMMERCIAL AND TAX DIVISION

CASE NO: HC/TAX/8323/7409

BETWEEN
MURRAY PLC  ........................... PETITIONER
AND
KENYA REVENUE AUTHORITY  ........................... RESPONDENT

SUMMONS

To: The Commissioner General, Kenya Revenue Authority, Times Tower, Nairobi.

You are hereby summoned to appear before Hon. Justice A. Mwangi on 2026-08-23 at 9:00 AM in Court Room 6.

Served by: Emily Jones, Advocate
Date served: 2026-06-28"
DOC-SUM-00021,Court Summons,"IN THE HIGH COURT OF KENYA
AT NAIROBI
COMMERCIAL AND TAX DIVISION

CASE NO: HC/TAX/5901/0750

BETWEEN
SCHWARTZ, PEREZ AND FERGUSON  ........................... PETITIONER
AND
KENYA REVENUE AUTHORITY  ........................... RESPONDENT

SUMMONS

To: The Commissioner General, Kenya Revenue Authority, Times Tower, Nairobi.

You are hereby summoned to appear before Hon. Justice C. Wanjiku on 2026-10-30 at 9:00 AM in Court Room 15.

Served by: Cathy Martinez, Advocate
Date served: 2026-06-07"
DOC-SUM-00022,Court Summons,"IN THE HIGH COURT OF KENYA
AT NAIROBI
COMMERCIAL AND TAX DIVISION

CASE NO: HC/TAX/2601/7705

BETWEEN
MARSHALL, JONES AND PENA  ........................... PETITIONER
AND
KENYA REVENUE AUTHORITY  ........................... RESPONDENT

SUMMONS

To: The Commissioner General, Kenya Revenue Authority, Times Tower, Nairobi.

You are hereby summoned to appear before Hon. J. Kariuki (TAT Member) on 2026-12-11 at 9:00 AM in Court Room 5.

Served by: Lauren Hart, Advocate
Date served: 2026-06-15"
DOC-SUM-00023,Court Summons,"IN THE HIGH COURT OF KENYA
AT NAIROBI
COMMERCIAL AND TAX DIVISION

CASE NO: HC/TAX/0907/5734

BETWEEN
ESTRADA PLC  ........................... PETITIONER
AND
KENYA REVENUE AUTHORITY  ........................... RESPONDENT

SUMMONS

To: The Commissioner General, Kenya Revenue Authority, Times Tower, Nairobi.

You are hereby summoned to appear before Hon. Justice D. Kiprop on 2026-09-01 at 9:00 AM in Court Room 3.

Served by: Aaron Thomas, Advocate
Date served: 2026-06-17"
DOC-SUM-00024,Court Summons,"IN THE HIGH COURT OF KENYA
AT NAIROBI
COMMERCIAL AND TAX DIVISION

CASE NO: HC/TAX/6388/3216

BETWEEN
CISNEROS, ROBERTS AND HERNANDEZ  ........................... PETITIONER
AND
KENYA REVENUE AUTHORITY  ........................... RESPONDENT

SUMMONS

To: The Commissioner General, Kenya Revenue Authority, Times Tower, Nairobi.

You are hereby summoned to appear before Hon. Justice B. Ochieng on 2026-10-09 at 9:00 AM in Court Room 15.

Served by: Brandon Salazar, Advocate
Date served: 2026-06-19"
DOC-SUM-00025,Court Summons,"IN THE HIGH COURT OF KENYA
AT NAIROBI
COMMERCIAL AND TAX DIVISION

CASE NO: HC/TAX/8824/4817

BETWEEN
KELLEY, ARMSTRONG AND SHELTON  ........................... PETITIONER
AND
KENYA REVENUE AUTHORITY  ........................... RESPONDENT

SUMMONS

To: The Commissioner General, Kenya Revenue Authority, Times Tower, Nairobi.

You are hereby summoned to appear before Hon. Justice C. Wanjiku on 2026-08-31 at 9:00 AM in Court Room 1.

Served by: Brandy Saunders, Advocate
Date served: 2026-06-10"
DOC-SUM-00026,Court Summons,"IN THE HIGH COURT OF KENYA
AT NAIROBI
COMMERCIAL AND TAX DIVISION

CASE NO: HC/TAX/9848/4828

BETWEEN
ROGERS-HERNANDEZ  ........................... PETITIONER
AND
KENYA REVENUE AUTHORITY  ........................... RESPONDENT

SUMMONS

To: The Commissioner General, Kenya Revenue Authority, Times Tower, Nairobi.

You are hereby summoned to appear before Hon. Justice D. Kiprop on 2026-08-07 at 9:00 AM in Court Room 2.

Served by: Brenda Foster, Advocate
Date served: 2026-06-29"
DOC-SUM-00027,Court Summons,"IN THE HIGH COURT OF KENYA
AT NAIROBI
COMMERCIAL AND TAX DIVISION

CASE NO: HC/TAX/3057/9417

BETWEEN
LANDRY GROUP  ........................... PETITIONER
AND
KENYA REVENUE AUTHORITY  ........................... RESPONDENT

SUMMONS

To: The Commissioner General, Kenya Revenue Authority, Times Tower, Nairobi.

You are hereby summoned to appear before Hon. Justice D. Kiprop on 2026-07-06 at 9:00 AM in Court Room 17.

Served by: Jasmin Baldwin, Advocate
Date served: 2026-06-06"
DOC-SUM-00028,Court Summons,"IN THE HIGH COURT OF KENYA
AT NAIROBI
COMMERCIAL AND TAX DIVISION

CASE NO: HC/TAX/9523/0585

BETWEEN
POTTER, WILEY AND LEE  ........................... PETITIONER
AND
KENYA REVENUE AUTHORITY  ........................... RESPONDENT

SUMMONS

To: The Commissioner General, Kenya Revenue Authority, Times Tower, Nairobi.

You are hereby summoned to appear before Hon. Justice C. Wanjiku on 2026-12-14 at 9:00 AM in Court Room 8.

Served by: Leonard Morales, Advocate
Date served: 2026-06-04"
DOC-SUM-00029,Court Summons,"IN THE HIGH COURT OF KENYA
AT NAIROBI
COMMERCIAL AND TAX DIVISION

CASE NO: HC/TAX/2346/7886

BETWEEN
BAILEY LTD  ........................... PETITIONER
AND
KENYA REVENUE AUTHORITY  ........................... RESPONDENT

SUMMONS

To: The Commissioner General, Kenya Revenue Authority, Times Tower, Nairobi.

You are hereby summoned to appear before Hon. Justice D. Kiprop on 2026-10-13 at 9:00 AM in Court Room 3.

Served by: Lindsay Bryant, Advocate
Date served: 2026-07-02"
DOC-SUM-00030,Court Summons,"IN THE HIGH COURT OF KENYA
AT NAIROBI
COMMERCIAL AND TAX DIVISION

CASE NO: HC/TAX/4162/9360

BETWEEN
LYONS LLC  ........................... PETITIONER
AND
KENYA REVENUE AUTHORITY  ........................... RESPONDENT

SUMMONS

To: The Commissioner General, Kenya Revenue Authority, Times Tower, Nairobi.

You are hereby summoned to appear before Hon. Justice C. Wanjiku on 2026-12-27 at 9:00 AM in Court Room 8.

Served by: Eric Richardson, Advocate
Date served: 2026-06-22"
DOC-SUM-00031,Court Summons,"IN THE HIGH COURT OF KENYA
AT NAIROBI
COMMERCIAL AND TAX DIVISION

CASE NO: HC/TAX/5523/4005

BETWEEN
POOLE GROUP  ........................... PETITIONER
AND
KENYA REVENUE AUTHORITY  ........................... RESPONDENT

SUMMONS

To: The Commissioner General, Kenya Revenue Authority, Times Tower, Nairobi.

You are hereby summoned to appear before Hon. Justice A. Mwangi on 2026-10-13 at 9:00 AM in Court Room 11.

Served by: Robin Shepherd, Advocate
Date served: 2026-06-30"
DOC-SUM-00032,Court Summons,"IN THE HIGH COURT OF KENYA
AT NAIROBI
COMMERCIAL AND TAX DIVISION

CASE NO: HC/TAX/1819/3563

BETWEEN
RODRIGUEZ LLC  ........................... PETITIONER
AND
KENYA REVENUE AUTHORITY  ........................... RESPONDENT

SUMMONS

To: The Commissioner General, Kenya Revenue Authority, Times Tower, Nairobi.

You are hereby summoned to appear before Hon. Justice A. Mwangi on 2026-11-16 at 9:00 AM in Court Room 11.

Served by: Alex Smith, Advocate
Date served: 2026-07-02"
DOC-SUM-00033,Court Summons,"IN THE HIGH COURT OF KENYA
AT NAIROBI
COMMERCIAL AND TAX DIVISION

CASE NO: HC/TAX/9662/5255

BETWEEN
MCKENZIE GROUP  ........................... PETITIONER
AND
KENYA REVENUE AUTHORITY  ........................... RESPONDENT

SUMMONS

To: The Commissioner General, Kenya Revenue Authority, Times Tower, Nairobi.

You are hereby summoned to appear before Hon. Justice B. Ochieng on 2026-07-21 at 9:00 AM in Court Room 5.

Served by: Rhonda Wood, Advocate
Date served: 2026-06-17"
DOC-SUM-00034,Court Summons,"IN THE HIGH COURT OF KENYA
AT NAIROBI
COMMERCIAL AND TAX DIVISION

CASE NO: HC/TAX/9961/2718

BETWEEN
BARRON-RANDALL  ........................... PETITIONER
AND
KENYA REVENUE AUTHORITY  ........................... RESPONDENT

SUMMONS

To: The Commissioner General, Kenya Revenue Authority, Times Tower, Nairobi.

You are hereby summoned to appear before Hon. Justice A. Mwangi on 2026-12-25 at 9:00 AM in Court Room 10.

Served by: Austin Baldwin, Advocate
Date served: 2026-06-22"
DOC-SUM-00035,Court Summons,"IN THE HIGH COURT OF KENYA
AT NAIROBI
COMMERCIAL AND TAX DIVISION

CASE NO: HC/TAX/1695/3070

BETWEEN
HANEY, JOHNSON AND INGRAM  ........................... PETITIONER
AND
KENYA REVENUE AUTHORITY  ........................... RESPONDENT

SUMMONS

To: The Commissioner General, Kenya Revenue Authority, Times Tower, Nairobi.

You are hereby summoned to appear before Hon. Justice D. Kiprop on 2026-12-26 at 9:00 AM in Court Room 5.

Served by: Nicole Moreno, Advocate
Date served: 2026-07-02"
DOC-SUM-00036,Court Summons,"IN THE HIGH COURT OF KENYA
AT NAIROBI
COMMERCIAL AND TAX DIVISION

CASE NO: HC/TAX/9025/8838

BETWEEN
BROWN, FISHER AND ONEAL  ........................... PETITIONER
AND
KENYA REVENUE AUTHORITY  ........................... RESPONDENT

SUMMONS

To: The Commissioner General, Kenya Revenue Authority, Times Tower, Nairobi.

You are hereby summoned to appear before Hon. R. Omondi (TAT Chair) on 2026-12-27 at 9:00 AM in Court Room 16.

Served by: Cameron Bowman, Advocate
Date served: 2026-06-26"
DOC-SUM-00037,Court Summons,"IN THE HIGH COURT OF KENYA
AT NAIROBI
COMMERCIAL AND TAX DIVISION

CASE NO: HC/TAX/7522/9173

BETWEEN
OBRIEN, PETERSON AND WARD  ........................... PETITIONER
AND
KENYA REVENUE AUTHORITY  ........................... RESPONDENT

SUMMONS

To: The Commissioner General, Kenya Revenue Authority, Times Tower, Nairobi.

You are hereby summoned to appear before Hon. Justice D. Kiprop on 2026-12-29 at 9:00 AM in Court Room 20.

Served by: Jose Williams, Advocate
Date served: 2026-06-27"
DOC-SUM-00038,Court Summons,"IN THE HIGH COURT OF KENYA
AT NAIROBI
COMMERCIAL AND TAX DIVISION

CASE NO: HC/TAX/1567/9069

BETWEEN
DODSON LLC  ........................... PETITIONER
AND
KENYA REVENUE AUTHORITY  ........................... RESPONDENT

SUMMONS

To: The Commissioner General, Kenya Revenue Authority, Times Tower, Nairobi.

You are hereby summoned to appear before Hon. Justice A. Mwangi on 2026-08-20 at 9:00 AM in Court Room 3.

Served by: Rhonda Harrell, Advocate
Date served: 2026-06-11"
DOC-SUM-00039,Court Summons,"IN THE HIGH COURT OF KENYA
AT NAIROBI
COMMERCIAL AND TAX DIVISION

CASE NO: HC/TAX/0882/4825

BETWEEN
TORRES-ARELLANO  ........................... PETITIONER
AND
KENYA REVENUE AUTHORITY  ........................... RESPONDENT

SUMMONS

To: The Commissioner General, Kenya Revenue Authority, Times Tower, Nairobi.

You are hereby summoned to appear before Hon. Justice A. Mwangi on 2026-07-07 at 9:00 AM in Court Room 9.

Served by: Denise Stephens, Advocate
Date served: 2026-06-05"
DOC-SUM-00040,Court Summons,"IN THE HIGH COURT OF KENYA
AT NAIROBI
COMMERCIAL AND TAX DIVISION

CASE NO: HC/TAX/8613/2947

BETWEEN
LEE, MOORE AND WILLIAMS  ........................... PETITIONER
AND
KENYA REVENUE AUTHORITY  ........................... RESPONDENT

SUMMONS

To: The Commissioner General, Kenya Revenue Authority, Times Tower, Nairobi.

You are hereby summoned to appear before Hon. Justice B. Ochieng on 2026-07-08 at 9:00 AM in Court Room 5.

Served by: Joel Hawkins, Advocate
Date served: 2026-06-28"
DOC-SUM-00041,Court Summons,"IN THE HIGH COURT OF KENYA
AT NAIROBI
COMMERCIAL AND TAX DIVISION

CASE NO: HC/TAX/5597/1889

BETWEEN
SMITH-BYRD  ........................... PETITIONER
AND
KENYA REVENUE AUTHORITY  ........................... RESPONDENT

SUMMONS

To: The Commissioner General, Kenya Revenue Authority, Times Tower, Nairobi.

You are hereby summoned to appear before Hon. J. Kariuki (TAT Member) on 2026-08-14 at 9:00 AM in Court Room 20.

Served by: Stacy Jones, Advocate
Date served: 2026-06-22"
DOC-SUM-00042,Court Summons,"IN THE HIGH COURT OF KENYA
AT NAIROBI
COMMERCIAL AND TAX DIVISION

CASE NO: HC/TAX/4625/7063

BETWEEN
FLEMING, WEBER AND MATHEWS  ........................... PETITIONER
AND
KENYA REVENUE AUTHORITY  ........................... RESPONDENT

SUMMONS

To: The Commissioner General, Kenya Revenue Authority, Times Tower, Nairobi.

You are hereby summoned to appear before Hon. J. Kariuki (TAT Member) on 2026-08-31 at 9:00 AM in Court Room 14.

Served by: Stacey Alexander, Advocate
Date served: 2026-06-22"
DOC-SUM-00043,Court Summons,"IN THE HIGH COURT OF KENYA
AT NAIROBI
COMMERCIAL AND TAX DIVISION

CASE NO: HC/TAX/2453/0084

BETWEEN
RODRIGUEZ GROUP  ........................... PETITIONER
AND
KENYA REVENUE AUTHORITY  ........................... RESPONDENT

SUMMONS

To: The Commissioner General, Kenya Revenue Authority, Times Tower, Nairobi.

You are hereby summoned to appear before Hon. Justice A. Mwangi on 2026-09-22 at 9:00 AM in Court Room 10.

Served by: Michael Brown, Advocate
Date served: 2026-06-06"
DOC-SUM-00044,Court Summons,"IN THE HIGH COURT OF KENYA
AT NAIROBI
COMMERCIAL AND TAX DIVISION

CASE NO: HC/TAX/9668/2262

BETWEEN
MOSS AND SONS  ........................... PETITIONER
AND
KENYA REVENUE AUTHORITY  ........................... RESPONDENT

SUMMONS

To: The Commissioner General, Kenya Revenue Authority, Times Tower, Nairobi.

You are hereby summoned to appear before Hon. Justice B. Ochieng on 2026-11-18 at 9:00 AM in Court Room 10.

Served by: Mr. Joseph Ball, Advocate
Date served: 2026-06-08"
DOC-SUM-00045,Court Summons,"IN THE HIGH COURT OF KENYA
AT NAIROBI
COMMERCIAL AND TAX DIVISION

CASE NO: HC/TAX/8513/3201

BETWEEN
TRAN-HERNANDEZ  ........................... PETITIONER
AND
KENYA REVENUE AUTHORITY  ........................... RESPONDENT

SUMMONS

To: The Commissioner General, Kenya Revenue Authority, Times Tower, Nairobi.

You are hereby summoned to appear before Hon. Justice A. Mwangi on 2026-09-07 at 9:00 AM in Court Room 2.

Served by: Angela Burch, Advocate
Date served: 2026-06-25"
DOC-SUM-00046,Court Summons,"IN THE HIGH COURT OF KENYA
AT NAIROBI
COMMERCIAL AND TAX DIVISION

CASE NO: HC/TAX/3044/3126

BETWEEN
BROCK AND SONS  ........................... PETITIONER
AND
KENYA REVENUE AUTHORITY  ........................... RESPONDENT

SUMMONS

To: The Commissioner General, Kenya Revenue Authority, Times Tower, Nairobi.

You are hereby summoned to appear before Hon. Justice B. Ochieng on 2026-12-18 at 9:00 AM in Court Room 14.

Served by: Kendra Rodriguez, Advocate
Date served: 2026-06-03"
DOC-SUM-00047,Court Summons,"IN THE HIGH COURT OF KENYA
AT NAIROBI
COMMERCIAL AND TAX DIVISION

CASE NO: HC/TAX/7787/2325

BETWEEN
MARTIN, HORTON AND CAMPBELL  ........................... PETITIONER
AND
KENYA REVENUE AUTHORITY  ........................... RESPONDENT

SUMMONS

To: The Commissioner General, Kenya Revenue Authority, Times Tower, Nairobi.

You are hereby summoned to appear before Hon. R. Omondi (TAT Chair) on 2026-11-27 at 9:00 AM in Court Room 20.

Served by: Robert Smith, Advocate
Date served: 2026-06-09"
DOC-SUM-00048,Court Summons,"IN THE HIGH COURT OF KENYA
AT NAIROBI
COMMERCIAL AND TAX DIVISION

CASE NO: HC/TAX/3679/1854

BETWEEN
LEWIS-VALENZUELA  ........................... PETITIONER
AND
KENYA REVENUE AUTHORITY  ........................... RESPONDENT

SUMMONS

To: The Commissioner General, Kenya Revenue Authority, Times Tower, Nairobi.

You are hereby summoned to appear before Hon. Justice D. Kiprop on 2026-09-02 at 9:00 AM in Court Room 3.

Served by: David Hernandez, Advocate
Date served: 2026-06-09"
DOC-SUM-00049,Court Summons,"IN THE HIGH COURT OF KENYA
AT NAIROBI
COMMERCIAL AND TAX DIVISION

CASE NO: HC/TAX/4259/4020

BETWEEN
JOSEPH-CALDERON  ........................... PETITIONER
AND
KENYA REVENUE AUTHORITY  ........................... RESPONDENT

SUMMONS

To: The Commissioner General, Kenya Revenue Authority, Times Tower, Nairobi.

You are hereby summoned to appear before Hon. Justice A. Mwangi on 2026-09-11 at 9:00 AM in Court Room 16.

Served by: Becky Shaw, Advocate
Date served: 2026-07-01"
DOC-SUM-00050,Court Summons,"IN THE HIGH COURT OF KENYA
AT NAIROBI
COMMERCIAL AND TAX DIVISION

CASE NO: HC/TAX/5504/7971

BETWEEN
MAY LLC  ........................... PETITIONER
AND
KENYA REVENUE AUTHORITY  ........................... RESPONDENT

SUMMONS

To: The Commissioner General, Kenya Revenue Authority, Times Tower, Nairobi.

You are hereby summoned to appear before Hon. J. Kariuki (TAT Member) on 2026-11-10 at 9:00 AM in Court Room 18.

Served by: James Pittman, Advocate
Date served: 2026-06-23"
DOC-SUM-00051,Court Summons,"IN THE HIGH COURT OF KENYA
AT NAIROBI
COMMERCIAL AND TAX DIVISION

CASE NO: HC/TAX/3541/2330

BETWEEN
LYONS, ROBINSON AND HENDERSON  ........................... PETITIONER
AND
KENYA REVENUE AUTHORITY  ........................... RESPONDENT

SUMMONS

To: The Commissioner General, Kenya Revenue Authority, Times Tower, Nairobi.

You are hereby summoned to appear before Hon. Justice A. Mwangi on 2026-12-17 at 9:00 AM in Court Room 17.

Served by: Brian Savage, Advocate
Date served: 2026-06-16"
DOC-SUM-00052,Court Summons,"IN THE HIGH COURT OF KENYA
AT NAIROBI
COMMERCIAL AND TAX DIVISION

CASE NO: HC/TAX/7694/0470

BETWEEN
SMITH INC  ........................... PETITIONER
AND
KENYA REVENUE AUTHORITY  ........................... RESPONDENT

SUMMONS

To: The Commissioner General, Kenya Revenue Authority, Times Tower, Nairobi.

You are hereby summoned to appear before Hon. J. Kariuki (TAT Member) on 2026-11-07 at 9:00 AM in Court Room 8.

Served by: Kevin Carroll, Advocate
Date served: 2026-06-09"
DOC-SUM-00053,Court Summons,"IN THE HIGH COURT OF KENYA
AT NAIROBI
COMMERCIAL AND TAX DIVISION

CASE NO: HC/TAX/4174/7842

BETWEEN
DRAKE PLC  ........................... PETITIONER
AND
KENYA REVENUE AUTHORITY  ........................... RESPONDENT

SUMMONS

To: The Commissioner General, Kenya Revenue Authority, Times Tower, Nairobi.

You are hereby summoned to appear before Hon. R. Omondi (TAT Chair) on 2026-08-25 at 9:00 AM in Court Room 5.

Served by: Christopher Molina, Advocate
Date served: 2026-06-26"
DOC-SUM-00054,Court Summons,"IN THE HIGH COURT OF KENYA
AT NAIROBI
COMMERCIAL AND TAX DIVISION

CASE NO: HC/TAX/5877/7853

BETWEEN
PUGH, COLON AND HAYES  ........................... PETITIONER
AND
KENYA REVENUE AUTHORITY  ........................... RESPONDENT

SUMMONS

To: The Commissioner General, Kenya Revenue Authority, Times Tower, Nairobi.

You are hereby summoned to appear before Hon. Justice C. Wanjiku on 2026-09-28 at 9:00 AM in Court Room 14.

Served by: Judy Ashley, Advocate
Date served: 2026-06-30"
DOC-SUM-00055,Court Summons,"IN THE HIGH COURT OF KENYA
AT NAIROBI
COMMERCIAL AND TAX DIVISION

CASE NO: HC/TAX/6758/4521

BETWEEN
TYLER, HERRING AND PORTER  ........................... PETITIONER
AND
KENYA REVENUE AUTHORITY  ........................... RESPONDENT

SUMMONS

To: The Commissioner General, Kenya Revenue Authority, Times Tower, Nairobi.

You are hereby summoned to appear before Hon. Justice A. Mwangi on 2026-11-16 at 9:00 AM in Court Room 20.

Served by: Bridget Ballard, Advocate
Date served: 2026-06-18"
DOC-SUM-00056,Court Summons,"IN THE HIGH COURT OF KENYA
AT NAIROBI
COMMERCIAL AND TAX DIVISION

CASE NO: HC/TAX/3297/8180

BETWEEN
PAUL-MCKEE  ........................... PETITIONER
AND
KENYA REVENUE AUTHORITY  ........................... RESPONDENT

SUMMONS

To: The Commissioner General, Kenya Revenue Authority, Times Tower, Nairobi.

You are hereby summoned to appear before Hon. Justice C. Wanjiku on 2026-08-22 at 9:00 AM in Court Room 8.

Served by: Dennis Henderson, Advocate
Date served: 2026-06-27"
DOC-SUM-00057,Court Summons,"IN THE HIGH COURT OF KENYA
AT NAIROBI
COMMERCIAL AND TAX DIVISION

CASE NO: HC/TAX/9510/1122

BETWEEN
LEE, VILLEGAS AND DIAZ  ........................... PETITIONER
AND
KENYA REVENUE AUTHORITY  ........................... RESPONDENT

SUMMONS

To: The Commissioner General, Kenya Revenue Authority, Times Tower, Nairobi.

You are hereby summoned to appear before Hon. J. Kariuki (TAT Member) on 2026-11-09 at 9:00 AM in Court Room 14.

Served by: Timothy Bond, Advocate
Date served: 2026-06-30"
DOC-SUM-00058,Court Summons,"IN THE HIGH COURT OF KENYA
AT NAIROBI
COMMERCIAL AND TAX DIVISION

CASE NO: HC/TAX/0132/4419

BETWEEN
DUNCAN, VELAZQUEZ AND JONES  ........................... PETITIONER
AND
KENYA REVENUE AUTHORITY  ........................... RESPONDENT

SUMMONS

To: The Commissioner General, Kenya Revenue Authority, Times Tower, Nairobi.

You are hereby summoned to appear before Hon. Justice B. Ochieng on 2026-09-22 at 9:00 AM in Court Room 3.

Served by: Jordan Mcdonald, Advocate
Date served: 2026-06-15"
DOC-SUM-00059,Court Summons,"IN THE HIGH COURT OF KENYA
AT NAIROBI
COMMERCIAL AND TAX DIVISION

CASE NO: HC/TAX/6592/4059

BETWEEN
LANG LLC  ........................... PETITIONER
AND
KENYA REVENUE AUTHORITY  ........................... RESPONDENT

SUMMONS

To: The Commissioner General, Kenya Revenue Authority, Times Tower, Nairobi.

You are hereby summoned to appear before Hon. J. Kariuki (TAT Member) on 2026-12-01 at 9:00 AM in Court Room 12.

Served by: Maria Townsend, Advocate
Date served: 2026-06-30"
DOC-SUM-00060,Court Summons,"IN THE HIGH COURT OF KENYA
AT NAIROBI
COMMERCIAL AND TAX DIVISION

CASE NO: HC/TAX/2810/1262

BETWEEN
KIRK, HOUSE AND NEWTON  ........................... PETITIONER
AND
KENYA REVENUE AUTHORITY  ........................... RESPONDENT

SUMMONS

To: The Commissioner General, Kenya Revenue Authority, Times Tower, Nairobi.

You are hereby summoned to appear before Hon. Justice A. Mwangi on 2026-12-06 at 9:00 AM in Court Room 17.

Served by: Jeffrey Nelson, Advocate
Date served: 2026-06-12"
DOC-SUM-00061,Court Summons,"IN THE HIGH COURT OF KENYA
AT NAIROBI
COMMERCIAL AND TAX DIVISION

CASE NO: HC/TAX/4527/8557

BETWEEN
MUNOZ LLC  ........................... PETITIONER
AND
KENYA REVENUE AUTHORITY  ........................... RESPONDENT

SUMMONS

To: The Commissioner General, Kenya Revenue Authority, Times Tower, Nairobi.

You are hereby summoned to appear before Hon. J. Kariuki (TAT Member) on 2026-08-03 at 9:00 AM in Court Room 17.

Served by: Sabrina Hernandez, Advocate
Date served: 2026-06-03"
DOC-SUM-00062,Court Summons,"IN THE HIGH COURT OF KENYA
AT NAIROBI
COMMERCIAL AND TAX DIVISION

CASE NO: HC/TAX/2683/5962

BETWEEN
JONES-FARLEY  ........................... PETITIONER
AND
KENYA REVENUE AUTHORITY  ........................... RESPONDENT

SUMMONS

To: The Commissioner General, Kenya Revenue Authority, Times Tower, Nairobi.

You are hereby summoned to appear before Hon. J. Kariuki (TAT Member) on 2026-08-15 at 9:00 AM in Court Room 18.

Served by: Karen Lamb, Advocate
Date served: 2026-06-28"
DOC-SUM-00063,Court Summons,"IN THE HIGH COURT OF KENYA
AT NAIROBI
COMMERCIAL AND TAX DIVISION

CASE NO: HC/TAX/6734/4657

BETWEEN
JENKINS PLC  ........................... PETITIONER
AND
KENYA REVENUE AUTHORITY  ........................... RESPONDENT

SUMMONS

To: The Commissioner General, Kenya Revenue Authority, Times Tower, Nairobi.

You are hereby summoned to appear before Hon. Justice A. Mwangi on 2026-10-02 at 9:00 AM in Court Room 13.

Served by: Dawn Gonzalez, Advocate
Date served: 2026-06-07"
DOC-SUM-00064,Court Summons,"IN THE HIGH COURT OF KENYA
AT NAIROBI
COMMERCIAL AND TAX DIVISION

CASE NO: HC/TAX/1572/4843

BETWEEN
COLLINS-NGUYEN  ........................... PETITIONER
AND
KENYA REVENUE AUTHORITY  ........................... RESPONDENT

SUMMONS

To: The Commissioner General, Kenya Revenue Authority, Times Tower, Nairobi.

You are hereby summoned to appear before Hon. Justice D. Kiprop on 2026-12-29 at 9:00 AM in Court Room 2.

Served by: Amy Williams, Advocate
Date served: 2026-06-03"
DOC-SUM-00065,Court Summons,"IN THE HIGH COURT OF KENYA
AT NAIROBI
COMMERCIAL AND TAX DIVISION

CASE NO: HC/TAX/7549/9511

BETWEEN
SNOW-LEWIS  ........................... PETITIONER
AND
KENYA REVENUE AUTHORITY  ........................... RESPONDENT

SUMMONS

To: The Commissioner General, Kenya Revenue Authority, Times Tower, Nairobi.

You are hereby summoned to appear before Hon. R. Omondi (TAT Chair) on 2026-08-23 at 9:00 AM in Court Room 13.

Served by: Gregg Williams, Advocate
Date served: 2026-06-05"
DOC-SUM-00066,Court Summons,"IN THE HIGH COURT OF KENYA
AT NAIROBI
COMMERCIAL AND TAX DIVISION

CASE NO: HC/TAX/8671/5990

BETWEEN
MARTINEZ, JACKSON AND ROMERO  ........................... PETITIONER
AND
KENYA REVENUE AUTHORITY  ........................... RESPONDENT

SUMMONS

To: The Commissioner General, Kenya Revenue Authority, Times Tower, Nairobi.

You are hereby summoned to appear before Hon. Justice C. Wanjiku on 2026-09-03 at 9:00 AM in Court Room 9.

Served by: Scott Mcclure, Advocate
Date served: 2026-06-06"
DOC-SUM-00067,Court Summons,"IN THE HIGH COURT OF KENYA
AT NAIROBI
COMMERCIAL AND TAX DIVISION

CASE NO: HC/TAX/3109/1814

BETWEEN
GONZALEZ-ROMERO  ........................... PETITIONER
AND
KENYA REVENUE AUTHORITY  ........................... RESPONDENT

SUMMONS

To: The Commissioner General, Kenya Revenue Authority, Times Tower, Nairobi.

You are hereby summoned to appear before Hon. R. Omondi (TAT Chair) on 2026-07-26 at 9:00 AM in Court Room 1.

Served by: Lisa Walls, Advocate
Date served: 2026-06-19"
DOC-SUM-00068,Court Summons,"IN THE HIGH COURT OF KENYA
AT NAIROBI
COMMERCIAL AND TAX DIVISION

CASE NO: HC/TAX/5292/9976

BETWEEN
HARRELL-KIRK  ........................... PETITIONER
AND
KENYA REVENUE AUTHORITY  ........................... RESPONDENT

SUMMONS

To: The Commissioner General, Kenya Revenue Authority, Times Tower, Nairobi.

You are hereby summoned to appear before Hon. Justice C. Wanjiku on 2026-12-27 at 9:00 AM in Court Room 3.

Served by: Nathan Floyd, Advocate
Date served: 2026-06-21"
DOC-SUM-00069,Court Summons,"IN THE HIGH COURT OF KENYA
AT NAIROBI
COMMERCIAL AND TAX DIVISION

CASE NO: HC/TAX/6556/6403

BETWEEN
DIXON, ROBLES AND CABRERA  ........................... PETITIONER
AND
KENYA REVENUE AUTHORITY  ........................... RESPONDENT

SUMMONS

To: The Commissioner General, Kenya Revenue Authority, Times Tower, Nairobi.

You are hereby summoned to appear before Hon. Justice C. Wanjiku on 2026-10-21 at 9:00 AM in Court Room 8.

Served by: Kevin Harmon, Advocate
Date served: 2026-07-01"
DOC-SUM-00070,Court Summons,"IN THE HIGH COURT OF KENYA
AT NAIROBI
COMMERCIAL AND TAX DIVISION

CASE NO: HC/TAX/5742/5778

BETWEEN
ROBINSON-VALDEZ  ........................... PETITIONER
AND
KENYA REVENUE AUTHORITY  ........................... RESPONDENT

SUMMONS

To: The Commissioner General, Kenya Revenue Authority, Times Tower, Nairobi.

You are hereby summoned to appear before Hon. R. Omondi (TAT Chair) on 2026-10-11 at 9:00 AM in Court Room 4.

Served by: Katie Kane, Advocate
Date served: 2026-06-27"
DOC-SUM-00071,Court Summons,"IN THE HIGH COURT OF KENYA
AT NAIROBI
COMMERCIAL AND TAX DIVISION

CASE NO: HC/TAX/0155/3622

BETWEEN
SMITH LLC  ........................... PETITIONER
AND
KENYA REVENUE AUTHORITY  ........................... RESPONDENT

SUMMONS

To: The Commissioner General, Kenya Revenue Authority, Times Tower, Nairobi.

You are hereby summoned to appear before Hon. J. Kariuki (TAT Member) on 2026-09-05 at 9:00 AM in Court Room 11.

Served by: Daniel Miller, Advocate
Date served: 2026-06-13"
DOC-SUM-00072,Court Summons,"IN THE HIGH COURT OF KENYA
AT NAIROBI
COMMERCIAL AND TAX DIVISION

CASE NO: HC/TAX/9084/9052

BETWEEN
NELSON-MARQUEZ  ........................... PETITIONER
AND
KENYA REVENUE AUTHORITY  ........................... RESPONDENT

SUMMONS

To: The Commissioner General, Kenya Revenue Authority, Times Tower, Nairobi.

You are hereby summoned to appear before Hon. Justice B. Ochieng on 2026-07-30 at 9:00 AM in Court Room 2.

Served by: Lisa Bishop, Advocate
Date served: 2026-06-23"
DOC-SUM-00073,Court Summons,"IN THE HIGH COURT OF KENYA
AT NAIROBI
COMMERCIAL AND TAX DIVISION

CASE NO: HC/TAX/4131/1130

BETWEEN
CLARK PLC  ........................... PETITIONER
AND
KENYA REVENUE AUTHORITY  ........................... RESPONDENT

SUMMONS

To: The Commissioner General, Kenya Revenue Authority, Times Tower, Nairobi.

You are hereby summoned to appear before Hon. Justice C. Wanjiku on 2026-10-27 at 9:00 AM in Court Room 18.

Served by: Christina Harris, Advocate
Date served: 2026-07-01"
DOC-SUM-00074,Court Summons,"IN THE HIGH COURT OF KENYA
AT NAIROBI
COMMERCIAL AND TAX DIVISION

CASE NO: HC/TAX/9134/1437

BETWEEN
LEE INC  ........................... PETITIONER
AND
KENYA REVENUE AUTHORITY  ........................... RESPONDENT

SUMMONS

To: The Commissioner General, Kenya Revenue Authority, Times Tower, Nairobi.

You are hereby summoned to appear before Hon. Justice C. Wanjiku on 2026-09-30 at 9:00 AM in Court Room 6.

Served by: Vincent Gray, Advocate
Date served: 2026-06-25"
DOC-SUM-00075,Court Summons,"IN THE HIGH COURT OF KENYA
AT NAIROBI
COMMERCIAL AND TAX DIVISION

CASE NO: HC/TAX/5246/3799

BETWEEN
WARD, SAVAGE AND KELLY  ........................... PETITIONER
AND
KENYA REVENUE AUTHORITY  ........................... RESPONDENT

SUMMONS

To: The Commissioner General, Kenya Revenue Authority, Times Tower, Nairobi.

You are hereby summoned to appear before Hon. R. Omondi (TAT Chair) on 2026-07-07 at 9:00 AM in Court Room 15.

Served by: Laura Walker, Advocate
Date served: 2026-06-19"
DOC-SUM-00076,Court Summons,"IN THE HIGH COURT OF KENYA
AT NAIROBI
COMMERCIAL AND TAX DIVISION

CASE NO: HC/TAX/3117/1559

BETWEEN
GARCIA PLC  ........................... PETITIONER
AND
KENYA REVENUE AUTHORITY  ........................... RESPONDENT

SUMMONS

To: The Commissioner General, Kenya Revenue Authority, Times Tower, Nairobi.

You are hereby summoned to appear before Hon. R. Omondi (TAT Chair) on 2026-10-19 at 9:00 AM in Court Room 16.

Served by: Joseph Price, Advocate
Date served: 2026-06-20"
DOC-SUM-00077,Court Summons,"IN THE HIGH COURT OF KENYA
AT NAIROBI
COMMERCIAL AND TAX DIVISION

CASE NO: HC/TAX/1131/6189

BETWEEN
CANNON-MCCORMICK  ........................... PETITIONER
AND
KENYA REVENUE AUTHORITY  ........................... RESPONDENT

SUMMONS

To: The Commissioner General, Kenya Revenue Authority, Times Tower, Nairobi.

You are hereby summoned to appear before Hon. R. Omondi (TAT Chair) on 2026-09-13 at 9:00 AM in Court Room 6.

Served by: Jessica Robinson PhD, Advocate
Date served: 2026-06-09"
DOC-SUM-00078,Court Summons,"IN THE HIGH COURT OF KENYA
AT NAIROBI
COMMERCIAL AND TAX DIVISION

CASE NO: HC/TAX/5105/6885

BETWEEN
GATES-SALAS  ........................... PETITIONER
AND
KENYA REVENUE AUTHORITY  ........................... RESPONDENT

SUMMONS

To: The Commissioner General, Kenya Revenue Authority, Times Tower, Nairobi.

You are hereby summoned to appear before Hon. Justice B. Ochieng on 2026-09-07 at 9:00 AM in Court Room 3.

Served by: David Mendoza, Advocate
Date served: 2026-06-24"
DOC-SUM-00079,Court Summons,"IN THE HIGH COURT OF KENYA
AT NAIROBI
COMMERCIAL AND TAX DIVISION

CASE NO: HC/TAX/4546/0712

BETWEEN
SCOTT-LEE  ........................... PETITIONER
AND
KENYA REVENUE AUTHORITY  ........................... RESPONDENT

SUMMONS

To: The Commissioner General, Kenya Revenue Authority, Times Tower, Nairobi.

You are hereby summoned to appear before Hon. R. Omondi (TAT Chair) on 2026-09-26 at 9:00 AM in Court Room 15.

Served by: Erica Lambert, Advocate
Date served: 2026-06-05"
DOC-SUM-00080,Court Summons,"IN THE HIGH COURT OF KENYA
AT NAIROBI
COMMERCIAL AND TAX DIVISION

CASE NO: HC/TAX/6997/0048

BETWEEN
RIVERA, JONES AND CHASE  ........................... PETITIONER
AND
KENYA REVENUE AUTHORITY  ........................... RESPONDENT

SUMMONS

To: The Commissioner General, Kenya Revenue Authority, Times Tower, Nairobi.

You are hereby summoned to appear before Hon. Justice A. Mwangi on 2026-10-07 at 9:00 AM in Court Room 10.

Served by: Jim Hubbard, Advocate
Date served: 2026-06-30"
DOC-SUM-00081,Court Summons,"IN THE HIGH COURT OF KENYA
AT NAIROBI
COMMERCIAL AND TAX DIVISION

CASE NO: HC/TAX/2184/2196

BETWEEN
HENRY-ANDERSON  ........................... PETITIONER
AND
KENYA REVENUE AUTHORITY  ........................... RESPONDENT

SUMMONS

To: The Commissioner General, Kenya Revenue Authority, Times Tower, Nairobi.

You are hereby summoned to appear before Hon. Justice B. Ochieng on 2026-07-15 at 9:00 AM in Court Room 2.

Served by: Steven Montes, Advocate
Date served: 2026-06-11"
DOC-SUM-00082,Court Summons,"IN THE HIGH COURT OF KENYA
AT NAIROBI
COMMERCIAL AND TAX DIVISION

CASE NO: HC/TAX/2010/0684

BETWEEN
SANCHEZ LLC  ........................... PETITIONER
AND
KENYA REVENUE AUTHORITY  ........................... RESPONDENT

SUMMONS

To: The Commissioner General, Kenya Revenue Authority, Times Tower, Nairobi.

You are hereby summoned to appear before Hon. Justice B. Ochieng on 2026-08-05 at 9:00 AM in Court Room 2.

Served by: Thomas Reyes, Advocate
Date served: 2026-06-24"
DOC-SUM-00083,Court Summons,"IN THE HIGH COURT OF KENYA
AT NAIROBI
COMMERCIAL AND TAX DIVISION

CASE NO: HC/TAX/8018/2026

BETWEEN
SMITH-WATKINS  ........................... PETITIONER
AND
KENYA REVENUE AUTHORITY  ........................... RESPONDENT

SUMMONS

To: The Commissioner General, Kenya Revenue Authority, Times Tower, Nairobi.

You are hereby summoned to appear before Hon. Justice C. Wanjiku on 2026-11-07 at 9:00 AM in Court Room 10.

Served by: Dorothy Fletcher, Advocate
Date served: 2026-06-15"
DOC-SUM-00084,Court Summons,"IN THE HIGH COURT OF KENYA
AT NAIROBI
COMMERCIAL AND TAX DIVISION

CASE NO: HC/TAX/9917/4465

BETWEEN
GOOD-PACE  ........................... PETITIONER
AND
KENYA REVENUE AUTHORITY  ........................... RESPONDENT

SUMMONS

To: The Commissioner General, Kenya Revenue Authority, Times Tower, Nairobi.

You are hereby summoned to appear before Hon. J. Kariuki (TAT Member) on 2026-07-31 at 9:00 AM in Court Room 13.

Served by: Randy Kidd, Advocate
Date served: 2026-06-30"
DOC-SUM-00085,Court Summons,"IN THE HIGH COURT OF KENYA
AT NAIROBI
COMMERCIAL AND TAX DIVISION

CASE NO: HC/TAX/3795/1790

BETWEEN
KIM-PEREZ  ........................... PETITIONER
AND
KENYA REVENUE AUTHORITY  ........................... RESPONDENT

SUMMONS

To: The Commissioner General, Kenya Revenue Authority, Times Tower, Nairobi.

You are hereby summoned to appear before Hon. J. Kariuki (TAT Member) on 2026-09-19 at 9:00 AM in Court Room 16.

Served by: Charles Chapman, Advocate
Date served: 2026-06-13"
DOC-SUM-00086,Court Summons,"IN THE HIGH COURT OF KENYA
AT NAIROBI
COMMERCIAL AND TAX DIVISION

CASE NO: HC/TAX/4363/4530

BETWEEN
FARRELL-WOOD  ........................... PETITIONER
AND
KENYA REVENUE AUTHORITY  ........................... RESPONDENT

SUMMONS

To: The Commissioner General, Kenya Revenue Authority, Times Tower, Nairobi.

You are hereby summoned to appear before Hon. Justice C. Wanjiku on 2026-07-16 at 9:00 AM in Court Room 2.

Served by: Edward Fisher, Advocate
Date served: 2026-07-01"
DOC-SUM-00087,Court Summons,"IN THE HIGH COURT OF KENYA
AT NAIROBI
COMMERCIAL AND TAX DIVISION

CASE NO: HC/TAX/0800/6615

BETWEEN
WHITE-HERNANDEZ  ........................... PETITIONER
AND
KENYA REVENUE AUTHORITY  ........................... RESPONDENT

SUMMONS

To: The Commissioner General, Kenya Revenue Authority, Times Tower, Nairobi.

You are hereby summoned to appear before Hon. R. Omondi (TAT Chair) on 2026-10-22 at 9:00 AM in Court Room 7.

Served by: Elizabeth Travis, Advocate
Date served: 2026-06-21"
DOC-SUM-00088,Court Summons,"IN THE HIGH COURT OF KENYA
AT NAIROBI
COMMERCIAL AND TAX DIVISION

CASE NO: HC/TAX/2252/8106

BETWEEN
CASTANEDA-VALENZUELA  ........................... PETITIONER
AND
KENYA REVENUE AUTHORITY  ........................... RESPONDENT

SUMMONS

To: The Commissioner General, Kenya Revenue Authority, Times Tower, Nairobi.

You are hereby summoned to appear before Hon. Justice C. Wanjiku on 2026-11-11 at 9:00 AM in Court Room 12.

Served by: Amanda Casey, Advocate
Date served: 2026-06-15"
DOC-SUM-00089,Court Summons,"IN THE HIGH COURT OF KENYA
AT NAIROBI
COMMERCIAL AND TAX DIVISION

CASE NO: HC/TAX/2220/7281

BETWEEN
RIVERA, THOMAS AND ORTIZ  ........................... PETITIONER
AND
KENYA REVENUE AUTHORITY  ........................... RESPONDENT

SUMMONS

To: The Commissioner General, Kenya Revenue Authority, Times Tower, Nairobi.

You are hereby summoned to appear before Hon. Justice A. Mwangi on 2026-10-27 at 9:00 AM in Court Room 11.

Served by: Gabrielle Gill, Advocate
Date served: 2026-06-06"
DOC-SUM-00090,Court Summons,"IN THE HIGH COURT OF KENYA
AT NAIROBI
COMMERCIAL AND TAX DIVISION

CASE NO: HC/TAX/9581/9254

BETWEEN
POTTER-FRANK  ........................... PETITIONER
AND
KENYA REVENUE AUTHORITY  ........................... RESPONDENT

SUMMONS

To: The Commissioner General, Kenya Revenue Authority, Times Tower, Nairobi.

You are hereby summoned to appear before Hon. Justice C. Wanjiku on 2026-11-04 at 9:00 AM in Court Room 4.

Served by: Kaitlyn Harrell, Advocate
Date served: 2026-06-07"
DOC-SUM-00091,Court Summons,"IN THE HIGH COURT OF KENYA
AT NAIROBI
COMMERCIAL AND TAX DIVISION

CASE NO: HC/TAX/8613/4742

BETWEEN
WELCH-ROBERTSON  ........................... PETITIONER
AND
KENYA REVENUE AUTHORITY  ........................... RESPONDENT

SUMMONS

To: The Commissioner General, Kenya Revenue Authority, Times Tower, Nairobi.

You are hereby summoned to appear before Hon. Justice C. Wanjiku on 2026-11-26 at 9:00 AM in Court Room 14.

Served by: Leslie Frost, Advocate
Date served: 2026-06-16"
DOC-SUM-00092,Court Summons,"IN THE HIGH COURT OF KENYA
AT NAIROBI
COMMERCIAL AND TAX DIVISION

CASE NO: HC/TAX/4993/3769

BETWEEN
ELLIS, MATTHEWS AND BARBER  ........................... PETITIONER
AND
KENYA REVENUE AUTHORITY  ........................... RESPONDENT

SUMMONS

To: The Commissioner General, Kenya Revenue Authority, Times Tower, Nairobi.

You are hereby summoned to appear before Hon. Justice D. Kiprop on 2026-09-29 at 9:00 AM in Court Room 15.

Served by: Becky Lewis, Advocate
Date served: 2026-06-15"
DOC-SUM-00093,Court Summons,"IN THE HIGH COURT OF KENYA
AT NAIROBI
COMMERCIAL AND TAX DIVISION

CASE NO: HC/TAX/0498/3653

BETWEEN
COFFEY-WHITEHEAD  ........................... PETITIONER
AND
KENYA REVENUE AUTHORITY  ........................... RESPONDENT

SUMMONS

To: The Commissioner General, Kenya Revenue Authority, Times Tower, Nairobi.

You are hereby summoned to appear before Hon. Justice D. Kiprop on 2026-08-27 at 9:00 AM in Court Room 11.

Served by: Christopher Logan, Advocate
Date served: 2026-06-12"
DOC-SUM-00094,Court Summons,"IN THE HIGH COURT OF KENYA
AT NAIROBI
COMMERCIAL AND TAX DIVISION

CASE NO: HC/TAX/4510/8826

BETWEEN
STEVENS, PACHECO AND JIMENEZ  ........................... PETITIONER
AND
KENYA REVENUE AUTHORITY  ........................... RESPONDENT

SUMMONS

To: The Commissioner General, Kenya Revenue Authority, Times Tower, Nairobi.

You are hereby summoned to appear before Hon. Justice B. Ochieng on 2026-08-09 at 9:00 AM in Court Room 16.

Served by: John Mccormick, Advocate
Date served: 2026-06-08"
DOC-SUM-00095,Court Summons,"IN THE HIGH COURT OF KENYA
AT NAIROBI
COMMERCIAL AND TAX DIVISION

CASE NO: HC/TAX/7297/6696

BETWEEN
CARTER-SMITH  ........................... PETITIONER
AND
KENYA REVENUE AUTHORITY  ........................... RESPONDENT

SUMMONS

To: The Commissioner General, Kenya Revenue Authority, Times Tower, Nairobi.

You are hereby summoned to appear before Hon. R. Omondi (TAT Chair) on 2026-11-15 at 9:00 AM in Court Room 16.

Served by: Michele Giles, Advocate
Date served: 2026-06-28"
DOC-SUM-00096,Court Summons,"IN THE HIGH COURT OF KENYA
AT NAIROBI
COMMERCIAL AND TAX DIVISION

CASE NO: HC/TAX/0138/3950

BETWEEN
MATHEWS, OSBORNE AND HANCOCK  ........................... PETITIONER
AND
KENYA REVENUE AUTHORITY  ........................... RESPONDENT

SUMMONS

To: The Commissioner General, Kenya Revenue Authority, Times Tower, Nairobi.

You are hereby summoned to appear before Hon. Justice C. Wanjiku on 2026-08-10 at 9:00 AM in Court Room 17.

Served by: Robert Marshall DVM, Advocate
Date served: 2026-06-25"
DOC-SUM-00097,Court Summons,"IN THE HIGH COURT OF KENYA
AT NAIROBI
COMMERCIAL AND TAX DIVISION

CASE NO: HC/TAX/4226/9591

BETWEEN
MERCADO INC  ........................... PETITIONER
AND
KENYA REVENUE AUTHORITY  ........................... RESPONDENT

SUMMONS

To: The Commissioner General, Kenya Revenue Authority, Times Tower, Nairobi.

You are hereby summoned to appear before Hon. Justice C. Wanjiku on 2026-08-16 at 9:00 AM in Court Room 3.

Served by: Nicholas Cooper, Advocate
Date served: 2026-06-25"
DOC-SUM-00098,Court Summons,"IN THE HIGH COURT OF KENYA
AT NAIROBI
COMMERCIAL AND TAX DIVISION

CASE NO: HC/TAX/0916/1094

BETWEEN
KHAN LLC  ........................... PETITIONER
AND
KENYA REVENUE AUTHORITY  ........................... RESPONDENT

SUMMONS

To: The Commissioner General, Kenya Revenue Authority, Times Tower, Nairobi.

You are hereby summoned to appear before Hon. R. Omondi (TAT Chair) on 2026-12-01 at 9:00 AM in Court Room 14.

Served by: Amanda Steele, Advocate
Date served: 2026-06-05"
DOC-SUM-00099,Court Summons,"IN THE HIGH COURT OF KENYA
AT NAIROBI
COMMERCIAL AND TAX DIVISION

CASE NO: HC/TAX/5134/2091

BETWEEN
SULLIVAN-WILSON  ........................... PETITIONER
AND
KENYA REVENUE AUTHORITY  ........................... RESPONDENT

SUMMONS

To: The Commissioner General, Kenya Revenue Authority, Times Tower, Nairobi.

You are hereby summoned to appear before Hon. Justice A. Mwangi on 2026-08-20 at 9:00 AM in Court Room 14.

Served by: Justin Crawford, Advocate
Date served: 2026-06-14"
DOC-SUM-00100,Court Summons,"IN THE HIGH COURT OF KENYA
AT NAIROBI
COMMERCIAL AND TAX DIVISION

CASE NO: HC/TAX/6317/0134

BETWEEN
MCCONNELL LTD  ........................... PETITIONER
AND
KENYA REVENUE AUTHORITY  ........................... RESPONDENT

SUMMONS

To: The Commissioner General, Kenya Revenue Authority, Times Tower, Nairobi.

You are hereby summoned to appear before Hon. J. Kariuki (TAT Member) on 2026-09-20 at 9:00 AM in Court Room 6.

Served by: Michael Blankenship, Advocate
Date served: 2026-06-08"
DOC-SUM-00101,Court Summons,"IN THE HIGH COURT OF KENYA
AT NAIROBI
COMMERCIAL AND TAX DIVISION

CASE NO: HC/TAX/1517/8795

BETWEEN
DAWSON PLC  ........................... PETITIONER
AND
KENYA REVENUE AUTHORITY  ........................... RESPONDENT

SUMMONS

To: The Commissioner General, Kenya Revenue Authority, Times Tower, Nairobi.

You are hereby summoned to appear before Hon. J. Kariuki (TAT Member) on 2026-11-09 at 9:00 AM in Court Room 10.

Served by: Lauren Harper, Advocate
Date served: 2026-06-15"
DOC-SUM-00102,Court Summons,"IN THE HIGH COURT OF KENYA
AT NAIROBI
COMMERCIAL AND TAX DIVISION

CASE NO: HC/TAX/8787/8735

BETWEEN
FLORES, PETERS AND FINLEY  ........................... PETITIONER
AND
KENYA REVENUE AUTHORITY  ........................... RESPONDENT

SUMMONS

To: The Commissioner General, Kenya Revenue Authority, Times Tower, Nairobi.

You are hereby summoned to appear before Hon. Justice C. Wanjiku on 2026-08-06 at 9:00 AM in Court Room 4.

Served by: Carol Warner, Advocate
Date served: 2026-06-13"
DOC-SUM-00103,Court Summons,"IN THE HIGH COURT OF KENYA
AT NAIROBI
COMMERCIAL AND TAX DIVISION

CASE NO: HC/TAX/9968/5930

BETWEEN
MOORE, GARCIA AND BELL  ........................... PETITIONER
AND
KENYA REVENUE AUTHORITY  ........................... RESPONDENT

SUMMONS

To: The Commissioner General, Kenya Revenue Authority, Times Tower, Nairobi.

You are hereby summoned to appear before Hon. Justice A. Mwangi on 2026-08-26 at 9:00 AM in Court Room 11.

Served by: Amber Bentley, Advocate
Date served: 2026-06-12"
DOC-SUM-00104,Court Summons,"IN THE HIGH COURT OF KENYA
AT NAIROBI
COMMERCIAL AND TAX DIVISION

CASE NO: HC/TAX/3594/5908

BETWEEN
MEYER LTD  ........................... PETITIONER
AND
KENYA REVENUE AUTHORITY  ........................... RESPONDENT

SUMMONS

To: The Commissioner General, Kenya Revenue Authority, Times Tower, Nairobi.

You are hereby summoned to appear before Hon. R. Omondi (TAT Chair) on 2026-08-14 at 9:00 AM in Court Room 10.

Served by: Tabitha Perkins, Advocate
Date served: 2026-06-20"
DOC-SUM-00105,Court Summons,"IN THE HIGH COURT OF KENYA
AT NAIROBI
COMMERCIAL AND TAX DIVISION

CASE NO: HC/TAX/4150/6402

BETWEEN
JONES-LARSON  ........................... PETITIONER
AND
KENYA REVENUE AUTHORITY  ........................... RESPONDENT

SUMMONS

To: The Commissioner General, Kenya Revenue Authority, Times Tower, Nairobi.

You are hereby summoned to appear before Hon. Justice C. Wanjiku on 2026-12-18 at 9:00 AM in Court Room 15.

Served by: Jeff Maldonado, Advocate
Date served: 2026-06-19"
DOC-SUM-00106,Court Summons,"IN THE HIGH COURT OF KENYA
AT NAIROBI
COMMERCIAL AND TAX DIVISION

CASE NO: HC/TAX/9567/6851

BETWEEN
SMITH, PALMER AND MURPHY  ........................... PETITIONER
AND
KENYA REVENUE AUTHORITY  ........................... RESPONDENT

SUMMONS

To: The Commissioner General, Kenya Revenue Authority, Times Tower, Nairobi.

You are hereby summoned to appear before Hon. J. Kariuki (TAT Member) on 2026-09-19 at 9:00 AM in Court Room 14.

Served by: Holly Horton, Advocate
Date served: 2026-06-03"
DOC-SUM-00107,Court Summons,"IN THE HIGH COURT OF KENYA
AT NAIROBI
COMMERCIAL AND TAX DIVISION

CASE NO: HC/TAX/1657/7261

BETWEEN
SINGLETON-WALSH  ........................... PETITIONER
AND
KENYA REVENUE AUTHORITY  ........................... RESPONDENT

SUMMONS

To: The Commissioner General, Kenya Revenue Authority, Times Tower, Nairobi.

You are hereby summoned to appear before Hon. Justice B. Ochieng on 2026-09-23 at 9:00 AM in Court Room 15.

Served by: Jordan Rich, Advocate
Date served: 2026-06-06"
DOC-SUM-00108,Court Summons,"IN THE HIGH COURT OF KENYA
AT NAIROBI
COMMERCIAL AND TAX DIVISION

CASE NO: HC/TAX/6623/8197

BETWEEN
HUNT, CLAY AND OLIVER  ........................... PETITIONER
AND
KENYA REVENUE AUTHORITY  ........................... RESPONDENT

SUMMONS

To: The Commissioner General, Kenya Revenue Authority, Times Tower, Nairobi.

You are hereby summoned to appear before Hon. Justice C. Wanjiku on 2026-12-31 at 9:00 AM in Court Room 15.

Served by: Jesus Ross, Advocate
Date served: 2026-06-11"
DOC-SUM-00109,Court Summons,"IN THE HIGH COURT OF KENYA
AT NAIROBI
COMMERCIAL AND TAX DIVISION

CASE NO: HC/TAX/5815/4988

BETWEEN
TURNER PLC  ........................... PETITIONER
AND
KENYA REVENUE AUTHORITY  ........................... RESPONDENT

SUMMONS

To: The Commissioner General, Kenya Revenue Authority, Times Tower, Nairobi.

You are hereby summoned to appear before Hon. Justice A. Mwangi on 2026-11-11 at 9:00 AM in Court Room 12.

Served by: Kaitlyn Gomez, Advocate
Date served: 2026-06-25"
DOC-SUM-00110,Court Summons,"IN THE HIGH COURT OF KENYA
AT NAIROBI
COMMERCIAL AND TAX DIVISION

CASE NO: HC/TAX/3470/9376

BETWEEN
CONRAD, CASTILLO AND LUTZ  ........................... PETITIONER
AND
KENYA REVENUE AUTHORITY  ........................... RESPONDENT

SUMMONS

To: The Commissioner General, Kenya Revenue Authority, Times Tower, Nairobi.

You are hereby summoned to appear before Hon. J. Kariuki (TAT Member) on 2026-12-17 at 9:00 AM in Court Room 14.

Served by: Ernest Williams, Advocate
Date served: 2026-06-25"
DOC-SUM-00111,Court Summons,"IN THE HIGH COURT OF KENYA
AT NAIROBI
COMMERCIAL AND TAX DIVISION

CASE NO: HC/TAX/7391/6681

BETWEEN
BOWMAN-MORGAN  ........................... PETITIONER
AND
KENYA REVENUE AUTHORITY  ........................... RESPONDENT

SUMMONS

To: The Commissioner General, Kenya Revenue Authority, Times Tower, Nairobi.

You are hereby summoned to appear before Hon. Justice C. Wanjiku on 2026-10-09 at 9:00 AM in Court Room 2.

Served by: Juan Bryant, Advocate
Date served: 2026-06-06"
DOC-SUM-00112,Court Summons,"IN THE HIGH COURT OF KENYA
AT NAIROBI
COMMERCIAL AND TAX DIVISION

CASE NO: HC/TAX/8222/6264

BETWEEN
DOUGHERTY, BOND AND JAMES  ........................... PETITIONER
AND
KENYA REVENUE AUTHORITY  ........................... RESPONDENT

SUMMONS

To: The Commissioner General, Kenya Revenue Authority, Times Tower, Nairobi.

You are hereby summoned to appear before Hon. Justice A. Mwangi on 2026-12-24 at 9:00 AM in Court Room 13.

Served by: Thomas Miles, Advocate
Date served: 2026-06-09"
DOC-SUM-00113,Court Summons,"IN THE HIGH COURT OF KENYA
AT NAIROBI
COMMERCIAL AND TAX DIVISION

CASE NO: HC/TAX/6365/2998

BETWEEN
ROBINSON-LARSON  ........................... PETITIONER
AND
KENYA REVENUE AUTHORITY  ........................... RESPONDENT

SUMMONS

To: The Commissioner General, Kenya Revenue Authority, Times Tower, Nairobi.

You are hereby summoned to appear before Hon. Justice C. Wanjiku on 2026-07-10 at 9:00 AM in Court Room 17.

Served by: Laura Allen, Advocate
Date served: 2026-06-05"
DOC-SUM-00114,Court Summons,"IN THE HIGH COURT OF KENYA
AT NAIROBI
COMMERCIAL AND TAX DIVISION

CASE NO: HC/TAX/9781/9178

BETWEEN
LANE-JOHNSON  ........................... PETITIONER
AND
KENYA REVENUE AUTHORITY  ........................... RESPONDENT

SUMMONS

To: The Commissioner General, Kenya Revenue Authority, Times Tower, Nairobi.

You are hereby summoned to appear before Hon. R. Omondi (TAT Chair) on 2026-10-17 at 9:00 AM in Court Room 6.

Served by: Kyle Tucker, Advocate
Date served: 2026-06-19"
DOC-SUM-00115,Court Summons,"IN THE HIGH COURT OF KENYA
AT NAIROBI
COMMERCIAL AND TAX DIVISION

CASE NO: HC/TAX/9162/0986

BETWEEN
DIAZ, WILSON AND DALTON  ........................... PETITIONER
AND
KENYA REVENUE AUTHORITY  ........................... RESPONDENT

SUMMONS

To: The Commissioner General, Kenya Revenue Authority, Times Tower, Nairobi.

You are hereby summoned to appear before Hon. Justice A. Mwangi on 2026-09-26 at 9:00 AM in Court Room 5.

Served by: Randy Monroe, Advocate
Date served: 2026-06-03"
DOC-SUM-00116,Court Summons,"IN THE HIGH COURT OF KENYA
AT NAIROBI
COMMERCIAL AND TAX DIVISION

CASE NO: HC/TAX/5667/2759

BETWEEN
HILL-RODRIGUEZ  ........................... PETITIONER
AND
KENYA REVENUE AUTHORITY  ........................... RESPONDENT

SUMMONS

To: The Commissioner General, Kenya Revenue Authority, Times Tower, Nairobi.

You are hereby summoned to appear before Hon. J. Kariuki (TAT Member) on 2026-10-06 at 9:00 AM in Court Room 15.

Served by: Aaron Kane, Advocate
Date served: 2026-06-22"
DOC-SUM-00117,Court Summons,"IN THE HIGH COURT OF KENYA
AT NAIROBI
COMMERCIAL AND TAX DIVISION

CASE NO: HC/TAX/7060/1378

BETWEEN
MARTIN-BYRD  ........................... PETITIONER
AND
KENYA REVENUE AUTHORITY  ........................... RESPONDENT

SUMMONS

To: The Commissioner General, Kenya Revenue Authority, Times Tower, Nairobi.

You are hereby summoned to appear before Hon. Justice A. Mwangi on 2026-11-03 at 9:00 AM in Court Room 5.

Served by: Anthony Love, Advocate
Date served: 2026-06-30"
DOC-SUM-00118,Court Summons,"IN THE HIGH COURT OF KENYA
AT NAIROBI
COMMERCIAL AND TAX DIVISION

CASE NO: HC/TAX/4390/1615

BETWEEN
MOLINA-SERRANO  ........................... PETITIONER
AND
KENYA REVENUE AUTHORITY  ........................... RESPONDENT

SUMMONS

To: The Commissioner General, Kenya Revenue Authority, Times Tower, Nairobi.

You are hereby summoned to appear before Hon. Justice A. Mwangi on 2026-11-10 at 9:00 AM in Court Room 8.

Served by: Evelyn Anderson, Advocate
Date served: 2026-06-26"
DOC-SUM-00119,Court Summons,"IN THE HIGH COURT OF KENYA
AT NAIROBI
COMMERCIAL AND TAX DIVISION

CASE NO: HC/TAX/3740/0976

BETWEEN
FOWLER-SHORT  ........................... PETITIONER
AND
KENYA REVENUE AUTHORITY  ........................... RESPONDENT

SUMMONS

To: The Commissioner General, Kenya Revenue Authority, Times Tower, Nairobi.

You are hereby summoned to appear before Hon. R. Omondi (TAT Chair) on 2026-09-15 at 9:00 AM in Court Room 12.

Served by: Aaron Patterson, Advocate
Date served: 2026-06-03"
DOC-SUM-00120,Court Summons,"IN THE HIGH COURT OF KENYA
AT NAIROBI
COMMERCIAL AND TAX DIVISION

CASE NO: HC/TAX/0083/1381

BETWEEN
CLARK-JOHNSON  ........................... PETITIONER
AND
KENYA REVENUE AUTHORITY  ........................... RESPONDENT

SUMMONS

To: The Commissioner General, Kenya Revenue Authority, Times Tower, Nairobi.

You are hereby summoned to appear before Hon. Justice C. Wanjiku on 2026-11-26 at 9:00 AM in Court Room 13.

Served by: Dr. Thomas Smith, Advocate
Date served: 2026-06-12"
DOC-SUM-00121,Court Summons,"IN THE HIGH COURT OF KENYA
AT NAIROBI
COMMERCIAL AND TAX DIVISION

CASE NO: HC/TAX/4320/1589

BETWEEN
ORR-MARTINEZ  ........................... PETITIONER
AND
KENYA REVENUE AUTHORITY  ........................... RESPONDENT

SUMMONS

To: The Commissioner General, Kenya Revenue Authority, Times Tower, Nairobi.

You are hereby summoned to appear before Hon. J. Kariuki (TAT Member) on 2026-09-02 at 9:00 AM in Court Room 2.

Served by: Michael Gibson, Advocate
Date served: 2026-06-28"
DOC-SUM-00122,Court Summons,"IN THE HIGH COURT OF KENYA
AT NAIROBI
COMMERCIAL AND TAX DIVISION

CASE NO: HC/TAX/6785/7076

BETWEEN
DIAZ LLC  ........................... PETITIONER
AND
KENYA REVENUE AUTHORITY  ........................... RESPONDENT

SUMMONS

To: The Commissioner General, Kenya Revenue Authority, Times Tower, Nairobi.

You are hereby summoned to appear before Hon. J. Kariuki (TAT Member) on 2026-10-15 at 9:00 AM in Court Room 5.

Served by: Nicole Frazier DDS, Advocate
Date served: 2026-06-21"
DOC-SUM-00123,Court Summons,"IN THE HIGH COURT OF KENYA
AT NAIROBI
COMMERCIAL AND TAX DIVISION

CASE NO: HC/TAX/2079/1209

BETWEEN
JACKSON, JOHNSON AND BARRETT  ........................... PETITIONER
AND
KENYA REVENUE AUTHORITY  ........................... RESPONDENT

SUMMONS

To: The Commissioner General, Kenya Revenue Authority, Times Tower, Nairobi.

You are hereby summoned to appear before Hon. R. Omondi (TAT Chair) on 2026-07-20 at 9:00 AM in Court Room 15.

Served by: Emily Fletcher, Advocate
Date served: 2026-06-05"
DOC-SUM-00124,Court Summons,"IN THE HIGH COURT OF KENYA
AT NAIROBI
COMMERCIAL AND TAX DIVISION

CASE NO: HC/TAX/4916/9466

BETWEEN
BROWN, VALDEZ AND GALLOWAY  ........................... PETITIONER
AND
KENYA REVENUE AUTHORITY  ........................... RESPONDENT

SUMMONS

To: The Commissioner General, Kenya Revenue Authority, Times Tower, Nairobi.

You are hereby summoned to appear before Hon. Justice C. Wanjiku on 2026-09-15 at 9:00 AM in Court Room 12.

Served by: Jamie Thomas, Advocate
Date served: 2026-06-25"
DOC-SUM-00125,Court Summons,"IN THE HIGH COURT OF KENYA
AT NAIROBI
COMMERCIAL AND TAX DIVISION

CASE NO: HC/TAX/4626/8736

BETWEEN
STEIN, CARLSON AND BELL  ........................... PETITIONER
AND
KENYA REVENUE AUTHORITY  ........................... RESPONDENT

SUMMONS

To: The Commissioner General, Kenya Revenue Authority, Times Tower, Nairobi.

You are hereby summoned to appear before Hon. Justice D. Kiprop on 2026-08-21 at 9:00 AM in Court Room 3.

Served by: Laura Webb, Advocate
Date served: 2026-06-18"
DOC-SUM-00126,Court Summons,"IN THE HIGH COURT OF KENYA
AT NAIROBI
COMMERCIAL AND TAX DIVISION

CASE NO: HC/TAX/5587/0402

BETWEEN
KELLY-STOUT  ........................... PETITIONER
AND
KENYA REVENUE AUTHORITY  ........................... RESPONDENT

SUMMONS

To: The Commissioner General, Kenya Revenue Authority, Times Tower, Nairobi.

You are hereby summoned to appear before Hon. J. Kariuki (TAT Member) on 2026-10-25 at 9:00 AM in Court Room 5.

Served by: Bruce Mcdonald, Advocate
Date served: 2026-06-05"
DOC-SUM-00127,Court Summons,"IN THE HIGH COURT OF KENYA
AT NAIROBI
COMMERCIAL AND TAX DIVISION

CASE NO: HC/TAX/4787/4856

BETWEEN
SOLIS, WARNER AND PARKER  ........................... PETITIONER
AND
KENYA REVENUE AUTHORITY  ........................... RESPONDENT

SUMMONS

To: The Commissioner General, Kenya Revenue Authority, Times Tower, Nairobi.

You are hereby summoned to appear before Hon. J. Kariuki (TAT Member) on 2026-07-20 at 9:00 AM in Court Room 12.

Served by: Melanie Cruz, Advocate
Date served: 2026-06-13"
DOC-SUM-00128,Court Summons,"IN THE HIGH COURT OF KENYA
AT NAIROBI
COMMERCIAL AND TAX DIVISION

CASE NO: HC/TAX/4643/3460

BETWEEN
HORNE, SALAS AND GILBERT  ........................... PETITIONER
AND
KENYA REVENUE AUTHORITY  ........................... RESPONDENT

SUMMONS

To: The Commissioner General, Kenya Revenue Authority, Times Tower, Nairobi.

You are hereby summoned to appear before Hon. Justice D. Kiprop on 2026-08-29 at 9:00 AM in Court Room 11.

Served by: Jacqueline Hill, Advocate
Date served: 2026-06-11"
DOC-SUM-00129,Court Summons,"IN THE HIGH COURT OF KENYA
AT NAIROBI
COMMERCIAL AND TAX DIVISION

CASE NO: HC/TAX/7480/1627

BETWEEN
WALLACE, JOHNSON AND TERRY  ........................... PETITIONER
AND
KENYA REVENUE AUTHORITY  ........................... RESPONDENT

SUMMONS

To: The Commissioner General, Kenya Revenue Authority, Times Tower, Nairobi.

You are hereby summoned to appear before Hon. R. Omondi (TAT Chair) on 2026-08-17 at 9:00 AM in Court Room 9.

Served by: Timothy Villanueva, Advocate
Date served: 2026-06-20"
DOC-SUM-00130,Court Summons,"IN THE HIGH COURT OF KENYA
AT NAIROBI
COMMERCIAL AND TAX DIVISION

CASE NO: HC/TAX/8419/4534

BETWEEN
WILSON PLC  ........................... PETITIONER
AND
KENYA REVENUE AUTHORITY  ........................... RESPONDENT

SUMMONS

To: The Commissioner General, Kenya Revenue Authority, Times Tower, Nairobi.

You are hereby summoned to appear before Hon. Justice B. Ochieng on 2026-08-01 at 9:00 AM in Court Room 4.

Served by: Melissa Henry, Advocate
Date served: 2026-06-13"
DOC-SUM-00131,Court Summons,"IN THE HIGH COURT OF KENYA
AT NAIROBI
COMMERCIAL AND TAX DIVISION

CASE NO: HC/TAX/7623/6159

BETWEEN
COLLINS-ROBINSON  ........................... PETITIONER
AND
KENYA REVENUE AUTHORITY  ........................... RESPONDENT

SUMMONS

To: The Commissioner General, Kenya Revenue Authority, Times Tower, Nairobi.

You are hereby summoned to appear before Hon. Justice A. Mwangi on 2026-08-24 at 9:00 AM in Court Room 6.

Served by: Tony Smith, Advocate
Date served: 2026-07-02"
DOC-SUM-00132,Court Summons,"IN THE HIGH COURT OF KENYA
AT NAIROBI
COMMERCIAL AND TAX DIVISION

CASE NO: HC/TAX/7496/2502

BETWEEN
ANDERSON AND SONS  ........................... PETITIONER
AND
KENYA REVENUE AUTHORITY  ........................... RESPONDENT

SUMMONS

To: The Commissioner General, Kenya Revenue Authority, Times Tower, Nairobi.

You are hereby summoned to appear before Hon. Justice D. Kiprop on 2026-11-18 at 9:00 AM in Court Room 17.

Served by: James Bradford, Advocate
Date served: 2026-06-29"
DOC-SUM-00133,Court Summons,"IN THE HIGH COURT OF KENYA
AT NAIROBI
COMMERCIAL AND TAX DIVISION

CASE NO: HC/TAX/8115/5506

BETWEEN
YORK, WAGNER AND MORRIS  ........................... PETITIONER
AND
KENYA REVENUE AUTHORITY  ........................... RESPONDENT

SUMMONS

To: The Commissioner General, Kenya Revenue Authority, Times Tower, Nairobi.

You are hereby summoned to appear before Hon. Justice D. Kiprop on 2026-08-16 at 9:00 AM in Court Room 18.

Served by: Bryan Reed, Advocate
Date served: 2026-06-29"
DOC-SUM-00134,Court Summons,"IN THE HIGH COURT OF KENYA
AT NAIROBI
COMMERCIAL AND TAX DIVISION

CASE NO: HC/TAX/8487/9652

BETWEEN
JONES LLC  ........................... PETITIONER
AND
KENYA REVENUE AUTHORITY  ........................... RESPONDENT

SUMMONS

To: The Commissioner General, Kenya Revenue Authority, Times Tower, Nairobi.

You are hereby summoned to appear before Hon. Justice A. Mwangi on 2026-07-24 at 9:00 AM in Court Room 9.

Served by: Mark Saunders, Advocate
Date served: 2026-06-09"
DOC-SUM-00135,Court Summons,"IN THE HIGH COURT OF KENYA
AT NAIROBI
COMMERCIAL AND TAX DIVISION

CASE NO: HC/TAX/7650/6415

BETWEEN
THOMAS, ANDREWS AND MCFARLAND  ........................... PETITIONER
AND
KENYA REVENUE AUTHORITY  ........................... RESPONDENT

SUMMONS

To: The Commissioner General, Kenya Revenue Authority, Times Tower, Nairobi.

You are hereby summoned to appear before Hon. Justice C. Wanjiku on 2026-09-19 at 9:00 AM in Court Room 15.

Served by: Derek Robinson, Advocate
Date served: 2026-06-07"
DOC-SUM-00136,Court Summons,"IN THE HIGH COURT OF KENYA
AT NAIROBI
COMMERCIAL AND TAX DIVISION

CASE NO: HC/TAX/2893/2966

BETWEEN
ANDERSON LTD  ........................... PETITIONER
AND
KENYA REVENUE AUTHORITY  ........................... RESPONDENT

SUMMONS

To: The Commissioner General, Kenya Revenue Authority, Times Tower, Nairobi.

You are hereby summoned to appear before Hon. Justice B. Ochieng on 2026-09-02 at 9:00 AM in Court Room 20.

Served by: Rebecca Austin, Advocate
Date served: 2026-07-01"
DOC-SUM-00137,Court Summons,"IN THE HIGH COURT OF KENYA
AT NAIROBI
COMMERCIAL AND TAX DIVISION

CASE NO: HC/TAX/4236/2067

BETWEEN
HENRY-KING  ........................... PETITIONER
AND
KENYA REVENUE AUTHORITY  ........................... RESPONDENT

SUMMONS

To: The Commissioner General, Kenya Revenue Authority, Times Tower, Nairobi.

You are hereby summoned to appear before Hon. Justice C. Wanjiku on 2026-09-29 at 9:00 AM in Court Room 16.

Served by: Alexander Garrett, Advocate
Date served: 2026-07-02"
DOC-SUM-00138,Court Summons,"IN THE HIGH COURT OF KENYA
AT NAIROBI
COMMERCIAL AND TAX DIVISION

CASE NO: HC/TAX/9172/5314

BETWEEN
HENDERSON LTD  ........................... PETITIONER
AND
KENYA REVENUE AUTHORITY  ........................... RESPONDENT

SUMMONS

To: The Commissioner General, Kenya Revenue Authority, Times Tower, Nairobi.

You are hereby summoned to appear before Hon. Justice B. Ochieng on 2026-07-28 at 9:00 AM in Court Room 4.

Served by: Stephanie Davis, Advocate
Date served: 2026-06-08"
DOC-SUM-00139,Court Summons,"IN THE HIGH COURT OF KENYA
AT NAIROBI
COMMERCIAL AND TAX DIVISION

CASE NO: HC/TAX/4186/0320

BETWEEN
DUFFY, HUBER AND DIXON  ........................... PETITIONER
AND
KENYA REVENUE AUTHORITY  ........................... RESPONDENT

SUMMONS

To: The Commissioner General, Kenya Revenue Authority, Times Tower, Nairobi.

You are hereby summoned to appear before Hon. Justice B. Ochieng on 2026-11-15 at 9:00 AM in Court Room 3.

Served by: Angela Pope, Advocate
Date served: 2026-06-07"
DOC-SUM-00140,Court Summons,"IN THE HIGH COURT OF KENYA
AT NAIROBI
COMMERCIAL AND TAX DIVISION

CASE NO: HC/TAX/6641/9223

BETWEEN
PRESTON-LEONARD  ........................... PETITIONER
AND
KENYA REVENUE AUTHORITY  ........................... RESPONDENT

SUMMONS

To: The Commissioner General, Kenya Revenue Authority, Times Tower, Nairobi.

You are hereby summoned to appear before Hon. Justice D. Kiprop on 2026-10-14 at 9:00 AM in Court Room 6.

Served by: Michelle Davis, Advocate
Date served: 2026-06-16"
DOC-SUM-00141,Court Summons,"IN THE HIGH COURT OF KENYA
AT NAIROBI
COMMERCIAL AND TAX DIVISION

CASE NO: HC/TAX/3370/5265

BETWEEN
MITCHELL LLC  ........................... PETITIONER
AND
KENYA REVENUE AUTHORITY  ........................... RESPONDENT

SUMMONS

To: The Commissioner General, Kenya Revenue Authority, Times Tower, Nairobi.

You are hereby summoned to appear before Hon. R. Omondi (TAT Chair) on 2026-10-30 at 9:00 AM in Court Room 15.

Served by: Bradley Ross, Advocate
Date served: 2026-06-16"
DOC-SUM-00142,Court Summons,"IN THE HIGH COURT OF KENYA
AT NAIROBI
COMMERCIAL AND TAX DIVISION

CASE NO: HC/TAX/0722/0648

BETWEEN
WILLIAMS, JACKSON AND PHILLIPS  ........................... PETITIONER
AND
KENYA REVENUE AUTHORITY  ........................... RESPONDENT

SUMMONS

To: The Commissioner General, Kenya Revenue Authority, Times Tower, Nairobi.

You are hereby summoned to appear before Hon. Justice A. Mwangi on 2026-10-22 at 9:00 AM in Court Room 11.

Served by: Michele Barber, Advocate
Date served: 2026-06-27"
DOC-SUM-00143,Court Summons,"IN THE HIGH COURT OF KENYA
AT NAIROBI
COMMERCIAL AND TAX DIVISION

CASE NO: HC/TAX/2851/7960

BETWEEN
WILLIAMS LTD  ........................... PETITIONER
AND
KENYA REVENUE AUTHORITY  ........................... RESPONDENT

SUMMONS

To: The Commissioner General, Kenya Revenue Authority, Times Tower, Nairobi.

You are hereby summoned to appear before Hon. R. Omondi (TAT Chair) on 2026-09-30 at 9:00 AM in Court Room 12.

Served by: Michele Roy, Advocate
Date served: 2026-06-20"
DOC-SUM-00144,Court Summons,"IN THE HIGH COURT OF KENYA
AT NAIROBI
COMMERCIAL AND TAX DIVISION

CASE NO: HC/TAX/3903/3868

BETWEEN
SCHNEIDER-HERNANDEZ  ........................... PETITIONER
AND
KENYA REVENUE AUTHORITY  ........................... RESPONDENT

SUMMONS

To: The Commissioner General, Kenya Revenue Authority, Times Tower, Nairobi.

You are hereby summoned to appear before Hon. R. Omondi (TAT Chair) on 2026-08-26 at 9:00 AM in Court Room 3.

Served by: Rachel Bright, Advocate
Date served: 2026-06-16"
DOC-SUM-00145,Court Summons,"IN THE HIGH COURT OF KENYA
AT NAIROBI
COMMERCIAL AND TAX DIVISION

CASE NO: HC/TAX/6770/8055

BETWEEN
RAMIREZ-GARCIA  ........................... PETITIONER
AND
KENYA REVENUE AUTHORITY  ........................... RESPONDENT

SUMMONS

To: The Commissioner General, Kenya Revenue Authority, Times Tower, Nairobi.

You are hereby summoned to appear before Hon. J. Kariuki (TAT Member) on 2026-10-23 at 9:00 AM in Court Room 18.

Served by: Mr. Danny Burns, Advocate
Date served: 2026-06-30"
DOC-SUM-00146,Court Summons,"IN THE HIGH COURT OF KENYA
AT NAIROBI
COMMERCIAL AND TAX DIVISION

CASE NO: HC/TAX/3006/4326

BETWEEN
ANTHONY AND SONS  ........................... PETITIONER
AND
KENYA REVENUE AUTHORITY  ........................... RESPONDENT

SUMMONS

To: The Commissioner General, Kenya Revenue Authority, Times Tower, Nairobi.

You are hereby summoned to appear before Hon. Justice C. Wanjiku on 2026-08-16 at 9:00 AM in Court Room 10.

Served by: Karen Kline, Advocate
Date served: 2026-06-06"
DOC-SUM-00147,Court Summons,"IN THE HIGH COURT OF KENYA
AT NAIROBI
COMMERCIAL AND TAX DIVISION

CASE NO: HC/TAX/0492/5953

BETWEEN
BROOKS, LAWRENCE AND BARRETT  ........................... PETITIONER
AND
KENYA REVENUE AUTHORITY  ........................... RESPONDENT

SUMMONS

To: The Commissioner General, Kenya Revenue Authority, Times Tower, Nairobi.

You are hereby summoned to appear before Hon. Justice B. Ochieng on 2026-11-05 at 9:00 AM in Court Room 6.

Served by: Paul Jones, Advocate
Date served: 2026-06-03"
DOC-SUM-00148,Court Summons,"IN THE HIGH COURT OF KENYA
AT NAIROBI
COMMERCIAL AND TAX DIVISION

CASE NO: HC/TAX/9651/7512

BETWEEN
ELLIOTT-MCNEIL  ........................... PETITIONER
AND
KENYA REVENUE AUTHORITY  ........................... RESPONDENT

SUMMONS

To: The Commissioner General, Kenya Revenue Authority, Times Tower, Nairobi.

You are hereby summoned to appear before Hon. Justice C. Wanjiku on 2026-08-06 at 9:00 AM in Court Room 17.

Served by: Timothy Armstrong, Advocate
Date served: 2026-06-13"
DOC-SUM-00149,Court Summons,"IN THE HIGH COURT OF KENYA
AT NAIROBI
COMMERCIAL AND TAX DIVISION

CASE NO: HC/TAX/3296/1393

BETWEEN
ALEXANDER-NELSON  ........................... PETITIONER
AND
KENYA REVENUE AUTHORITY  ........................... RESPONDENT

SUMMONS

To: The Commissioner General, Kenya Revenue Authority, Times Tower, Nairobi.

You are hereby summoned to appear before Hon. Justice B. Ochieng on 2026-10-12 at 9:00 AM in Court Room 4.

Served by: Joseph Hensley, Advocate
Date served: 2026-07-01"
DOC-SUM-00150,Court Summons,"IN THE HIGH COURT OF KENYA
AT NAIROBI
COMMERCIAL AND TAX DIVISION

CASE NO: HC/TAX/3477/2720

BETWEEN
BRADFORD PLC  ........................... PETITIONER
AND
KENYA REVENUE AUTHORITY  ........................... RESPONDENT

SUMMONS

To: The Commissioner General, Kenya Revenue Authority, Times Tower, Nairobi.

You are hereby summoned to appear before Hon. Justice B. Ochieng on 2026-12-04 at 9:00 AM in Court Room 5.

Served by: Ruben Mitchell, Advocate
Date served: 2026-07-02"
DOC-SUM-00151,Court Summons,"IN THE HIGH COURT OF KENYA
AT NAIROBI
COMMERCIAL AND TAX DIVISION

CASE NO: HC/TAX/2028/2657

BETWEEN
SALAZAR LLC  ........................... PETITIONER
AND
KENYA REVENUE AUTHORITY  ........................... RESPONDENT

SUMMONS

To: The Commissioner General, Kenya Revenue Authority, Times Tower, Nairobi.

You are hereby summoned to appear before Hon. Justice B. Ochieng on 2026-09-10 at 9:00 AM in Court Room 16.

Served by: Stephen Harmon, Advocate
Date served: 2026-06-29"
DOC-SUM-00152,Court Summons,"IN THE HIGH COURT OF KENYA
AT NAIROBI
COMMERCIAL AND TAX DIVISION

CASE NO: HC/TAX/8484/2774

BETWEEN
GREGORY, HUMPHREY AND BAUER  ........................... PETITIONER
AND
KENYA REVENUE AUTHORITY  ........................... RESPONDENT

SUMMONS

To: The Commissioner General, Kenya Revenue Authority, Times Tower, Nairobi.

You are hereby summoned to appear before Hon. Justice A. Mwangi on 2026-08-30 at 9:00 AM in Court Room 12.

Served by: Robert Mcgrath, Advocate
Date served: 2026-07-01"
DOC-SUM-00153,Court Summons,"IN THE HIGH COURT OF KENYA
AT NAIROBI
COMMERCIAL AND TAX DIVISION

CASE NO: HC/TAX/3614/6691

BETWEEN
ELLISON, SMITH AND KING  ........................... PETITIONER
AND
KENYA REVENUE AUTHORITY  ........................... RESPONDENT

SUMMONS

To: The Commissioner General, Kenya Revenue Authority, Times Tower, Nairobi.

You are hereby summoned to appear before Hon. J. Kariuki (TAT Member) on 2026-11-27 at 9:00 AM in Court Room 19.

Served by: Kristina Cantu, Advocate
Date served: 2026-06-20"
DOC-SUM-00154,Court Summons,"IN THE HIGH COURT OF KENYA
AT NAIROBI
COMMERCIAL AND TAX DIVISION

CASE NO: HC/TAX/2071/1651

BETWEEN
CLARK, FREDERICK AND CHASE  ........................... PETITIONER
AND
KENYA REVENUE AUTHORITY  ........................... RESPONDENT

SUMMONS

To: The Commissioner General, Kenya Revenue Authority, Times Tower, Nairobi.

You are hereby summoned to appear before Hon. Justice C. Wanjiku on 2026-10-13 at 9:00 AM in Court Room 15.

Served by: Spencer Scott, Advocate
Date served: 2026-06-13"
DOC-SUM-00155,Court Summons,"IN THE HIGH COURT OF KENYA
AT NAIROBI
COMMERCIAL AND TAX DIVISION

CASE NO: HC/TAX/7437/5980

BETWEEN
REED, MOORE AND SIMON  ........................... PETITIONER
AND
KENYA REVENUE AUTHORITY  ........................... RESPONDENT

SUMMONS

To: The Commissioner General, Kenya Revenue Authority, Times Tower, Nairobi.

You are hereby summoned to appear before Hon. J. Kariuki (TAT Member) on 2026-07-14 at 9:00 AM in Court Room 5.

Served by: Jeffrey Middleton, Advocate
Date served: 2026-06-22"
DOC-SUM-00156,Court Summons,"IN THE HIGH COURT OF KENYA
AT NAIROBI
COMMERCIAL AND TAX DIVISION

CASE NO: HC/TAX/4816/6771

BETWEEN
STONE-HERNANDEZ  ........................... PETITIONER
AND
KENYA REVENUE AUTHORITY  ........................... RESPONDENT

SUMMONS

To: The Commissioner General, Kenya Revenue Authority, Times Tower, Nairobi.

You are hereby summoned to appear before Hon. J. Kariuki (TAT Member) on 2026-07-25 at 9:00 AM in Court Room 3.

Served by: Gary Estes, Advocate
Date served: 2026-06-07"
DOC-SUM-00157,Court Summons,"IN THE HIGH COURT OF KENYA
AT NAIROBI
COMMERCIAL AND TAX DIVISION

CASE NO: HC/TAX/4015/5249

BETWEEN
ALLISON LTD  ........................... PETITIONER
AND
KENYA REVENUE AUTHORITY  ........................... RESPONDENT

SUMMONS

To: The Commissioner General, Kenya Revenue Authority, Times Tower, Nairobi.

You are hereby summoned to appear before Hon. Justice A. Mwangi on 2026-07-30 at 9:00 AM in Court Room 10.

Served by: Gregory Miles, Advocate
Date served: 2026-06-30"
DOC-SUM-00158,Court Summons,"IN THE HIGH COURT OF KENYA
AT NAIROBI
COMMERCIAL AND TAX DIVISION

CASE NO: HC/TAX/3409/6160

BETWEEN
MOORE, ROBERTS AND BROWN  ........................... PETITIONER
AND
KENYA REVENUE AUTHORITY  ........................... RESPONDENT

SUMMONS

To: The Commissioner General, Kenya Revenue Authority, Times Tower, Nairobi.

You are hereby summoned to appear before Hon. Justice D. Kiprop on 2026-07-11 at 9:00 AM in Court Room 16.

Served by: Dennis Lee, Advocate
Date served: 2026-06-17"
DOC-SUM-00159,Court Summons,"IN THE HIGH COURT OF KENYA
AT NAIROBI
COMMERCIAL AND TAX DIVISION

CASE NO: HC/TAX/9725/6457

BETWEEN
CANTU PLC  ........................... PETITIONER
AND
KENYA REVENUE AUTHORITY  ........................... RESPONDENT

SUMMONS

To: The Commissioner General, Kenya Revenue Authority, Times Tower, Nairobi.

You are hereby summoned to appear before Hon. J. Kariuki (TAT Member) on 2026-11-29 at 9:00 AM in Court Room 14.

Served by: Nathaniel Terry, Advocate
Date served: 2026-06-18"
DOC-SUM-00160,Court Summons,"IN THE HIGH COURT OF KENYA
AT NAIROBI
COMMERCIAL AND TAX DIVISION

CASE NO: HC/TAX/7296/2241

BETWEEN
MURPHY-JOHNSON  ........................... PETITIONER
AND
KENYA REVENUE AUTHORITY  ........................... RESPONDENT

SUMMONS

To: The Commissioner General, Kenya Revenue Authority, Times Tower, Nairobi.

You are hereby summoned to appear before Hon. Justice D. Kiprop on 2026-10-15 at 9:00 AM in Court Room 19.

Served by: Kristin Andrews, Advocate
Date served: 2026-06-29"
DOC-SUM-00161,Court Summons,"IN THE HIGH COURT OF KENYA
AT NAIROBI
COMMERCIAL AND TAX DIVISION

CASE NO: HC/TAX/4257/0648

BETWEEN
MORGAN, RAMOS AND KHAN  ........................... PETITIONER
AND
KENYA REVENUE AUTHORITY  ........................... RESPONDENT

SUMMONS

To: The Commissioner General, Kenya Revenue Authority, Times Tower, Nairobi.

You are hereby summoned to appear before Hon. Justice A. Mwangi on 2026-10-05 at 9:00 AM in Court Room 5.

Served by: Jeff Adams, Advocate
Date served: 2026-06-19"
DOC-SUM-00162,Court Summons,"IN THE HIGH COURT OF KENYA
AT NAIROBI
COMMERCIAL AND TAX DIVISION

CASE NO: HC/TAX/8322/5174

BETWEEN
JONES, ADKINS AND SALAS  ........................... PETITIONER
AND
KENYA REVENUE AUTHORITY  ........................... RESPONDENT

SUMMONS

To: The Commissioner General, Kenya Revenue Authority, Times Tower, Nairobi.

You are hereby summoned to appear before Hon. Justice C. Wanjiku on 2026-12-27 at 9:00 AM in Court Room 3.

Served by: Taylor Carroll, Advocate
Date served: 2026-06-14"
DOC-SUM-00163,Court Summons,"IN THE HIGH COURT OF KENYA
AT NAIROBI
COMMERCIAL AND TAX DIVISION

CASE NO: HC/TAX/4744/1342

BETWEEN
MARTIN LLC  ........................... PETITIONER
AND
KENYA REVENUE AUTHORITY  ........................... RESPONDENT

SUMMONS

To: The Commissioner General, Kenya Revenue Authority, Times Tower, Nairobi.

You are hereby summoned to appear before Hon. Justice D. Kiprop on 2026-09-03 at 9:00 AM in Court Room 15.

Served by: James Mueller, Advocate
Date served: 2026-06-17"
DOC-SUM-00164,Court Summons,"IN THE HIGH COURT OF KENYA
AT NAIROBI
COMMERCIAL AND TAX DIVISION

CASE NO: HC/TAX/6016/2473

BETWEEN
MURPHY, KENNEDY AND REID  ........................... PETITIONER
AND
KENYA REVENUE AUTHORITY  ........................... RESPONDENT

SUMMONS

To: The Commissioner General, Kenya Revenue Authority, Times Tower, Nairobi.

You are hereby summoned to appear before Hon. R. Omondi (TAT Chair) on 2026-12-18 at 9:00 AM in Court Room 17.

Served by: Patricia Odom, Advocate
Date served: 2026-06-09"
DOC-SUM-00165,Court Summons,"IN THE HIGH COURT OF KENYA
AT NAIROBI
COMMERCIAL AND TAX DIVISION

CASE NO: HC/TAX/0183/1654

BETWEEN
JACKSON-PINEDA  ........................... PETITIONER
AND
KENYA REVENUE AUTHORITY  ........................... RESPONDENT

SUMMONS

To: The Commissioner General, Kenya Revenue Authority, Times Tower, Nairobi.

You are hereby summoned to appear before Hon. Justice C. Wanjiku on 2026-11-07 at 9:00 AM in Court Room 5.

Served by: Teresa Burke, Advocate
Date served: 2026-07-02"
DOC-SUM-00166,Court Summons,"IN THE HIGH COURT OF KENYA
AT NAIROBI
COMMERCIAL AND TAX DIVISION

CASE NO: HC/TAX/2733/3322

BETWEEN
BROWN-GRANT  ........................... PETITIONER
AND
KENYA REVENUE AUTHORITY  ........................... RESPONDENT

SUMMONS

To: The Commissioner General, Kenya Revenue Authority, Times Tower, Nairobi.

You are hereby summoned to appear before Hon. J. Kariuki (TAT Member) on 2026-07-23 at 9:00 AM in Court Room 19.

Served by: Rebecca Wilson, Advocate
Date served: 2026-06-17"
DOC-SUM-00167,Court Summons,"IN THE HIGH COURT OF KENYA
AT NAIROBI
COMMERCIAL AND TAX DIVISION

CASE NO: HC/TAX/0136/5952

BETWEEN
CALDWELL, GONZALEZ AND PERKINS  ........................... PETITIONER
AND
KENYA REVENUE AUTHORITY  ........................... RESPONDENT

SUMMONS

To: The Commissioner General, Kenya Revenue Authority, Times Tower, Nairobi.

You are hereby summoned to appear before Hon. Justice B. Ochieng on 2026-09-22 at 9:00 AM in Court Room 5.

Served by: David Winters, Advocate
Date served: 2026-06-06"
DOC-SUM-00168,Court Summons,"IN THE HIGH COURT OF KENYA
AT NAIROBI
COMMERCIAL AND TAX DIVISION

CASE NO: HC/TAX/0367/2431

BETWEEN
PAGE GROUP  ........................... PETITIONER
AND
KENYA REVENUE AUTHORITY  ........................... RESPONDENT

SUMMONS

To: The Commissioner General, Kenya Revenue Authority, Times Tower, Nairobi.

You are hereby summoned to appear before Hon. Justice D. Kiprop on 2026-12-25 at 9:00 AM in Court Room 17.

Served by: Ariel Pierce, Advocate
Date served: 2026-06-15"
DOC-SUM-00169,Court Summons,"IN THE HIGH COURT OF KENYA
AT NAIROBI
COMMERCIAL AND TAX DIVISION

CASE NO: HC/TAX/0802/2914

BETWEEN
WOODS AND SONS  ........................... PETITIONER
AND
KENYA REVENUE AUTHORITY  ........................... RESPONDENT

SUMMONS

To: The Commissioner General, Kenya Revenue Authority, Times Tower, Nairobi.

You are hereby summoned to appear before Hon. Justice A. Mwangi on 2026-12-26 at 9:00 AM in Court Room 4.

Served by: Cody Stone, Advocate
Date served: 2026-06-09"
DOC-SUM-00170,Court Summons,"IN THE HIGH COURT OF KENYA
AT NAIROBI
COMMERCIAL AND TAX DIVISION

CASE NO: HC/TAX/8610/7911

BETWEEN
HURST, RODRIGUEZ AND JONES  ........................... PETITIONER
AND
KENYA REVENUE AUTHORITY  ........................... RESPONDENT

SUMMONS

To: The Commissioner General, Kenya Revenue Authority, Times Tower, Nairobi.

You are hereby summoned to appear before Hon. J. Kariuki (TAT Member) on 2026-08-22 at 9:00 AM in Court Room 5.

Served by: Eric Watkins, Advocate
Date served: 2026-07-02"
DOC-SUM-00171,Court Summons,"IN THE HIGH COURT OF KENYA
AT NAIROBI
COMMERCIAL AND TAX DIVISION

CASE NO: HC/TAX/5741/4342

BETWEEN
BANKS-SMITH  ........................... PETITIONER
AND
KENYA REVENUE AUTHORITY  ........................... RESPONDENT

SUMMONS

To: The Commissioner General, Kenya Revenue Authority, Times Tower, Nairobi.

You are hereby summoned to appear before Hon. Justice C. Wanjiku on 2026-10-10 at 9:00 AM in Court Room 6.

Served by: Xavier Hood, Advocate
Date served: 2026-06-29"
DOC-SUM-00172,Court Summons,"IN THE HIGH COURT OF KENYA
AT NAIROBI
COMMERCIAL AND TAX DIVISION

CASE NO: HC/TAX/1245/2921

BETWEEN
MORRIS, CURRY AND JOHNSTON  ........................... PETITIONER
AND
KENYA REVENUE AUTHORITY  ........................... RESPONDENT

SUMMONS

To: The Commissioner General, Kenya Revenue Authority, Times Tower, Nairobi.

You are hereby summoned to appear before Hon. Justice B. Ochieng on 2026-12-17 at 9:00 AM in Court Room 11.

Served by: Max Harper, Advocate
Date served: 2026-06-25"
DOC-SUM-00173,Court Summons,"IN THE HIGH COURT OF KENYA
AT NAIROBI
COMMERCIAL AND TAX DIVISION

CASE NO: HC/TAX/1542/3486

BETWEEN
BROWN, LONG AND GILBERT  ........................... PETITIONER
AND
KENYA REVENUE AUTHORITY  ........................... RESPONDENT

SUMMONS

To: The Commissioner General, Kenya Revenue Authority, Times Tower, Nairobi.

You are hereby summoned to appear before Hon. R. Omondi (TAT Chair) on 2026-10-10 at 9:00 AM in Court Room 8.

Served by: Anne Phillips, Advocate
Date served: 2026-06-20"
DOC-SUM-00174,Court Summons,"IN THE HIGH COURT OF KENYA
AT NAIROBI
COMMERCIAL AND TAX DIVISION

CASE NO: HC/TAX/9792/6483

BETWEEN
SPENCER-BERRY  ........................... PETITIONER
AND
KENYA REVENUE AUTHORITY  ........................... RESPONDENT

SUMMONS

To: The Commissioner General, Kenya Revenue Authority, Times Tower, Nairobi.

You are hereby summoned to appear before Hon. Justice C. Wanjiku on 2026-12-12 at 9:00 AM in Court Room 17.

Served by: Beth Lee, Advocate
Date served: 2026-06-10"
DOC-SUM-00175,Court Summons,"IN THE HIGH COURT OF KENYA
AT NAIROBI
COMMERCIAL AND TAX DIVISION

CASE NO: HC/TAX/1559/0645

BETWEEN
KING, DIAZ AND RITTER  ........................... PETITIONER
AND
KENYA REVENUE AUTHORITY  ........................... RESPONDENT

SUMMONS

To: The Commissioner General, Kenya Revenue Authority, Times Tower, Nairobi.

You are hereby summoned to appear before Hon. Justice C. Wanjiku on 2026-09-15 at 9:00 AM in Court Room 3.

Served by: Jorge Hill, Advocate
Date served: 2026-06-13"
DOC-SUM-00176,Court Summons,"IN THE HIGH COURT OF KENYA
AT NAIROBI
COMMERCIAL AND TAX DIVISION

CASE NO: HC/TAX/3432/1442

BETWEEN
MORAN AND SONS  ........................... PETITIONER
AND
KENYA REVENUE AUTHORITY  ........................... RESPONDENT

SUMMONS

To: The Commissioner General, Kenya Revenue Authority, Times Tower, Nairobi.

You are hereby summoned to appear before Hon. Justice C. Wanjiku on 2026-11-22 at 9:00 AM in Court Room 7.

Served by: Steven Soto, Advocate
Date served: 2026-06-20"
DOC-SUM-00177,Court Summons,"IN THE HIGH COURT OF KENYA
AT NAIROBI
COMMERCIAL AND TAX DIVISION

CASE NO: HC/TAX/4969/8465

BETWEEN
FLORES-MIRANDA  ........................... PETITIONER
AND
KENYA REVENUE AUTHORITY  ........................... RESPONDENT

SUMMONS

To: The Commissioner General, Kenya Revenue Authority, Times Tower, Nairobi.

You are hereby summoned to appear before Hon. R. Omondi (TAT Chair) on 2026-07-28 at 9:00 AM in Court Room 18.

Served by: Colleen Miles, Advocate
Date served: 2026-06-09"
DOC-SUM-00178,Court Summons,"IN THE HIGH COURT OF KENYA
AT NAIROBI
COMMERCIAL AND TAX DIVISION

CASE NO: HC/TAX/9522/8269

BETWEEN
LE-SHELTON  ........................... PETITIONER
AND
KENYA REVENUE AUTHORITY  ........................... RESPONDENT

SUMMONS

To: The Commissioner General, Kenya Revenue Authority, Times Tower, Nairobi.

You are hereby summoned to appear before Hon. Justice C. Wanjiku on 2026-07-11 at 9:00 AM in Court Room 5.

Served by: Lydia Peterson, Advocate
Date served: 2026-06-04"
DOC-SUM-00179,Court Summons,"IN THE HIGH COURT OF KENYA
AT NAIROBI
COMMERCIAL AND TAX DIVISION

CASE NO: HC/TAX/7934/4357

BETWEEN
HICKS, GOLDEN AND THOMAS  ........................... PETITIONER
AND
KENYA REVENUE AUTHORITY  ........................... RESPONDENT

SUMMONS

To: The Commissioner General, Kenya Revenue Authority, Times Tower, Nairobi.

You are hereby summoned to appear before Hon. R. Omondi (TAT Chair) on 2026-12-24 at 9:00 AM in Court Room 10.

Served by: Suzanne Martin, Advocate
Date served: 2026-06-25"
DOC-SUM-00180,Court Summons,"IN THE HIGH COURT OF KENYA
AT NAIROBI
COMMERCIAL AND TAX DIVISION

CASE NO: HC/TAX/8065/5585

BETWEEN
GREEN-STONE  ........................... PETITIONER
AND
KENYA REVENUE AUTHORITY  ........................... RESPONDENT

SUMMONS

To: The Commissioner General, Kenya Revenue Authority, Times Tower, Nairobi.

You are hereby summoned to appear before Hon. J. Kariuki (TAT Member) on 2026-12-11 at 9:00 AM in Court Room 18.

Served by: Michael Tyler, Advocate
Date served: 2026-06-10"
DOC-SUM-00181,Court Summons,"IN THE HIGH COURT OF KENYA
AT NAIROBI
COMMERCIAL AND TAX DIVISION

CASE NO: HC/TAX/6941/5396

BETWEEN
ROGERS, JONES AND WARNER  ........................... PETITIONER
AND
KENYA REVENUE AUTHORITY  ........................... RESPONDENT

SUMMONS

To: The Commissioner General, Kenya Revenue Authority, Times Tower, Nairobi.

You are hereby summoned to appear before Hon. Justice A. Mwangi on 2026-10-24 at 9:00 AM in Court Room 17.

Served by: Kyle Edwards, Advocate
Date served: 2026-06-21"
DOC-SUM-00182,Court Summons,"IN THE HIGH COURT OF KENYA
AT NAIROBI
COMMERCIAL AND TAX DIVISION

CASE NO: HC/TAX/6292/7021

BETWEEN
RUSSELL, THOMAS AND MOORE  ........................... PETITIONER
AND
KENYA REVENUE AUTHORITY  ........................... RESPONDENT

SUMMONS

To: The Commissioner General, Kenya Revenue Authority, Times Tower, Nairobi.

You are hereby summoned to appear before Hon. R. Omondi (TAT Chair) on 2026-08-28 at 9:00 AM in Court Room 6.

Served by: Crystal Woods, Advocate
Date served: 2026-06-29"
DOC-SUM-00183,Court Summons,"IN THE HIGH COURT OF KENYA
AT NAIROBI
COMMERCIAL AND TAX DIVISION

CASE NO: HC/TAX/1278/0964

BETWEEN
HILL, NEWTON AND MITCHELL  ........................... PETITIONER
AND
KENYA REVENUE AUTHORITY  ........................... RESPONDENT

SUMMONS

To: The Commissioner General, Kenya Revenue Authority, Times Tower, Nairobi.

You are hereby summoned to appear before Hon. J. Kariuki (TAT Member) on 2026-12-04 at 9:00 AM in Court Room 19.

Served by: Selena Smith, Advocate
Date served: 2026-06-11"
DOC-SUM-00184,Court Summons,"IN THE HIGH COURT OF KENYA
AT NAIROBI
COMMERCIAL AND TAX DIVISION

CASE NO: HC/TAX/2071/9862

BETWEEN
MILLS, SMITH AND JONES  ........................... PETITIONER
AND
KENYA REVENUE AUTHORITY  ........................... RESPONDENT

SUMMONS

To: The Commissioner General, Kenya Revenue Authority, Times Tower, Nairobi.

You are hereby summoned to appear before Hon. Justice B. Ochieng on 2026-07-09 at 9:00 AM in Court Room 6.

Served by: Jill Matthews, Advocate
Date served: 2026-06-30"
DOC-SUM-00185,Court Summons,"IN THE HIGH COURT OF KENYA
AT NAIROBI
COMMERCIAL AND TAX DIVISION

CASE NO: HC/TAX/6456/2200

BETWEEN
FRANKLIN, VILLEGAS AND FIELDS  ........................... PETITIONER
AND
KENYA REVENUE AUTHORITY  ........................... RESPONDENT

SUMMONS

To: The Commissioner General, Kenya Revenue Authority, Times Tower, Nairobi.

You are hereby summoned to appear before Hon. R. Omondi (TAT Chair) on 2026-11-09 at 9:00 AM in Court Room 20.

Served by: Nicole Smith, Advocate
Date served: 2026-06-11"
DOC-SUM-00186,Court Summons,"IN THE HIGH COURT OF KENYA
AT NAIROBI
COMMERCIAL AND TAX DIVISION

CASE NO: HC/TAX/6783/6642

BETWEEN
CALDERON, STEWART AND REESE  ........................... PETITIONER
AND
KENYA REVENUE AUTHORITY  ........................... RESPONDENT

SUMMONS

To: The Commissioner General, Kenya Revenue Authority, Times Tower, Nairobi.

You are hereby summoned to appear before Hon. R. Omondi (TAT Chair) on 2026-07-03 at 9:00 AM in Court Room 20.

Served by: Isabel Mccarty, Advocate
Date served: 2026-06-10"
DOC-SUM-00187,Court Summons,"IN THE HIGH COURT OF KENYA
AT NAIROBI
COMMERCIAL AND TAX DIVISION

CASE NO: HC/TAX/7777/1269

BETWEEN
HOPKINS, MITCHELL AND COLEMAN  ........................... PETITIONER
AND
KENYA REVENUE AUTHORITY  ........................... RESPONDENT

SUMMONS

To: The Commissioner General, Kenya Revenue Authority, Times Tower, Nairobi.

You are hereby summoned to appear before Hon. Justice C. Wanjiku on 2026-08-26 at 9:00 AM in Court Room 19.

Served by: Brian Martin, Advocate
Date served: 2026-06-10"
DOC-SUM-00188,Court Summons,"IN THE HIGH COURT OF KENYA
AT NAIROBI
COMMERCIAL AND TAX DIVISION

CASE NO: HC/TAX/7727/1300

BETWEEN
TREVINO-LAMB  ........................... PETITIONER
AND
KENYA REVENUE AUTHORITY  ........................... RESPONDENT

SUMMONS

To: The Commissioner General, Kenya Revenue Authority, Times Tower, Nairobi.

You are hereby summoned to appear before Hon. Justice A. Mwangi on 2026-10-21 at 9:00 AM in Court Room 1.

Served by: Rodney Garcia, Advocate
Date served: 2026-06-29"
DOC-SUM-00189,Court Summons,"IN THE HIGH COURT OF KENYA
AT NAIROBI
COMMERCIAL AND TAX DIVISION

CASE NO: HC/TAX/2689/9346

BETWEEN
SOTO, COOK AND LIN  ........................... PETITIONER
AND
KENYA REVENUE AUTHORITY  ........................... RESPONDENT

SUMMONS

To: The Commissioner General, Kenya Revenue Authority, Times Tower, Nairobi.

You are hereby summoned to appear before Hon. Justice A. Mwangi on 2026-12-02 at 9:00 AM in Court Room 2.

Served by: Andre Hamilton, Advocate
Date served: 2026-06-17"
DOC-SUM-00190,Court Summons,"IN THE HIGH COURT OF KENYA
AT NAIROBI
COMMERCIAL AND TAX DIVISION

CASE NO: HC/TAX/6795/6068

BETWEEN
LOPEZ LLC  ........................... PETITIONER
AND
KENYA REVENUE AUTHORITY  ........................... RESPONDENT

SUMMONS

To: The Commissioner General, Kenya Revenue Authority, Times Tower, Nairobi.

You are hereby summoned to appear before Hon. R. Omondi (TAT Chair) on 2026-07-08 at 9:00 AM in Court Room 19.

Served by: Robert Williams, Advocate
Date served: 2026-06-29"
DOC-SUM-00191,Court Summons,"IN THE HIGH COURT OF KENYA
AT NAIROBI
COMMERCIAL AND TAX DIVISION

CASE NO: HC/TAX/6274/4084

BETWEEN
DANIELS, JACOBS AND GRAHAM  ........................... PETITIONER
AND
KENYA REVENUE AUTHORITY  ........................... RESPONDENT

SUMMONS

To: The Commissioner General, Kenya Revenue Authority, Times Tower, Nairobi.

You are hereby summoned to appear before Hon. Justice C. Wanjiku on 2026-09-25 at 9:00 AM in Court Room 7.

Served by: Laura Williams, Advocate
Date served: 2026-06-16"
DOC-SUM-00192,Court Summons,"IN THE HIGH COURT OF KENYA
AT NAIROBI
COMMERCIAL AND TAX DIVISION

CASE NO: HC/TAX/4470/9166

BETWEEN
ROGERS-JACKSON  ........................... PETITIONER
AND
KENYA REVENUE AUTHORITY  ........................... RESPONDENT

SUMMONS

To: The Commissioner General, Kenya Revenue Authority, Times Tower, Nairobi.

You are hereby summoned to appear before Hon. J. Kariuki (TAT Member) on 2026-09-26 at 9:00 AM in Court Room 14.

Served by: Shelby Brown, Advocate
Date served: 2026-06-17"
DOC-SUM-00193,Court Summons,"IN THE HIGH COURT OF KENYA
AT NAIROBI
COMMERCIAL AND TAX DIVISION

CASE NO: HC/TAX/8766/2276

BETWEEN
CONTRERAS-EVANS  ........................... PETITIONER
AND
KENYA REVENUE AUTHORITY  ........................... RESPONDENT

SUMMONS

To: The Commissioner General, Kenya Revenue Authority, Times Tower, Nairobi.

You are hereby summoned to appear before Hon. J. Kariuki (TAT Member) on 2026-10-07 at 9:00 AM in Court Room 1.

Served by: Joshua Stewart, Advocate
Date served: 2026-06-09"
DOC-SUM-00194,Court Summons,"IN THE HIGH COURT OF KENYA
AT NAIROBI
COMMERCIAL AND TAX DIVISION

CASE NO: HC/TAX/1893/3368

BETWEEN
SMITH, SMITH AND POWELL  ........................... PETITIONER
AND
KENYA REVENUE AUTHORITY  ........................... RESPONDENT

SUMMONS

To: The Commissioner General, Kenya Revenue Authority, Times Tower, Nairobi.

You are hereby summoned to appear before Hon. Justice D. Kiprop on 2026-08-17 at 9:00 AM in Court Room 18.

Served by: Kristen Byrd, Advocate
Date served: 2026-06-27"
DOC-SUM-00195,Court Summons,"IN THE HIGH COURT OF KENYA
AT NAIROBI
COMMERCIAL AND TAX DIVISION

CASE NO: HC/TAX/2307/3499

BETWEEN
ELLISON, CASTILLO AND WILLIAMS  ........................... PETITIONER
AND
KENYA REVENUE AUTHORITY  ........................... RESPONDENT

SUMMONS

To: The Commissioner General, Kenya Revenue Authority, Times Tower, Nairobi.

You are hereby summoned to appear before Hon. Justice C. Wanjiku on 2026-11-04 at 9:00 AM in Court Room 10.

Served by: Kenneth Taylor, Advocate
Date served: 2026-06-23"
DOC-SUM-00196,Court Summons,"IN THE HIGH COURT OF KENYA
AT NAIROBI
COMMERCIAL AND TAX DIVISION

CASE NO: HC/TAX/4271/9909

BETWEEN
HANSON-JOHNSON  ........................... PETITIONER
AND
KENYA REVENUE AUTHORITY  ........................... RESPONDENT

SUMMONS

To: The Commissioner General, Kenya Revenue Authority, Times Tower, Nairobi.

You are hereby summoned to appear before Hon. Justice D. Kiprop on 2026-10-08 at 9:00 AM in Court Room 8.

Served by: Margaret Mcdowell, Advocate
Date served: 2026-06-22"
DOC-SUM-00197,Court Summons,"IN THE HIGH COURT OF KENYA
AT NAIROBI
COMMERCIAL AND TAX DIVISION

CASE NO: HC/TAX/0509/5986

BETWEEN
WYATT, WATSON AND TURNER  ........................... PETITIONER
AND
KENYA REVENUE AUTHORITY  ........................... RESPONDENT

SUMMONS

To: The Commissioner General, Kenya Revenue Authority, Times Tower, Nairobi.

You are hereby summoned to appear before Hon. R. Omondi (TAT Chair) on 2026-08-12 at 9:00 AM in Court Room 13.

Served by: Seth Baird, Advocate
Date served: 2026-06-04"
DOC-SUM-00198,Court Summons,"IN THE HIGH COURT OF KENYA
AT NAIROBI
COMMERCIAL AND TAX DIVISION

CASE NO: HC/TAX/8015/5622

BETWEEN
RODRIGUEZ, EDWARDS AND PAYNE  ........................... PETITIONER
AND
KENYA REVENUE AUTHORITY  ........................... RESPONDENT

SUMMONS

To: The Commissioner General, Kenya Revenue Authority, Times Tower, Nairobi.

You are hereby summoned to appear before Hon. Justice C. Wanjiku on 2026-12-30 at 9:00 AM in Court Room 15.

Served by: Ethan Estrada, Advocate
Date served: 2026-06-12"
DOC-SUM-00199,Court Summons,"IN THE HIGH COURT OF KENYA
AT NAIROBI
COMMERCIAL AND TAX DIVISION

CASE NO: HC/TAX/7731/4922

BETWEEN
BALL, SWEENEY AND ANDERSON  ........................... PETITIONER
AND
KENYA REVENUE AUTHORITY  ........................... RESPONDENT

SUMMONS

To: The Commissioner General, Kenya Revenue Authority, Times Tower, Nairobi.

You are hereby summoned to appear before Hon. Justice A. Mwangi on 2026-07-23 at 9:00 AM in Court Room 2.

Served by: Kaitlin Cuevas, Advocate
Date served: 2026-06-03"
DOC-SUM-00200,Court Summons,"IN THE HIGH COURT OF KENYA
AT NAIROBI
COMMERCIAL AND TAX DIVISION

CASE NO: HC/TAX/7715/7816

BETWEEN
STEPHENSON, BLAIR AND EDWARDS  ........................... PETITIONER
AND
KENYA REVENUE AUTHORITY  ........................... RESPONDENT

SUMMONS

To: The Commissioner General, Kenya Revenue Authority, Times Tower, Nairobi.

You are hereby summoned to appear before Hon. Justice B. Ochieng on 2026-10-21 at 9:00 AM in Court Room 15.

Served by: Dr. Leah Pace, Advocate
Date served: 2026-06-09"
DOC-SUM-00201,Court Summons,"IN THE HIGH COURT OF KENYA
AT NAIROBI
COMMERCIAL AND TAX DIVISION

CASE NO: HC/TAX/8202/1586

BETWEEN
WILSON, VILLARREAL AND SHORT  ........................... PETITIONER
AND
KENYA REVENUE AUTHORITY  ........................... RESPONDENT

SUMMONS

To: The Commissioner General, Kenya Revenue Authority, Times Tower, Nairobi.

You are hereby summoned to appear before Hon. Justice D. Kiprop on 2026-11-14 at 9:00 AM in Court Room 16.

Served by: Victoria Lawrence, Advocate
Date served: 2026-06-28"
DOC-SUM-00202,Court Summons,"IN THE HIGH COURT OF KENYA
AT NAIROBI
COMMERCIAL AND TAX DIVISION

CASE NO: HC/TAX/6578/7448

BETWEEN
HOWELL LLC  ........................... PETITIONER
AND
KENYA REVENUE AUTHORITY  ........................... RESPONDENT

SUMMONS

To: The Commissioner General, Kenya Revenue Authority, Times Tower, Nairobi.

You are hereby summoned to appear before Hon. Justice D. Kiprop on 2026-08-27 at 9:00 AM in Court Room 7.

Served by: William Nielsen, Advocate
Date served: 2026-06-09"
DOC-SUM-00203,Court Summons,"IN THE HIGH COURT OF KENYA
AT NAIROBI
COMMERCIAL AND TAX DIVISION

CASE NO: HC/TAX/0880/0292

BETWEEN
MILLS, HERNANDEZ AND GRAHAM  ........................... PETITIONER
AND
KENYA REVENUE AUTHORITY  ........................... RESPONDENT

SUMMONS

To: The Commissioner General, Kenya Revenue Authority, Times Tower, Nairobi.

You are hereby summoned to appear before Hon. Justice C. Wanjiku on 2026-12-09 at 9:00 AM in Court Room 20.

Served by: Christine House, Advocate
Date served: 2026-06-08"
DOC-SUM-00204,Court Summons,"IN THE HIGH COURT OF KENYA
AT NAIROBI
COMMERCIAL AND TAX DIVISION

CASE NO: HC/TAX/1939/1902

BETWEEN
HORTON, COHEN AND ANDERSON  ........................... PETITIONER
AND
KENYA REVENUE AUTHORITY  ........................... RESPONDENT

SUMMONS

To: The Commissioner General, Kenya Revenue Authority, Times Tower, Nairobi.

You are hereby summoned to appear before Hon. Justice B. Ochieng on 2026-11-01 at 9:00 AM in Court Room 11.

Served by: Gina Horn, Advocate
Date served: 2026-06-11"
DOC-SUM-00205,Court Summons,"IN THE HIGH COURT OF KENYA
AT NAIROBI
COMMERCIAL AND TAX DIVISION

CASE NO: HC/TAX/4049/7987

BETWEEN
CAMPBELL, WOODS AND BRANCH  ........................... PETITIONER
AND
KENYA REVENUE AUTHORITY  ........................... RESPONDENT

SUMMONS

To: The Commissioner General, Kenya Revenue Authority, Times Tower, Nairobi.

You are hereby summoned to appear before Hon. R. Omondi (TAT Chair) on 2026-10-28 at 9:00 AM in Court Room 11.

Served by: Curtis Shaw, Advocate
Date served: 2026-06-19"
DOC-SUM-00206,Court Summons,"IN THE HIGH COURT OF KENYA
AT NAIROBI
COMMERCIAL AND TAX DIVISION

CASE NO: HC/TAX/7630/4636

BETWEEN
HAMILTON LTD  ........................... PETITIONER
AND
KENYA REVENUE AUTHORITY  ........................... RESPONDENT

SUMMONS

To: The Commissioner General, Kenya Revenue Authority, Times Tower, Nairobi.

You are hereby summoned to appear before Hon. R. Omondi (TAT Chair) on 2026-08-19 at 9:00 AM in Court Room 12.

Served by: Donald Montoya, Advocate
Date served: 2026-06-03"
DOC-SUM-00207,Court Summons,"IN THE HIGH COURT OF KENYA
AT NAIROBI
COMMERCIAL AND TAX DIVISION

CASE NO: HC/TAX/3201/3806

BETWEEN
MILLER GROUP  ........................... PETITIONER
AND
KENYA REVENUE AUTHORITY  ........................... RESPONDENT

SUMMONS

To: The Commissioner General, Kenya Revenue Authority, Times Tower, Nairobi.

You are hereby summoned to appear before Hon. Justice D. Kiprop on 2026-07-30 at 9:00 AM in Court Room 5.

Served by: Amanda Alexander, Advocate
Date served: 2026-06-11"
DOC-SUM-00208,Court Summons,"IN THE HIGH COURT OF KENYA
AT NAIROBI
COMMERCIAL AND TAX DIVISION

CASE NO: HC/TAX/7617/9888

BETWEEN
BERRY-DENNIS  ........................... PETITIONER
AND
KENYA REVENUE AUTHORITY  ........................... RESPONDENT

SUMMONS

To: The Commissioner General, Kenya Revenue Authority, Times Tower, Nairobi.

You are hereby summoned to appear before Hon. Justice C. Wanjiku on 2026-11-30 at 9:00 AM in Court Room 17.

Served by: Mark Reyes, Advocate
Date served: 2026-06-10"
DOC-SUM-00209,Court Summons,"IN THE HIGH COURT OF KENYA
AT NAIROBI
COMMERCIAL AND TAX DIVISION

CASE NO: HC/TAX/0392/6562

BETWEEN
CLARK LTD  ........................... PETITIONER
AND
KENYA REVENUE AUTHORITY  ........................... RESPONDENT

SUMMONS

To: The Commissioner General, Kenya Revenue Authority, Times Tower, Nairobi.

You are hereby summoned to appear before Hon. J. Kariuki (TAT Member) on 2026-11-19 at 9:00 AM in Court Room 4.

Served by: Jonathan Bell, Advocate
Date served: 2026-06-18"
DOC-SUM-00210,Court Summons,"IN THE HIGH COURT OF KENYA
AT NAIROBI
COMMERCIAL AND TAX DIVISION

CASE NO: HC/TAX/8709/3715

BETWEEN
DOYLE GROUP  ........................... PETITIONER
AND
KENYA REVENUE AUTHORITY  ........................... RESPONDENT

SUMMONS

To: The Commissioner General, Kenya Revenue Authority, Times Tower, Nairobi.

You are hereby summoned to appear before Hon. Justice C. Wanjiku on 2026-10-06 at 9:00 AM in Court Room 8.

Served by: Brianna Miller, Advocate
Date served: 2026-06-23"
DOC-SUM-00211,Court Summons,"IN THE HIGH COURT OF KENYA
AT NAIROBI
COMMERCIAL AND TAX DIVISION

CASE NO: HC/TAX/4885/4993

BETWEEN
HANEY, THOMPSON AND MILLER  ........................... PETITIONER
AND
KENYA REVENUE AUTHORITY  ........................... RESPONDENT

SUMMONS

To: The Commissioner General, Kenya Revenue Authority, Times Tower, Nairobi.

You are hereby summoned to appear before Hon. Justice D. Kiprop on 2026-12-16 at 9:00 AM in Court Room 4.

Served by: Emily Arnold, Advocate
Date served: 2026-06-21"
DOC-SUM-00212,Court Summons,"IN THE HIGH COURT OF KENYA
AT NAIROBI
COMMERCIAL AND TAX DIVISION

CASE NO: HC/TAX/3489/2779

BETWEEN
SMITH, ROACH AND RODRIGUEZ  ........................... PETITIONER
AND
KENYA REVENUE AUTHORITY  ........................... RESPONDENT

SUMMONS

To: The Commissioner General, Kenya Revenue Authority, Times Tower, Nairobi.

You are hereby summoned to appear before Hon. Justice C. Wanjiku on 2026-10-29 at 9:00 AM in Court Room 15.

Served by: Nancy Rodgers, Advocate
Date served: 2026-06-14"
DOC-SUM-00213,Court Summons,"IN THE HIGH COURT OF KENYA
AT NAIROBI
COMMERCIAL AND TAX DIVISION

CASE NO: HC/TAX/1095/1105

BETWEEN
MILLER, COHEN AND WRIGHT  ........................... PETITIONER
AND
KENYA REVENUE AUTHORITY  ........................... RESPONDENT

SUMMONS

To: The Commissioner General, Kenya Revenue Authority, Times Tower, Nairobi.

You are hereby summoned to appear before Hon. Justice B. Ochieng on 2026-08-03 at 9:00 AM in Court Room 5.

Served by: Kristy Rivera, Advocate
Date served: 2026-06-16"
DOC-SUM-00214,Court Summons,"IN THE HIGH COURT OF KENYA
AT NAIROBI
COMMERCIAL AND TAX DIVISION

CASE NO: HC/TAX/6949/9550

BETWEEN
RAY-WILLIAMS  ........................... PETITIONER
AND
KENYA REVENUE AUTHORITY  ........................... RESPONDENT

SUMMONS

To: The Commissioner General, Kenya Revenue Authority, Times Tower, Nairobi.

You are hereby summoned to appear before Hon. Justice A. Mwangi on 2026-08-08 at 9:00 AM in Court Room 2.

Served by: Jose Newman, Advocate
Date served: 2026-06-14"
DOC-SUM-00215,Court Summons,"IN THE HIGH COURT OF KENYA
AT NAIROBI
COMMERCIAL AND TAX DIVISION

CASE NO: HC/TAX/0655/3979

BETWEEN
SAMPSON-WEAVER  ........................... PETITIONER
AND
KENYA REVENUE AUTHORITY  ........................... RESPONDENT

SUMMONS

To: The Commissioner General, Kenya Revenue Authority, Times Tower, Nairobi.

You are hereby summoned to appear before Hon. Justice C. Wanjiku on 2026-12-31 at 9:00 AM in Court Room 13.

Served by: Bobby Robertson, Advocate
Date served: 2026-06-16"
DOC-SUM-00216,Court Summons,"IN THE HIGH COURT OF KENYA
AT NAIROBI
COMMERCIAL AND TAX DIVISION

CASE NO: HC/TAX/5123/3355

BETWEEN
VAZQUEZ-PEREZ  ........................... PETITIONER
AND
KENYA REVENUE AUTHORITY  ........................... RESPONDENT

SUMMONS

To: The Commissioner General, Kenya Revenue Authority, Times Tower, Nairobi.

You are hereby summoned to appear before Hon. J. Kariuki (TAT Member) on 2026-12-04 at 9:00 AM in Court Room 14.

Served by: Dennis Brown, Advocate
Date served: 2026-06-29"
DOC-SUM-00217,Court Summons,"IN THE HIGH COURT OF KENYA
AT NAIROBI
COMMERCIAL AND TAX DIVISION

CASE NO: HC/TAX/5231/9822

BETWEEN
SIMMONS, MARTINEZ AND TAYLOR  ........................... PETITIONER
AND
KENYA REVENUE AUTHORITY  ........................... RESPONDENT

SUMMONS

To: The Commissioner General, Kenya Revenue Authority, Times Tower, Nairobi.

You are hereby summoned to appear before Hon. Justice B. Ochieng on 2026-08-30 at 9:00 AM in Court Room 6.

Served by: Shannon Smith, Advocate
Date served: 2026-06-09"
DOC-SUM-00218,Court Summons,"IN THE HIGH COURT OF KENYA
AT NAIROBI
COMMERCIAL AND TAX DIVISION

CASE NO: HC/TAX/0203/7368

BETWEEN
THOMPSON, FLYNN AND JACOBS  ........................... PETITIONER
AND
KENYA REVENUE AUTHORITY  ........................... RESPONDENT

SUMMONS

To: The Commissioner General, Kenya Revenue Authority, Times Tower, Nairobi.

You are hereby summoned to appear before Hon. Justice C. Wanjiku on 2026-10-22 at 9:00 AM in Court Room 19.

Served by: Kenneth Williams, Advocate
Date served: 2026-06-03"
DOC-SUM-00219,Court Summons,"IN THE HIGH COURT OF KENYA
AT NAIROBI
COMMERCIAL AND TAX DIVISION

CASE NO: HC/TAX/7521/7534

BETWEEN
TERRY PLC  ........................... PETITIONER
AND
KENYA REVENUE AUTHORITY  ........................... RESPONDENT

SUMMONS

To: The Commissioner General, Kenya Revenue Authority, Times Tower, Nairobi.

You are hereby summoned to appear before Hon. R. Omondi (TAT Chair) on 2026-10-21 at 9:00 AM in Court Room 11.

Served by: Christina Mitchell, Advocate
Date served: 2026-06-10"
DOC-SUM-00220,Court Summons,"IN THE HIGH COURT OF KENYA
AT NAIROBI
COMMERCIAL AND TAX DIVISION

CASE NO: HC/TAX/9160/9969

BETWEEN
MORENO-CHUNG  ........................... PETITIONER
AND
KENYA REVENUE AUTHORITY  ........................... RESPONDENT

SUMMONS

To: The Commissioner General, Kenya Revenue Authority, Times Tower, Nairobi.

You are hereby summoned to appear before Hon. Justice B. Ochieng on 2026-08-23 at 9:00 AM in Court Room 6.

Served by: Michelle Bowen, Advocate
Date served: 2026-06-03"
DOC-SUM-00221,Court Summons,"IN THE HIGH COURT OF KENYA
AT NAIROBI
COMMERCIAL AND TAX DIVISION

CASE NO: HC/TAX/1710/2924

BETWEEN
DICKERSON-CARTER  ........................... PETITIONER
AND
KENYA REVENUE AUTHORITY  ........................... RESPONDENT

SUMMONS

To: The Commissioner General, Kenya Revenue Authority, Times Tower, Nairobi.

You are hereby summoned to appear before Hon. Justice D. Kiprop on 2026-08-03 at 9:00 AM in Court Room 17.

Served by: Victor Golden, Advocate
Date served: 2026-06-28"
DOC-SUM-00222,Court Summons,"IN THE HIGH COURT OF KENYA
AT NAIROBI
COMMERCIAL AND TAX DIVISION

CASE NO: HC/TAX/6850/0156

BETWEEN
RAMSEY PLC  ........................... PETITIONER
AND
KENYA REVENUE AUTHORITY  ........................... RESPONDENT

SUMMONS

To: The Commissioner General, Kenya Revenue Authority, Times Tower, Nairobi.

You are hereby summoned to appear before Hon. Justice D. Kiprop on 2026-07-03 at 9:00 AM in Court Room 16.

Served by: Louis Mills, Advocate
Date served: 2026-06-29"
DOC-SUM-00223,Court Summons,"IN THE HIGH COURT OF KENYA
AT NAIROBI
COMMERCIAL AND TAX DIVISION

CASE NO: HC/TAX/5763/0429

BETWEEN
DAY-JACKSON  ........................... PETITIONER
AND
KENYA REVENUE AUTHORITY  ........................... RESPONDENT

SUMMONS

To: The Commissioner General, Kenya Revenue Authority, Times Tower, Nairobi.

You are hereby summoned to appear before Hon. Justice C. Wanjiku on 2026-10-29 at 9:00 AM in Court Room 16.

Served by: Catherine Avila, Advocate
Date served: 2026-06-09"
DOC-SUM-00224,Court Summons,"IN THE HIGH COURT OF KENYA
AT NAIROBI
COMMERCIAL AND TAX DIVISION

CASE NO: HC/TAX/7005/3253

BETWEEN
HILL-LLOYD  ........................... PETITIONER
AND
KENYA REVENUE AUTHORITY  ........................... RESPONDENT

SUMMONS

To: The Commissioner General, Kenya Revenue Authority, Times Tower, Nairobi.

You are hereby summoned to appear before Hon. Justice A. Mwangi on 2026-11-03 at 9:00 AM in Court Room 3.

Served by: Richard Baxter, Advocate
Date served: 2026-06-09"
DOC-SUM-00225,Court Summons,"IN THE HIGH COURT OF KENYA
AT NAIROBI
COMMERCIAL AND TAX DIVISION

CASE NO: HC/TAX/2519/8079

BETWEEN
ROBERTS INC  ........................... PETITIONER
AND
KENYA REVENUE AUTHORITY  ........................... RESPONDENT

SUMMONS

To: The Commissioner General, Kenya Revenue Authority, Times Tower, Nairobi.

You are hereby summoned to appear before Hon. Justice D. Kiprop on 2026-12-20 at 9:00 AM in Court Room 17.

Served by: Ricardo Gibson, Advocate
Date served: 2026-06-22"
DOC-SUM-00226,Court Summons,"IN THE HIGH COURT OF KENYA
AT NAIROBI
COMMERCIAL AND TAX DIVISION

CASE NO: HC/TAX/1183/4151

BETWEEN
PETERSON LTD  ........................... PETITIONER
AND
KENYA REVENUE AUTHORITY  ........................... RESPONDENT

SUMMONS

To: The Commissioner General, Kenya Revenue Authority, Times Tower, Nairobi.

You are hereby summoned to appear before Hon. Justice D. Kiprop on 2026-10-05 at 9:00 AM in Court Room 8.

Served by: Alyssa Hodge, Advocate
Date served: 2026-06-22"
DOC-SUM-00227,Court Summons,"IN THE HIGH COURT OF KENYA
AT NAIROBI
COMMERCIAL AND TAX DIVISION

CASE NO: HC/TAX/9002/8530

BETWEEN
ROMERO, BARNES AND RUBIO  ........................... PETITIONER
AND
KENYA REVENUE AUTHORITY  ........................... RESPONDENT

SUMMONS

To: The Commissioner General, Kenya Revenue Authority, Times Tower, Nairobi.

You are hereby summoned to appear before Hon. Justice B. Ochieng on 2026-07-13 at 9:00 AM in Court Room 19.

Served by: Steven Crawford, Advocate
Date served: 2026-06-13"
DOC-SUM-00228,Court Summons,"IN THE HIGH COURT OF KENYA
AT NAIROBI
COMMERCIAL AND TAX DIVISION

CASE NO: HC/TAX/5380/3436

BETWEEN
JACKSON, COOK AND LAWRENCE  ........................... PETITIONER
AND
KENYA REVENUE AUTHORITY  ........................... RESPONDENT

SUMMONS

To: The Commissioner General, Kenya Revenue Authority, Times Tower, Nairobi.

You are hereby summoned to appear before Hon. Justice C. Wanjiku on 2026-12-23 at 9:00 AM in Court Room 2.

Served by: Katelyn Miller, Advocate
Date served: 2026-06-19"
DOC-SUM-00229,Court Summons,"IN THE HIGH COURT OF KENYA
AT NAIROBI
COMMERCIAL AND TAX DIVISION

CASE NO: HC/TAX/2136/6395

BETWEEN
HOWARD-JOHNSON  ........................... PETITIONER
AND
KENYA REVENUE AUTHORITY  ........................... RESPONDENT

SUMMONS

To: The Commissioner General, Kenya Revenue Authority, Times Tower, Nairobi.

You are hereby summoned to appear before Hon. Justice A. Mwangi on 2026-11-13 at 9:00 AM in Court Room 10.

Served by: Anthony Cain, Advocate
Date served: 2026-06-09"
DOC-SUM-00230,Court Summons,"IN THE HIGH COURT OF KENYA
AT NAIROBI
COMMERCIAL AND TAX DIVISION

CASE NO: HC/TAX/6928/1438

BETWEEN
REYNOLDS, HARVEY AND CURTIS  ........................... PETITIONER
AND
KENYA REVENUE AUTHORITY  ........................... RESPONDENT

SUMMONS

To: The Commissioner General, Kenya Revenue Authority, Times Tower, Nairobi.

You are hereby summoned to appear before Hon. Justice D. Kiprop on 2026-10-11 at 9:00 AM in Court Room 20.

Served by: April Miller, Advocate
Date served: 2026-06-16"
DOC-SUM-00231,Court Summons,"IN THE HIGH COURT OF KENYA
AT NAIROBI
COMMERCIAL AND TAX DIVISION

CASE NO: HC/TAX/0261/8589

BETWEEN
ANDERSEN GROUP  ........................... PETITIONER
AND
KENYA REVENUE AUTHORITY  ........................... RESPONDENT

SUMMONS

To: The Commissioner General, Kenya Revenue Authority, Times Tower, Nairobi.

You are hereby summoned to appear before Hon. R. Omondi (TAT Chair) on 2026-12-28 at 9:00 AM in Court Room 16.

Served by: John Wyatt, Advocate
Date served: 2026-06-08"
DOC-SUM-00232,Court Summons,"IN THE HIGH COURT OF KENYA
AT NAIROBI
COMMERCIAL AND TAX DIVISION

CASE NO: HC/TAX/7334/5308

BETWEEN
CARR, MORA AND HOFFMAN  ........................... PETITIONER
AND
KENYA REVENUE AUTHORITY  ........................... RESPONDENT

SUMMONS

To: The Commissioner General, Kenya Revenue Authority, Times Tower, Nairobi.

You are hereby summoned to appear before Hon. Justice C. Wanjiku on 2026-11-18 at 9:00 AM in Court Room 18.

Served by: Joshua Ayala, Advocate
Date served: 2026-06-07"
DOC-SUM-00233,Court Summons,"IN THE HIGH COURT OF KENYA
AT NAIROBI
COMMERCIAL AND TAX DIVISION

CASE NO: HC/TAX/8168/8949

BETWEEN
MARTINEZ-BASS  ........................... PETITIONER
AND
KENYA REVENUE AUTHORITY  ........................... RESPONDENT

SUMMONS

To: The Commissioner General, Kenya Revenue Authority, Times Tower, Nairobi.

You are hereby summoned to appear before Hon. Justice A. Mwangi on 2026-07-03 at 9:00 AM in Court Room 4.

Served by: Joshua Saunders, Advocate
Date served: 2026-06-14"
DOC-SUM-00234,Court Summons,"IN THE HIGH COURT OF KENYA
AT NAIROBI
COMMERCIAL AND TAX DIVISION

CASE NO: HC/TAX/7934/5623

BETWEEN
HUNTER-BARTLETT  ........................... PETITIONER
AND
KENYA REVENUE AUTHORITY  ........................... RESPONDENT

SUMMONS

To: The Commissioner General, Kenya Revenue Authority, Times Tower, Nairobi.

You are hereby summoned to appear before Hon. Justice D. Kiprop on 2026-12-22 at 9:00 AM in Court Room 5.

Served by: David Cameron, Advocate
Date served: 2026-06-08"
DOC-SUM-00235,Court Summons,"IN THE HIGH COURT OF KENYA
AT NAIROBI
COMMERCIAL AND TAX DIVISION

CASE NO: HC/TAX/0158/6255

BETWEEN
WAGNER-HARRISON  ........................... PETITIONER
AND
KENYA REVENUE AUTHORITY  ........................... RESPONDENT

SUMMONS

To: The Commissioner General, Kenya Revenue Authority, Times Tower, Nairobi.

You are hereby summoned to appear before Hon. Justice C. Wanjiku on 2026-07-03 at 9:00 AM in Court Room 12.

Served by: Maurice Lopez, Advocate
Date served: 2026-06-28"
DOC-SUM-00236,Court Summons,"IN THE HIGH COURT OF KENYA
AT NAIROBI
COMMERCIAL AND TAX DIVISION

CASE NO: HC/TAX/6859/7716

BETWEEN
BROWN-WILSON  ........................... PETITIONER
AND
KENYA REVENUE AUTHORITY  ........................... RESPONDENT

SUMMONS

To: The Commissioner General, Kenya Revenue Authority, Times Tower, Nairobi.

You are hereby summoned to appear before Hon. Justice D. Kiprop on 2026-08-28 at 9:00 AM in Court Room 12.

Served by: Diana Powell, Advocate
Date served: 2026-06-18"
DOC-SUM-00237,Court Summons,"IN THE HIGH COURT OF KENYA
AT NAIROBI
COMMERCIAL AND TAX DIVISION

CASE NO: HC/TAX/3966/7746

BETWEEN
KLEIN, KING AND ROTH  ........................... PETITIONER
AND
KENYA REVENUE AUTHORITY  ........................... RESPONDENT

SUMMONS

To: The Commissioner General, Kenya Revenue Authority, Times Tower, Nairobi.

You are hereby summoned to appear before Hon. Justice A. Mwangi on 2026-11-21 at 9:00 AM in Court Room 13.

Served by: Barbara Powell, Advocate
Date served: 2026-06-19"
DOC-SUM-00238,Court Summons,"IN THE HIGH COURT OF KENYA
AT NAIROBI
COMMERCIAL AND TAX DIVISION

CASE NO: HC/TAX/7754/4610

BETWEEN
SULLIVAN, MACIAS AND BLAKE  ........................... PETITIONER
AND
KENYA REVENUE AUTHORITY  ........................... RESPONDENT

SUMMONS

To: The Commissioner General, Kenya Revenue Authority, Times Tower, Nairobi.

You are hereby summoned to appear before Hon. Justice A. Mwangi on 2026-09-25 at 9:00 AM in Court Room 19.

Served by: Katelyn Hampton, Advocate
Date served: 2026-06-07"
DOC-SUM-00239,Court Summons,"IN THE HIGH COURT OF KENYA
AT NAIROBI
COMMERCIAL AND TAX DIVISION

CASE NO: HC/TAX/2330/9665

BETWEEN
ANDERSON-GORDON  ........................... PETITIONER
AND
KENYA REVENUE AUTHORITY  ........................... RESPONDENT

SUMMONS

To: The Commissioner General, Kenya Revenue Authority, Times Tower, Nairobi.

You are hereby summoned to appear before Hon. J. Kariuki (TAT Member) on 2026-12-31 at 9:00 AM in Court Room 7.

Served by: Jessica Jones, Advocate
Date served: 2026-06-29"
DOC-SUM-00240,Court Summons,"IN THE HIGH COURT OF KENYA
AT NAIROBI
COMMERCIAL AND TAX DIVISION

CASE NO: HC/TAX/6200/3334

BETWEEN
MORALES, HALL AND FERNANDEZ  ........................... PETITIONER
AND
KENYA REVENUE AUTHORITY  ........................... RESPONDENT

SUMMONS

To: The Commissioner General, Kenya Revenue Authority, Times Tower, Nairobi.

You are hereby summoned to appear before Hon. Justice C. Wanjiku on 2026-10-25 at 9:00 AM in Court Room 18.

Served by: Latasha Lambert, Advocate
Date served: 2026-06-18"
DOC-SUM-00241,Court Summons,"IN THE HIGH COURT OF KENYA
AT NAIROBI
COMMERCIAL AND TAX DIVISION

CASE NO: HC/TAX/2937/3982

BETWEEN
MOYER-SWEENEY  ........................... PETITIONER
AND
KENYA REVENUE AUTHORITY  ........................... RESPONDENT

SUMMONS

To: The Commissioner General, Kenya Revenue Authority, Times Tower, Nairobi.

You are hereby summoned to appear before Hon. Justice C. Wanjiku on 2026-12-17 at 9:00 AM in Court Room 3.

Served by: Paul Allen, Advocate
Date served: 2026-06-06"
DOC-SUM-00242,Court Summons,"IN THE HIGH COURT OF KENYA
AT NAIROBI
COMMERCIAL AND TAX DIVISION

CASE NO: HC/TAX/7158/8815

BETWEEN
WALTER-SHORT  ........................... PETITIONER
AND
KENYA REVENUE AUTHORITY  ........................... RESPONDENT

SUMMONS

To: The Commissioner General, Kenya Revenue Authority, Times Tower, Nairobi.

You are hereby summoned to appear before Hon. Justice D. Kiprop on 2026-08-11 at 9:00 AM in Court Room 17.

Served by: Brian Hawkins, Advocate
Date served: 2026-06-14"
DOC-SUM-00243,Court Summons,"IN THE HIGH COURT OF KENYA
AT NAIROBI
COMMERCIAL AND TAX DIVISION

CASE NO: HC/TAX/4427/5161

BETWEEN
BEASLEY, HARRIS AND GONZALES  ........................... PETITIONER
AND
KENYA REVENUE AUTHORITY  ........................... RESPONDENT

SUMMONS

To: The Commissioner General, Kenya Revenue Authority, Times Tower, Nairobi.

You are hereby summoned to appear before Hon. Justice D. Kiprop on 2026-08-26 at 9:00 AM in Court Room 18.

Served by: Amy Williams, Advocate
Date served: 2026-06-21"
DOC-SUM-00244,Court Summons,"IN THE HIGH COURT OF KENYA
AT NAIROBI
COMMERCIAL AND TAX DIVISION

CASE NO: HC/TAX/8449/3850

BETWEEN
BROWN, JACKSON AND MERRITT  ........................... PETITIONER
AND
KENYA REVENUE AUTHORITY  ........................... RESPONDENT

SUMMONS

To: The Commissioner General, Kenya Revenue Authority, Times Tower, Nairobi.

You are hereby summoned to appear before Hon. Justice C. Wanjiku on 2026-12-18 at 9:00 AM in Court Room 20.

Served by: Melissa Cooper, Advocate
Date served: 2026-07-02"
DOC-SUM-00245,Court Summons,"IN THE HIGH COURT OF KENYA
AT NAIROBI
COMMERCIAL AND TAX DIVISION

CASE NO: HC/TAX/6286/1079

BETWEEN
DIAZ-YANG  ........................... PETITIONER
AND
KENYA REVENUE AUTHORITY  ........................... RESPONDENT

SUMMONS

To: The Commissioner General, Kenya Revenue Authority, Times Tower, Nairobi.

You are hereby summoned to appear before Hon. R. Omondi (TAT Chair) on 2026-09-14 at 9:00 AM in Court Room 20.

Served by: Raymond Hoffman, Advocate
Date served: 2026-07-02"
DOC-SUM-00246,Court Summons,"IN THE HIGH COURT OF KENYA
AT NAIROBI
COMMERCIAL AND TAX DIVISION

CASE NO: HC/TAX/2533/7630

BETWEEN
ROSS, WASHINGTON AND BAUER  ........................... PETITIONER
AND
KENYA REVENUE AUTHORITY  ........................... RESPONDENT

SUMMONS

To: The Commissioner General, Kenya Revenue Authority, Times Tower, Nairobi.

You are hereby summoned to appear before Hon. Justice A. Mwangi on 2026-11-27 at 9:00 AM in Court Room 5.

Served by: James Cooper, Advocate
Date served: 2026-06-23"
DOC-SUM-00247,Court Summons,"IN THE HIGH COURT OF KENYA
AT NAIROBI
COMMERCIAL AND TAX DIVISION

CASE NO: HC/TAX/5586/5424

BETWEEN
COLE LTD  ........................... PETITIONER
AND
KENYA REVENUE AUTHORITY  ........................... RESPONDENT

SUMMONS

To: The Commissioner General, Kenya Revenue Authority, Times Tower, Nairobi.

You are hereby summoned to appear before Hon. Justice A. Mwangi on 2026-11-13 at 9:00 AM in Court Room 13.

Served by: Darrell Hobbs, Advocate
Date served: 2026-06-29"
DOC-SUM-00248,Court Summons,"IN THE HIGH COURT OF KENYA
AT NAIROBI
COMMERCIAL AND TAX DIVISION

CASE NO: HC/TAX/9420/3411

BETWEEN
HANSON-BRANCH  ........................... PETITIONER
AND
KENYA REVENUE AUTHORITY  ........................... RESPONDENT

SUMMONS

To: The Commissioner General, Kenya Revenue Authority, Times Tower, Nairobi.

You are hereby summoned to appear before Hon. Justice C. Wanjiku on 2026-08-10 at 9:00 AM in Court Room 11.

Served by: Vanessa Miller, Advocate
Date served: 2026-06-06"
DOC-SUM-00249,Court Summons,"IN THE HIGH COURT OF KENYA
AT NAIROBI
COMMERCIAL AND TAX DIVISION

CASE NO: HC/TAX/3553/2305

BETWEEN
ADKINS, MCCULLOUGH AND MEADOWS  ........................... PETITIONER
AND
KENYA REVENUE AUTHORITY  ........................... RESPONDENT

SUMMONS

To: The Commissioner General, Kenya Revenue Authority, Times Tower, Nairobi.

You are hereby summoned to appear before Hon. J. Kariuki (TAT Member) on 2026-11-17 at 9:00 AM in Court Room 12.

Served by: Anthony Hart, Advocate
Date served: 2026-06-09"
DOC-DEM-00000,Demand Notice,"KENYA REVENUE AUTHORITY
FINAL DEMAND NOTICE

To: Guerra, Mcbride and Humphrey
PIN: A46343312263B
Date: 2026-05-20
Payment Ref: KRA-PAY-96885745

TAKE NOTICE that you owe the Kenya Revenue Authority the following outstanding Excise Duty liabilities:

  Principal Tax:   KES 15,101,753.79
  Penalties:       KES 542,524.93
  Total Due:       KES 15,644,278.72

Payment is due by 2026-07-05."
DOC-DEM-00001,Demand Notice,"KENYA REVENUE AUTHORITY
FINAL DEMAND NOTICE

To: Richardson, Burton and Carrillo
PIN: A83015806250B
Date: 2026-01-01
Payment Ref: KRA-PAY-62812248

TAKE NOTICE that you owe the Kenya Revenue Authority the following outstanding VAT liabilities:

  Principal Tax:   KES 8,033,727.81
  Penalties:       KES 186,546.31
  Total Due:       KES 8,220,274.12

Payment is due by 2026-07-16."
DOC-DEM-00002,Demand Notice,"KENYA REVENUE AUTHORITY
FINAL DEMAND NOTICE

To: Stephens-Thompson
PIN: A56107922881B
Date: 2026-06-17
Payment Ref: KRA-PAY-77977451

TAKE NOTICE that you owe the Kenya Revenue Authority the following outstanding PAYE liabilities:

  Principal Tax:   KES 2,749,357.11
  Penalties:       KES 128,238.97
  Total Due:       KES 2,877,596.08

Payment is due by 2026-08-01."
DOC-DEM-00003,Demand Notice,"KENYA REVENUE AUTHORITY
FINAL DEMAND NOTICE

To: Fritz-Bridges
PIN: A85387241938B
Date: 2026-02-28
Payment Ref: KRA-PAY-38266664

TAKE NOTICE that you owe the Kenya Revenue Authority the following outstanding Excise Duty liabilities:

  Principal Tax:   KES 10,391,460.88
  Penalties:       KES 331,646.10
  Total Due:       KES 10,723,106.98

Payment is due by 2026-07-07."
DOC-DEM-00004,Demand Notice,"KENYA REVENUE AUTHORITY
FINAL DEMAND NOTICE

To: Hubbard, Roberts and Becker
PIN: A35562268845B
Date: 2026-02-11
Payment Ref: KRA-PAY-46488751

TAKE NOTICE that you owe the Kenya Revenue Authority the following outstanding Customs Duty liabilities:

  Principal Tax:   KES 2,804,221.91
  Penalties:       KES 265,025.61
  Total Due:       KES 3,069,247.52

Payment is due by 2026-07-06."
DOC-DEM-00005,Demand Notice,"KENYA REVENUE AUTHORITY
FINAL DEMAND NOTICE

To: Acosta, Maldonado and Henson
PIN: A98515819890B
Date: 2026-05-06
Payment Ref: KRA-PAY-00423762

TAKE NOTICE that you owe the Kenya Revenue Authority the following outstanding Withholding Tax liabilities:

  Principal Tax:   KES 3,258,415.90
  Penalties:       KES 323,395.36
  Total Due:       KES 3,581,811.26

Payment is due by 2026-07-12."
DOC-DEM-00006,Demand Notice,"KENYA REVENUE AUTHORITY
FINAL DEMAND NOTICE

To: Young, Wright and Medina
PIN: A72617148641B
Date: 2026-01-03
Payment Ref: KRA-PAY-04642110

TAKE NOTICE that you owe the Kenya Revenue Authority the following outstanding Excise Duty liabilities:

  Principal Tax:   KES 16,853,612.53
  Penalties:       KES 1,137,584.67
  Total Due:       KES 17,991,197.20

Payment is due by 2026-07-24."
DOC-DEM-00007,Demand Notice,"KENYA REVENUE AUTHORITY
FINAL DEMAND NOTICE

To: Ross, Wright and Edwards
PIN: A09172670057B
Date: 2026-01-05
Payment Ref: KRA-PAY-73779489

TAKE NOTICE that you owe the Kenya Revenue Authority the following outstanding Withholding Tax liabilities:

  Principal Tax:   KES 16,567,504.83
  Penalties:       KES 1,036,913.51
  Total Due:       KES 17,604,418.34

Payment is due by 2026-07-06."
DOC-DEM-00008,Demand Notice,"KENYA REVENUE AUTHORITY
FINAL DEMAND NOTICE

To: Bradley, Carrillo and Scott
PIN: A12996118690B
Date: 2026-06-14
Payment Ref: KRA-PAY-98200431

TAKE NOTICE that you owe the Kenya Revenue Authority the following outstanding VAT liabilities:

  Principal Tax:   KES 11,262,855.97
  Penalties:       KES 653,148.88
  Total Due:       KES 11,916,004.85

Payment is due by 2026-07-04."
DOC-DEM-00009,Demand Notice,"KENYA REVENUE AUTHORITY
FINAL DEMAND NOTICE

To: Bell and Sons
PIN: A56013647894B
Date: 2026-06-16
Payment Ref: KRA-PAY-86128420

TAKE NOTICE that you owe the Kenya Revenue Authority the following outstanding PAYE liabilities:

  Principal Tax:   KES 7,373,472.62
  Penalties:       KES 544,932.89
  Total Due:       KES 7,918,405.51

Payment is due by 2026-07-23."
DOC-DEM-00010,Demand Notice,"KENYA REVENUE AUTHORITY
FINAL DEMAND NOTICE

To: Smith, Roman and Bush
PIN: A76509572847B
Date: 2026-04-06
Payment Ref: KRA-PAY-88029146

TAKE NOTICE that you owe the Kenya Revenue Authority the following outstanding Withholding Tax liabilities:

  Principal Tax:   KES 11,678,205.82
  Penalties:       KES 977,937.45
  Total Due:       KES 12,656,143.27

Payment is due by 2026-07-24."
DOC-DEM-00011,Demand Notice,"KENYA REVENUE AUTHORITY
FINAL DEMAND NOTICE

To: Robertson, Graham and Bean
PIN: A34714220123B
Date: 2026-02-01
Payment Ref: KRA-PAY-34879657

TAKE NOTICE that you owe the Kenya Revenue Authority the following outstanding Excise Duty liabilities:

  Principal Tax:   KES 17,443,261.29
  Penalties:       KES 1,226,973.62
  Total Due:       KES 18,670,234.91

Payment is due by 2026-07-27."
DOC-DEM-00012,Demand Notice,"KENYA REVENUE AUTHORITY
FINAL DEMAND NOTICE

To: Green Ltd
PIN: A96631906570B
Date: 2026-04-02
Payment Ref: KRA-PAY-11088847

TAKE NOTICE that you owe the Kenya Revenue Authority the following outstanding Excise Duty liabilities:

  Principal Tax:   KES 9,497,058.38
  Penalties:       KES 924,687.32
  Total Due:       KES 10,421,745.70

Payment is due by 2026-07-23."
DOC-DEM-00013,Demand Notice,"KENYA REVENUE AUTHORITY
FINAL DEMAND NOTICE

To: Cardenas, Butler and Rubio
PIN: A03423939130B
Date: 2026-02-03
Payment Ref: KRA-PAY-70150230

TAKE NOTICE that you owe the Kenya Revenue Authority the following outstanding Excise Duty liabilities:

  Principal Tax:   KES 11,556,911.57
  Penalties:       KES 898,110.82
  Total Due:       KES 12,455,022.39

Payment is due by 2026-07-10."
DOC-DEM-00014,Demand Notice,"KENYA REVENUE AUTHORITY
FINAL DEMAND NOTICE

To: Anderson-Wells
PIN: A98454679978B
Date: 2026-06-25
Payment Ref: KRA-PAY-06719008

TAKE NOTICE that you owe the Kenya Revenue Authority the following outstanding Withholding Tax liabilities:

  Principal Tax:   KES 9,614,171.19
  Penalties:       KES 595,488.17
  Total Due:       KES 10,209,659.36

Payment is due by 2026-07-03."
DOC-DEM-00015,Demand Notice,"KENYA REVENUE AUTHORITY
FINAL DEMAND NOTICE

To: Adams-Hicks
PIN: A85364445329B
Date: 2026-06-06
Payment Ref: KRA-PAY-04434388

TAKE NOTICE that you owe the Kenya Revenue Authority the following outstanding Income Tax liabilities:

  Principal Tax:   KES 12,398,518.75
  Penalties:       KES 1,082,308.48
  Total Due:       KES 13,480,827.23

Payment is due by 2026-07-27."
DOC-DEM-00016,Demand Notice,"KENYA REVENUE AUTHORITY
FINAL DEMAND NOTICE

To: Fuller, Cook and Osborne
PIN: A91499536636B
Date: 2026-06-01
Payment Ref: KRA-PAY-39394524

TAKE NOTICE that you owe the Kenya Revenue Authority the following outstanding Excise Duty liabilities:

  Principal Tax:   KES 16,435,009.21
  Penalties:       KES 647,140.40
  Total Due:       KES 17,082,149.61

Payment is due by 2026-07-06."
DOC-DEM-00017,Demand Notice,"KENYA REVENUE AUTHORITY
FINAL DEMAND NOTICE

To: Larson PLC
PIN: A36136846498B
Date: 2026-04-02
Payment Ref: KRA-PAY-66566596

TAKE NOTICE that you owe the Kenya Revenue Authority the following outstanding VAT liabilities:

  Principal Tax:   KES 18,964,621.36
  Penalties:       KES 546,022.58
  Total Due:       KES 19,510,643.94

Payment is due by 2026-07-17."
DOC-DEM-00018,Demand Notice,"KENYA REVENUE AUTHORITY
FINAL DEMAND NOTICE

To: Bennett, Marshall and Mckay
PIN: A71592500506B
Date: 2026-01-04
Payment Ref: KRA-PAY-84072763

TAKE NOTICE that you owe the Kenya Revenue Authority the following outstanding PAYE liabilities:

  Principal Tax:   KES 8,826,360.94
  Penalties:       KES 472,231.70
  Total Due:       KES 9,298,592.64

Payment is due by 2026-07-05."
DOC-DEM-00019,Demand Notice,"KENYA REVENUE AUTHORITY
FINAL DEMAND NOTICE

To: Hood, Bernard and Carr
PIN: A92872323108B
Date: 2026-01-13
Payment Ref: KRA-PAY-29534171

TAKE NOTICE that you owe the Kenya Revenue Authority the following outstanding Excise Duty liabilities:

  Principal Tax:   KES 13,813,100.22
  Penalties:       KES 729,748.75
  Total Due:       KES 14,542,848.97

Payment is due by 2026-07-30."
DOC-DEM-00020,Demand Notice,"KENYA REVENUE AUTHORITY
FINAL DEMAND NOTICE

To: Watts-Brown
PIN: A10699162733B
Date: 2026-06-22
Payment Ref: KRA-PAY-83333559

TAKE NOTICE that you owe the Kenya Revenue Authority the following outstanding Withholding Tax liabilities:

  Principal Tax:   KES 18,411,213.79
  Penalties:       KES 1,653,794.95
  Total Due:       KES 20,065,008.74

Payment is due by 2026-07-31."
DOC-DEM-00021,Demand Notice,"KENYA REVENUE AUTHORITY
FINAL DEMAND NOTICE

To: Morgan LLC
PIN: A79194835137B
Date: 2026-02-15
Payment Ref: KRA-PAY-73715489

TAKE NOTICE that you owe the Kenya Revenue Authority the following outstanding Excise Duty liabilities:

  Principal Tax:   KES 14,550,767.96
  Penalties:       KES 1,112,581.09
  Total Due:       KES 15,663,349.05

Payment is due by 2026-07-25."
DOC-DEM-00022,Demand Notice,"KENYA REVENUE AUTHORITY
FINAL DEMAND NOTICE

To: Valdez Group
PIN: A96709909831B
Date: 2026-06-09
Payment Ref: KRA-PAY-59376658

TAKE NOTICE that you owe the Kenya Revenue Authority the following outstanding Withholding Tax liabilities:

  Principal Tax:   KES 4,154,760.68
  Penalties:       KES 191,135.46
  Total Due:       KES 4,345,896.14

Payment is due by 2026-07-09."
DOC-DEM-00023,Demand Notice,"KENYA REVENUE AUTHORITY
FINAL DEMAND NOTICE

To: Baird, Velasquez and Chapman
PIN: A63078506252B
Date: 2026-01-26
Payment Ref: KRA-PAY-90755663

TAKE NOTICE that you owe the Kenya Revenue Authority the following outstanding Income Tax liabilities:

  Principal Tax:   KES 9,572,635.96
  Penalties:       KES 480,029.23
  Total Due:       KES 10,052,665.19

Payment is due by 2026-07-11."
DOC-DEM-00024,Demand Notice,"KENYA REVENUE AUTHORITY
FINAL DEMAND NOTICE

To: Davis-Hall
PIN: A23511124079B
Date: 2026-02-15
Payment Ref: KRA-PAY-45559481

TAKE NOTICE that you owe the Kenya Revenue Authority the following outstanding Excise Duty liabilities:

  Principal Tax:   KES 9,198,674.01
  Penalties:       KES 576,298.45
  Total Due:       KES 9,774,972.46

Payment is due by 2026-07-11."
DOC-DEM-00025,Demand Notice,"KENYA REVENUE AUTHORITY
FINAL DEMAND NOTICE

To: Carroll-Shah
PIN: A44384730236B
Date: 2026-03-20
Payment Ref: KRA-PAY-63724666

TAKE NOTICE that you owe the Kenya Revenue Authority the following outstanding Withholding Tax liabilities:

  Principal Tax:   KES 7,092,196.90
  Penalties:       KES 579,852.22
  Total Due:       KES 7,672,049.12

Payment is due by 2026-07-04."
DOC-DEM-00026,Demand Notice,"KENYA REVENUE AUTHORITY
FINAL DEMAND NOTICE

To: Beasley, Aguilar and Hill
PIN: A15947458129B
Date: 2026-03-17
Payment Ref: KRA-PAY-27812870

TAKE NOTICE that you owe the Kenya Revenue Authority the following outstanding Customs Duty liabilities:

  Principal Tax:   KES 13,618,110.33
  Penalties:       KES 1,147,900.51
  Total Due:       KES 14,766,010.84

Payment is due by 2026-07-25."
DOC-DEM-00027,Demand Notice,"KENYA REVENUE AUTHORITY
FINAL DEMAND NOTICE

To: Navarro, Stewart and Smith
PIN: A33207326929B
Date: 2026-04-24
Payment Ref: KRA-PAY-59595333

TAKE NOTICE that you owe the Kenya Revenue Authority the following outstanding Income Tax liabilities:

  Principal Tax:   KES 12,205,430.84
  Penalties:       KES 431,841.98
  Total Due:       KES 12,637,272.82

Payment is due by 2026-07-26."
DOC-DEM-00028,Demand Notice,"KENYA REVENUE AUTHORITY
FINAL DEMAND NOTICE

To: Allen, Odonnell and Franklin
PIN: A23203050882B
Date: 2026-05-23
Payment Ref: KRA-PAY-02132188

TAKE NOTICE that you owe the Kenya Revenue Authority the following outstanding Customs Duty liabilities:

  Principal Tax:   KES 5,587,337.85
  Penalties:       KES 245,172.01
  Total Due:       KES 5,832,509.86

Payment is due by 2026-07-10."
DOC-DEM-00029,Demand Notice,"KENYA REVENUE AUTHORITY
FINAL DEMAND NOTICE

To: Moore, Morris and Smith
PIN: A08879992009B
Date: 2026-02-28
Payment Ref: KRA-PAY-28818777

TAKE NOTICE that you owe the Kenya Revenue Authority the following outstanding Withholding Tax liabilities:

  Principal Tax:   KES 15,425,773.64
  Penalties:       KES 1,178,406.86
  Total Due:       KES 16,604,180.50

Payment is due by 2026-07-05."
DOC-DEM-00030,Demand Notice,"KENYA REVENUE AUTHORITY
FINAL DEMAND NOTICE

To: Spencer-Johnson
PIN: A89618498220B
Date: 2026-04-08
Payment Ref: KRA-PAY-32100530

TAKE NOTICE that you owe the Kenya Revenue Authority the following outstanding Customs Duty liabilities:

  Principal Tax:   KES 14,102,715.31
  Penalties:       KES 639,745.14
  Total Due:       KES 14,742,460.45

Payment is due by 2026-07-18."
DOC-DEM-00031,Demand Notice,"KENYA REVENUE AUTHORITY
FINAL DEMAND NOTICE

To: Lopez Group
PIN: A67872891517B
Date: 2026-02-23
Payment Ref: KRA-PAY-43524470

TAKE NOTICE that you owe the Kenya Revenue Authority the following outstanding Withholding Tax liabilities:

  Principal Tax:   KES 11,214,146.93
  Penalties:       KES 1,062,639.46
  Total Due:       KES 12,276,786.39

Payment is due by 2026-07-09."
DOC-DEM-00032,Demand Notice,"KENYA REVENUE AUTHORITY
FINAL DEMAND NOTICE

To: Moreno Group
PIN: A58835075529B
Date: 2026-02-22
Payment Ref: KRA-PAY-94721482

TAKE NOTICE that you owe the Kenya Revenue Authority the following outstanding Withholding Tax liabilities:

  Principal Tax:   KES 5,476,416.16
  Penalties:       KES 162,922.99
  Total Due:       KES 5,639,339.15

Payment is due by 2026-07-11."
DOC-DEM-00033,Demand Notice,"KENYA REVENUE AUTHORITY
FINAL DEMAND NOTICE

To: Obrien-Fletcher
PIN: A96350832582B
Date: 2026-06-04
Payment Ref: KRA-PAY-65404086

TAKE NOTICE that you owe the Kenya Revenue Authority the following outstanding PAYE liabilities:

  Principal Tax:   KES 10,868,385.63
  Penalties:       KES 996,205.32
  Total Due:       KES 11,864,590.95

Payment is due by 2026-07-16."
DOC-DEM-00034,Demand Notice,"KENYA REVENUE AUTHORITY
FINAL DEMAND NOTICE

To: Grant, Curtis and Taylor
PIN: A95360786484B
Date: 2026-03-10
Payment Ref: KRA-PAY-26474927

TAKE NOTICE that you owe the Kenya Revenue Authority the following outstanding Income Tax liabilities:

  Principal Tax:   KES 16,369,365.43
  Penalties:       KES 1,577,494.61
  Total Due:       KES 17,946,860.04

Payment is due by 2026-07-04."
DOC-DEM-00035,Demand Notice,"KENYA REVENUE AUTHORITY
FINAL DEMAND NOTICE

To: Gomez and Sons
PIN: A85295598145B
Date: 2026-04-19
Payment Ref: KRA-PAY-47635840

TAKE NOTICE that you owe the Kenya Revenue Authority the following outstanding Withholding Tax liabilities:

  Principal Tax:   KES 5,816,148.51
  Penalties:       KES 250,155.03
  Total Due:       KES 6,066,303.54

Payment is due by 2026-07-14."
DOC-DEM-00036,Demand Notice,"KENYA REVENUE AUTHORITY
FINAL DEMAND NOTICE

To: Walker-Lyons
PIN: A78368812004B
Date: 2026-05-18
Payment Ref: KRA-PAY-78043991

TAKE NOTICE that you owe the Kenya Revenue Authority the following outstanding Withholding Tax liabilities:

  Principal Tax:   KES 1,589,798.43
  Penalties:       KES 149,315.09
  Total Due:       KES 1,739,113.52

Payment is due by 2026-07-17."
DOC-DEM-00037,Demand Notice,"KENYA REVENUE AUTHORITY
FINAL DEMAND NOTICE

To: Hebert, Johnson and Alexander
PIN: A93501368443B
Date: 2026-02-02
Payment Ref: KRA-PAY-55456606

TAKE NOTICE that you owe the Kenya Revenue Authority the following outstanding Income Tax liabilities:

  Principal Tax:   KES 5,136,315.07
  Penalties:       KES 299,582.46
  Total Due:       KES 5,435,897.53

Payment is due by 2026-07-03."
DOC-DEM-00038,Demand Notice,"KENYA REVENUE AUTHORITY
FINAL DEMAND NOTICE

To: Morales-Diaz
PIN: A09941790564B
Date: 2026-06-09
Payment Ref: KRA-PAY-29451008

TAKE NOTICE that you owe the Kenya Revenue Authority the following outstanding Excise Duty liabilities:

  Principal Tax:   KES 16,560,754.55
  Penalties:       KES 690,428.09
  Total Due:       KES 17,251,182.64

Payment is due by 2026-07-21."
DOC-DEM-00039,Demand Notice,"KENYA REVENUE AUTHORITY
FINAL DEMAND NOTICE

To: Davis-Rodriguez
PIN: A35456961012B
Date: 2026-01-22
Payment Ref: KRA-PAY-74537933

TAKE NOTICE that you owe the Kenya Revenue Authority the following outstanding Excise Duty liabilities:

  Principal Tax:   KES 13,926,464.30
  Penalties:       KES 431,467.44
  Total Due:       KES 14,357,931.74

Payment is due by 2026-07-23."
DOC-DEM-00040,Demand Notice,"KENYA REVENUE AUTHORITY
FINAL DEMAND NOTICE

To: Webb PLC
PIN: A49125784089B
Date: 2026-04-20
Payment Ref: KRA-PAY-07817914

TAKE NOTICE that you owe the Kenya Revenue Authority the following outstanding VAT liabilities:

  Principal Tax:   KES 14,820,410.62
  Penalties:       KES 580,108.89
  Total Due:       KES 15,400,519.51

Payment is due by 2026-07-22."
DOC-DEM-00041,Demand Notice,"KENYA REVENUE AUTHORITY
FINAL DEMAND NOTICE

To: Bell-Collins
PIN: A27302405527B
Date: 2026-02-09
Payment Ref: KRA-PAY-78039897

TAKE NOTICE that you owe the Kenya Revenue Authority the following outstanding Withholding Tax liabilities:

  Principal Tax:   KES 13,399,980.96
  Penalties:       KES 837,275.29
  Total Due:       KES 14,237,256.25

Payment is due by 2026-07-15."
DOC-DEM-00042,Demand Notice,"KENYA REVENUE AUTHORITY
FINAL DEMAND NOTICE

To: Price LLC
PIN: A42658217318B
Date: 2026-03-05
Payment Ref: KRA-PAY-14929735

TAKE NOTICE that you owe the Kenya Revenue Authority the following outstanding Customs Duty liabilities:

  Principal Tax:   KES 4,664,402.83
  Penalties:       KES 130,677.15
  Total Due:       KES 4,795,079.98

Payment is due by 2026-07-12."
DOC-DEM-00043,Demand Notice,"KENYA REVENUE AUTHORITY
FINAL DEMAND NOTICE

To: Hines Group
PIN: A79622072253B
Date: 2026-06-03
Payment Ref: KRA-PAY-86557534

TAKE NOTICE that you owe the Kenya Revenue Authority the following outstanding Income Tax liabilities:

  Principal Tax:   KES 14,349,987.54
  Penalties:       KES 402,425.20
  Total Due:       KES 14,752,412.74

Payment is due by 2026-07-09."
DOC-DEM-00044,Demand Notice,"KENYA REVENUE AUTHORITY
FINAL DEMAND NOTICE

To: Thomas PLC
PIN: A61432347103B
Date: 2026-02-20
Payment Ref: KRA-PAY-63730478

TAKE NOTICE that you owe the Kenya Revenue Authority the following outstanding Income Tax liabilities:

  Principal Tax:   KES 113,577.11
  Penalties:       KES 7,272.14
  Total Due:       KES 120,849.25

Payment is due by 2026-07-14."
DOC-DEM-00045,Demand Notice,"KENYA REVENUE AUTHORITY
FINAL DEMAND NOTICE

To: Travis, Sparks and Glenn
PIN: A74517514362B
Date: 2026-02-16
Payment Ref: KRA-PAY-61653024

TAKE NOTICE that you owe the Kenya Revenue Authority the following outstanding PAYE liabilities:

  Principal Tax:   KES 8,144,079.96
  Penalties:       KES 772,079.69
  Total Due:       KES 8,916,159.65

Payment is due by 2026-07-25."
DOC-DEM-00046,Demand Notice,"KENYA REVENUE AUTHORITY
FINAL DEMAND NOTICE

To: Munoz, Munoz and Moss
PIN: A90252358197B
Date: 2026-02-21
Payment Ref: KRA-PAY-96927727

TAKE NOTICE that you owe the Kenya Revenue Authority the following outstanding Customs Duty liabilities:

  Principal Tax:   KES 9,554,195.92
  Penalties:       KES 343,535.24
  Total Due:       KES 9,897,731.16

Payment is due by 2026-07-28."
DOC-DEM-00047,Demand Notice,"KENYA REVENUE AUTHORITY
FINAL DEMAND NOTICE

To: Dudley Group
PIN: A63146153515B
Date: 2026-05-13
Payment Ref: KRA-PAY-43949810

TAKE NOTICE that you owe the Kenya Revenue Authority the following outstanding VAT liabilities:

  Principal Tax:   KES 6,430,142.37
  Penalties:       KES 460,860.09
  Total Due:       KES 6,891,002.46

Payment is due by 2026-07-12."
DOC-DEM-00048,Demand Notice,"KENYA REVENUE AUTHORITY
FINAL DEMAND NOTICE

To: Robinson PLC
PIN: A34460580381B
Date: 2026-05-21
Payment Ref: KRA-PAY-11794757

TAKE NOTICE that you owe the Kenya Revenue Authority the following outstanding Withholding Tax liabilities:

  Principal Tax:   KES 13,049,451.62
  Penalties:       KES 503,416.73
  Total Due:       KES 13,552,868.35

Payment is due by 2026-07-18."
DOC-DEM-00049,Demand Notice,"KENYA REVENUE AUTHORITY
FINAL DEMAND NOTICE

To: Gregory and Sons
PIN: A94095732792B
Date: 2026-04-10
Payment Ref: KRA-PAY-87473249

TAKE NOTICE that you owe the Kenya Revenue Authority the following outstanding Income Tax liabilities:

  Principal Tax:   KES 14,465,122.39
  Penalties:       KES 1,373,225.43
  Total Due:       KES 15,838,347.82

Payment is due by 2026-07-08."
DOC-DEM-00050,Demand Notice,"KENYA REVENUE AUTHORITY
FINAL DEMAND NOTICE

To: Chapman Inc
PIN: A88855740576B
Date: 2026-06-25
Payment Ref: KRA-PAY-03563861

TAKE NOTICE that you owe the Kenya Revenue Authority the following outstanding VAT liabilities:

  Principal Tax:   KES 8,363,520.80
  Penalties:       KES 727,696.49
  Total Due:       KES 9,091,217.29

Payment is due by 2026-07-04."
DOC-DEM-00051,Demand Notice,"KENYA REVENUE AUTHORITY
FINAL DEMAND NOTICE

To: Williams-Lyons
PIN: A15518267722B
Date: 2026-05-17
Payment Ref: KRA-PAY-28647401

TAKE NOTICE that you owe the Kenya Revenue Authority the following outstanding PAYE liabilities:

  Principal Tax:   KES 19,943,464.34
  Penalties:       KES 1,032,265.06
  Total Due:       KES 20,975,729.40

Payment is due by 2026-07-14."
DOC-DEM-00052,Demand Notice,"KENYA REVENUE AUTHORITY
FINAL DEMAND NOTICE

To: Lowe Inc
PIN: A16602548618B
Date: 2026-06-29
Payment Ref: KRA-PAY-06552663

TAKE NOTICE that you owe the Kenya Revenue Authority the following outstanding Customs Duty liabilities:

  Principal Tax:   KES 3,734,369.52
  Penalties:       KES 298,451.77
  Total Due:       KES 4,032,821.29

Payment is due by 2026-07-17."
DOC-DEM-00053,Demand Notice,"KENYA REVENUE AUTHORITY
FINAL DEMAND NOTICE

To: Williams LLC
PIN: A71774899228B
Date: 2026-03-24
Payment Ref: KRA-PAY-00049565

TAKE NOTICE that you owe the Kenya Revenue Authority the following outstanding Excise Duty liabilities:

  Principal Tax:   KES 17,536,095.93
  Penalties:       KES 363,722.72
  Total Due:       KES 17,899,818.65

Payment is due by 2026-07-06."
DOC-DEM-00054,Demand Notice,"KENYA REVENUE AUTHORITY
FINAL DEMAND NOTICE

To: Patterson-Hoffman
PIN: A16519707357B
Date: 2026-02-25
Payment Ref: KRA-PAY-17443921

TAKE NOTICE that you owe the Kenya Revenue Authority the following outstanding Customs Duty liabilities:

  Principal Tax:   KES 12,059,631.48
  Penalties:       KES 1,136,938.49
  Total Due:       KES 13,196,569.97

Payment is due by 2026-07-17."
DOC-DEM-00055,Demand Notice,"KENYA REVENUE AUTHORITY
FINAL DEMAND NOTICE

To: Flynn-Goodman
PIN: A83408824595B
Date: 2026-03-20
Payment Ref: KRA-PAY-54865437

TAKE NOTICE that you owe the Kenya Revenue Authority the following outstanding Excise Duty liabilities:

  Principal Tax:   KES 5,698,387.43
  Penalties:       KES 564,869.51
  Total Due:       KES 6,263,256.94

Payment is due by 2026-07-20."
DOC-DEM-00056,Demand Notice,"KENYA REVENUE AUTHORITY
FINAL DEMAND NOTICE

To: Reid-Daniels
PIN: A42912939642B
Date: 2026-05-19
Payment Ref: KRA-PAY-24401572

TAKE NOTICE that you owe the Kenya Revenue Authority the following outstanding Income Tax liabilities:

  Principal Tax:   KES 10,491,127.51
  Penalties:       KES 956,169.72
  Total Due:       KES 11,447,297.23

Payment is due by 2026-07-23."
DOC-DEM-00057,Demand Notice,"KENYA REVENUE AUTHORITY
FINAL DEMAND NOTICE

To: Mcgrath-Smith
PIN: A94477475236B
Date: 2026-01-10
Payment Ref: KRA-PAY-99248396

TAKE NOTICE that you owe the Kenya Revenue Authority the following outstanding Income Tax liabilities:

  Principal Tax:   KES 17,022,684.17
  Penalties:       KES 977,811.26
  Total Due:       KES 18,000,495.43

Payment is due by 2026-07-12."
DOC-DEM-00058,Demand Notice,"KENYA REVENUE AUTHORITY
FINAL DEMAND NOTICE

To: Gaines and Sons
PIN: A38391806324B
Date: 2026-01-11
Payment Ref: KRA-PAY-03660286

TAKE NOTICE that you owe the Kenya Revenue Authority the following outstanding Withholding Tax liabilities:

  Principal Tax:   KES 16,178,189.43
  Penalties:       KES 751,553.39
  Total Due:       KES 16,929,742.82

Payment is due by 2026-07-14."
DOC-DEM-00059,Demand Notice,"KENYA REVENUE AUTHORITY
FINAL DEMAND NOTICE

To: Wu PLC
PIN: A61464259045B
Date: 2026-02-23
Payment Ref: KRA-PAY-21062054

TAKE NOTICE that you owe the Kenya Revenue Authority the following outstanding Income Tax liabilities:

  Principal Tax:   KES 9,183,700.28
  Penalties:       KES 372,685.49
  Total Due:       KES 9,556,385.77

Payment is due by 2026-07-09."
DOC-DEM-00060,Demand Notice,"KENYA REVENUE AUTHORITY
FINAL DEMAND NOTICE

To: Wagner Ltd
PIN: A20675475110B
Date: 2026-04-09
Payment Ref: KRA-PAY-73277221

TAKE NOTICE that you owe the Kenya Revenue Authority the following outstanding Customs Duty liabilities:

  Principal Tax:   KES 291,543.07
  Penalties:       KES 13,693.48
  Total Due:       KES 305,236.55

Payment is due by 2026-07-28."
DOC-DEM-00061,Demand Notice,"KENYA REVENUE AUTHORITY
FINAL DEMAND NOTICE

To: Ford-West
PIN: A41390621102B
Date: 2026-05-09
Payment Ref: KRA-PAY-13494742

TAKE NOTICE that you owe the Kenya Revenue Authority the following outstanding Income Tax liabilities:

  Principal Tax:   KES 11,359,946.64
  Penalties:       KES 915,414.26
  Total Due:       KES 12,275,360.90

Payment is due by 2026-07-11."
DOC-DEM-00062,Demand Notice,"KENYA REVENUE AUTHORITY
FINAL DEMAND NOTICE

To: May-Jackson
PIN: A75232015424B
Date: 2026-06-05
Payment Ref: KRA-PAY-91257723

TAKE NOTICE that you owe the Kenya Revenue Authority the following outstanding PAYE liabilities:

  Principal Tax:   KES 12,222,980.45
  Penalties:       KES 869,030.24
  Total Due:       KES 13,092,010.69

Payment is due by 2026-07-07."
DOC-DEM-00063,Demand Notice,"KENYA REVENUE AUTHORITY
FINAL DEMAND NOTICE

To: Hall-Johnson
PIN: A68579539494B
Date: 2026-03-14
Payment Ref: KRA-PAY-32237088

TAKE NOTICE that you owe the Kenya Revenue Authority the following outstanding VAT liabilities:

  Principal Tax:   KES 16,541,526.61
  Penalties:       KES 1,012,712.83
  Total Due:       KES 17,554,239.44

Payment is due by 2026-07-27."
DOC-DEM-00064,Demand Notice,"KENYA REVENUE AUTHORITY
FINAL DEMAND NOTICE

To: Cantu-Turner
PIN: A00430986340B
Date: 2026-01-28
Payment Ref: KRA-PAY-84302140

TAKE NOTICE that you owe the Kenya Revenue Authority the following outstanding Income Tax liabilities:

  Principal Tax:   KES 8,022,656.60
  Penalties:       KES 221,672.49
  Total Due:       KES 8,244,329.09

Payment is due by 2026-07-20."
DOC-DEM-00065,Demand Notice,"KENYA REVENUE AUTHORITY
FINAL DEMAND NOTICE

To: Blake-Hardin
PIN: A58912644450B
Date: 2026-04-26
Payment Ref: KRA-PAY-71484257

TAKE NOTICE that you owe the Kenya Revenue Authority the following outstanding VAT liabilities:

  Principal Tax:   KES 9,554,307.43
  Penalties:       KES 906,379.22
  Total Due:       KES 10,460,686.65

Payment is due by 2026-07-25."
DOC-DEM-00066,Demand Notice,"KENYA REVENUE AUTHORITY
FINAL DEMAND NOTICE

To: Gonzalez, Williams and Wise
PIN: A15470196354B
Date: 2026-01-19
Payment Ref: KRA-PAY-10299648

TAKE NOTICE that you owe the Kenya Revenue Authority the following outstanding Customs Duty liabilities:

  Principal Tax:   KES 5,223,097.69
  Penalties:       KES 202,873.99
  Total Due:       KES 5,425,971.68

Payment is due by 2026-07-27."
DOC-DEM-00067,Demand Notice,"KENYA REVENUE AUTHORITY
FINAL DEMAND NOTICE

To: Boyd Group
PIN: A74261210294B
Date: 2026-05-04
Payment Ref: KRA-PAY-49894308

TAKE NOTICE that you owe the Kenya Revenue Authority the following outstanding Withholding Tax liabilities:

  Principal Tax:   KES 19,081,156.10
  Penalties:       KES 842,541.18
  Total Due:       KES 19,923,697.28

Payment is due by 2026-07-19."
DOC-DEM-00068,Demand Notice,"KENYA REVENUE AUTHORITY
FINAL DEMAND NOTICE

To: Thompson-Copeland
PIN: A39704925547B
Date: 2026-01-13
Payment Ref: KRA-PAY-68585203

TAKE NOTICE that you owe the Kenya Revenue Authority the following outstanding Customs Duty liabilities:

  Principal Tax:   KES 11,461,818.18
  Penalties:       KES 469,066.34
  Total Due:       KES 11,930,884.52

Payment is due by 2026-07-05."
DOC-DEM-00069,Demand Notice,"KENYA REVENUE AUTHORITY
FINAL DEMAND NOTICE

To: Johnson-Tucker
PIN: A37859731881B
Date: 2026-05-08
Payment Ref: KRA-PAY-12611128

TAKE NOTICE that you owe the Kenya Revenue Authority the following outstanding VAT liabilities:

  Principal Tax:   KES 13,858,444.12
  Penalties:       KES 346,044.61
  Total Due:       KES 14,204,488.73

Payment is due by 2026-07-28."
DOC-DEM-00070,Demand Notice,"KENYA REVENUE AUTHORITY
FINAL DEMAND NOTICE

To: Terry Ltd
PIN: A28405276646B
Date: 2026-06-03
Payment Ref: KRA-PAY-47802729

TAKE NOTICE that you owe the Kenya Revenue Authority the following outstanding Withholding Tax liabilities:

  Principal Tax:   KES 9,313,245.87
  Penalties:       KES 305,263.48
  Total Due:       KES 9,618,509.35

Payment is due by 2026-07-14."
DOC-DEM-00071,Demand Notice,"KENYA REVENUE AUTHORITY
FINAL DEMAND NOTICE

To: Lee-Ramirez
PIN: A77755666320B
Date: 2026-04-14
Payment Ref: KRA-PAY-96314781

TAKE NOTICE that you owe the Kenya Revenue Authority the following outstanding Withholding Tax liabilities:

  Principal Tax:   KES 10,055,384.22
  Penalties:       KES 921,168.41
  Total Due:       KES 10,976,552.63

Payment is due by 2026-07-31."
DOC-DEM-00072,Demand Notice,"KENYA REVENUE AUTHORITY
FINAL DEMAND NOTICE

To: Simmons, Lee and Kennedy
PIN: A60772894648B
Date: 2026-04-24
Payment Ref: KRA-PAY-62816128

TAKE NOTICE that you owe the Kenya Revenue Authority the following outstanding Withholding Tax liabilities:

  Principal Tax:   KES 15,399,122.54
  Penalties:       KES 1,158,371.74
  Total Due:       KES 16,557,494.28

Payment is due by 2026-07-30."
DOC-DEM-00073,Demand Notice,"KENYA REVENUE AUTHORITY
FINAL DEMAND NOTICE

To: Lee-Adams
PIN: A06547637076B
Date: 2026-03-29
Payment Ref: KRA-PAY-05671012

TAKE NOTICE that you owe the Kenya Revenue Authority the following outstanding Excise Duty liabilities:

  Principal Tax:   KES 18,323,446.41
  Penalties:       KES 798,957.38
  Total Due:       KES 19,122,403.79

Payment is due by 2026-07-09."
DOC-DEM-00074,Demand Notice,"KENYA REVENUE AUTHORITY
FINAL DEMAND NOTICE

To: Young, Padilla and Jackson
PIN: A66993554769B
Date: 2026-06-25
Payment Ref: KRA-PAY-46699588

TAKE NOTICE that you owe the Kenya Revenue Authority the following outstanding PAYE liabilities:

  Principal Tax:   KES 4,424,776.31
  Penalties:       KES 427,384.02
  Total Due:       KES 4,852,160.33

Payment is due by 2026-07-15."
DOC-DEM-00075,Demand Notice,"KENYA REVENUE AUTHORITY
FINAL DEMAND NOTICE

To: Rangel, Williams and Jackson
PIN: A64763785035B
Date: 2026-03-30
Payment Ref: KRA-PAY-88397844

TAKE NOTICE that you owe the Kenya Revenue Authority the following outstanding Excise Duty liabilities:

  Principal Tax:   KES 3,072,179.44
  Penalties:       KES 245,217.64
  Total Due:       KES 3,317,397.08

Payment is due by 2026-07-26."
DOC-DEM-00076,Demand Notice,"KENYA REVENUE AUTHORITY
FINAL DEMAND NOTICE

To: Collier-Hester
PIN: A13677903817B
Date: 2026-02-14
Payment Ref: KRA-PAY-35099659

TAKE NOTICE that you owe the Kenya Revenue Authority the following outstanding PAYE liabilities:

  Principal Tax:   KES 7,478,760.59
  Penalties:       KES 569,546.94
  Total Due:       KES 8,048,307.53

Payment is due by 2026-07-15."
DOC-DEM-00077,Demand Notice,"KENYA REVENUE AUTHORITY
FINAL DEMAND NOTICE

To: Cruz-Gonzalez
PIN: A77428307828B
Date: 2026-02-12
Payment Ref: KRA-PAY-84436679

TAKE NOTICE that you owe the Kenya Revenue Authority the following outstanding Income Tax liabilities:

  Principal Tax:   KES 15,149,436.96
  Penalties:       KES 1,274,970.54
  Total Due:       KES 16,424,407.50

Payment is due by 2026-07-15."
DOC-DEM-00078,Demand Notice,"KENYA REVENUE AUTHORITY
FINAL DEMAND NOTICE

To: White, Brown and Payne
PIN: A84360658126B
Date: 2026-01-27
Payment Ref: KRA-PAY-97783215

TAKE NOTICE that you owe the Kenya Revenue Authority the following outstanding Excise Duty liabilities:

  Principal Tax:   KES 15,239,573.80
  Penalties:       KES 1,134,241.15
  Total Due:       KES 16,373,814.95

Payment is due by 2026-07-22."
DOC-DEM-00079,Demand Notice,"KENYA REVENUE AUTHORITY
FINAL DEMAND NOTICE

To: Newman, Anderson and Newton
PIN: A90966678863B
Date: 2026-05-01
Payment Ref: KRA-PAY-55532878

TAKE NOTICE that you owe the Kenya Revenue Authority the following outstanding PAYE liabilities:

  Principal Tax:   KES 17,463,969.82
  Penalties:       KES 463,661.84
  Total Due:       KES 17,927,631.66

Payment is due by 2026-07-20."
DOC-DEM-00080,Demand Notice,"KENYA REVENUE AUTHORITY
FINAL DEMAND NOTICE

To: Lynch-Simpson
PIN: A50870461681B
Date: 2026-05-24
Payment Ref: KRA-PAY-84354379

TAKE NOTICE that you owe the Kenya Revenue Authority the following outstanding Excise Duty liabilities:

  Principal Tax:   KES 10,568,180.75
  Penalties:       KES 517,236.25
  Total Due:       KES 11,085,417.00

Payment is due by 2026-07-04."
DOC-DEM-00081,Demand Notice,"KENYA REVENUE AUTHORITY
FINAL DEMAND NOTICE

To: Ramos, Donovan and Blevins
PIN: A21230238053B
Date: 2026-04-07
Payment Ref: KRA-PAY-91775378

TAKE NOTICE that you owe the Kenya Revenue Authority the following outstanding Excise Duty liabilities:

  Principal Tax:   KES 2,253,053.74
  Penalties:       KES 194,442.87
  Total Due:       KES 2,447,496.61

Payment is due by 2026-07-11."
DOC-DEM-00082,Demand Notice,"KENYA REVENUE AUTHORITY
FINAL DEMAND NOTICE

To: Clark-Schroeder
PIN: A41931317300B
Date: 2026-01-09
Payment Ref: KRA-PAY-47300667

TAKE NOTICE that you owe the Kenya Revenue Authority the following outstanding Income Tax liabilities:

  Principal Tax:   KES 4,051,114.01
  Penalties:       KES 254,948.00
  Total Due:       KES 4,306,062.01

Payment is due by 2026-07-08."
DOC-DEM-00083,Demand Notice,"KENYA REVENUE AUTHORITY
FINAL DEMAND NOTICE

To: Mercado PLC
PIN: A62333718762B
Date: 2026-05-07
Payment Ref: KRA-PAY-48928526

TAKE NOTICE that you owe the Kenya Revenue Authority the following outstanding VAT liabilities:

  Principal Tax:   KES 6,569,071.58
  Penalties:       KES 404,834.30
  Total Due:       KES 6,973,905.88

Payment is due by 2026-07-24."
DOC-DEM-00084,Demand Notice,"KENYA REVENUE AUTHORITY
FINAL DEMAND NOTICE

To: Tyler-Glenn
PIN: A01065998851B
Date: 2026-03-07
Payment Ref: KRA-PAY-69990444

TAKE NOTICE that you owe the Kenya Revenue Authority the following outstanding PAYE liabilities:

  Principal Tax:   KES 13,609,101.81
  Penalties:       KES 1,052,710.80
  Total Due:       KES 14,661,812.61

Payment is due by 2026-07-12."
DOC-DEM-00085,Demand Notice,"KENYA REVENUE AUTHORITY
FINAL DEMAND NOTICE

To: Robinson Group
PIN: A71051864185B
Date: 2026-06-12
Payment Ref: KRA-PAY-85319565

TAKE NOTICE that you owe the Kenya Revenue Authority the following outstanding VAT liabilities:

  Principal Tax:   KES 1,827,923.47
  Penalties:       KES 111,192.64
  Total Due:       KES 1,939,116.11

Payment is due by 2026-07-23."
DOC-DEM-00086,Demand Notice,"KENYA REVENUE AUTHORITY
FINAL DEMAND NOTICE

To: Ellis-Lindsey
PIN: A62731682217B
Date: 2026-02-11
Payment Ref: KRA-PAY-59796675

TAKE NOTICE that you owe the Kenya Revenue Authority the following outstanding PAYE liabilities:

  Principal Tax:   KES 9,074,111.68
  Penalties:       KES 554,063.69
  Total Due:       KES 9,628,175.37

Payment is due by 2026-07-28."
DOC-DEM-00087,Demand Notice,"KENYA REVENUE AUTHORITY
FINAL DEMAND NOTICE

To: Watkins, Irwin and Vaughn
PIN: A41169028194B
Date: 2026-04-15
Payment Ref: KRA-PAY-01032803

TAKE NOTICE that you owe the Kenya Revenue Authority the following outstanding Withholding Tax liabilities:

  Principal Tax:   KES 11,282,584.59
  Penalties:       KES 730,025.83
  Total Due:       KES 12,012,610.42

Payment is due by 2026-07-09."
DOC-DEM-00088,Demand Notice,"KENYA REVENUE AUTHORITY
FINAL DEMAND NOTICE

To: Ramsey-Mcclure
PIN: A79614378084B
Date: 2026-01-03
Payment Ref: KRA-PAY-79495862

TAKE NOTICE that you owe the Kenya Revenue Authority the following outstanding PAYE liabilities:

  Principal Tax:   KES 16,140,237.90
  Penalties:       KES 1,256,717.76
  Total Due:       KES 17,396,955.66

Payment is due by 2026-07-28."
DOC-DEM-00089,Demand Notice,"KENYA REVENUE AUTHORITY
FINAL DEMAND NOTICE

To: Taylor, Sullivan and Martinez
PIN: A15026195211B
Date: 2026-04-22
Payment Ref: KRA-PAY-58869875

TAKE NOTICE that you owe the Kenya Revenue Authority the following outstanding Income Tax liabilities:

  Principal Tax:   KES 5,096,599.81
  Penalties:       KES 103,161.49
  Total Due:       KES 5,199,761.30

Payment is due by 2026-07-22."
DOC-DEM-00090,Demand Notice,"KENYA REVENUE AUTHORITY
FINAL DEMAND NOTICE

To: Russell PLC
PIN: A14955953685B
Date: 2026-04-07
Payment Ref: KRA-PAY-98432687

TAKE NOTICE that you owe the Kenya Revenue Authority the following outstanding Customs Duty liabilities:

  Principal Tax:   KES 11,570,442.19
  Penalties:       KES 273,330.69
  Total Due:       KES 11,843,772.88

Payment is due by 2026-07-23."
DOC-DEM-00091,Demand Notice,"KENYA REVENUE AUTHORITY
FINAL DEMAND NOTICE

To: Allison LLC
PIN: A05969103104B
Date: 2026-06-09
Payment Ref: KRA-PAY-53297682

TAKE NOTICE that you owe the Kenya Revenue Authority the following outstanding VAT liabilities:

  Principal Tax:   KES 14,010,693.71
  Penalties:       KES 886,779.96
  Total Due:       KES 14,897,473.67

Payment is due by 2026-07-19."
DOC-DEM-00092,Demand Notice,"KENYA REVENUE AUTHORITY
FINAL DEMAND NOTICE

To: Espinoza Inc
PIN: A02718206763B
Date: 2026-03-20
Payment Ref: KRA-PAY-55230162

TAKE NOTICE that you owe the Kenya Revenue Authority the following outstanding PAYE liabilities:

  Principal Tax:   KES 18,692,310.15
  Penalties:       KES 477,056.39
  Total Due:       KES 19,169,366.54

Payment is due by 2026-07-08."
DOC-DEM-00093,Demand Notice,"KENYA REVENUE AUTHORITY
FINAL DEMAND NOTICE

To: Pierce Inc
PIN: A06311893867B
Date: 2026-04-11
Payment Ref: KRA-PAY-00159739

TAKE NOTICE that you owe the Kenya Revenue Authority the following outstanding Income Tax liabilities:

  Principal Tax:   KES 644,380.07
  Penalties:       KES 33,964.86
  Total Due:       KES 678,344.93

Payment is due by 2026-07-27."
DOC-DEM-00094,Demand Notice,"KENYA REVENUE AUTHORITY
FINAL DEMAND NOTICE

To: Gibbs Group
PIN: A52757356955B
Date: 2026-04-07
Payment Ref: KRA-PAY-66042585

TAKE NOTICE that you owe the Kenya Revenue Authority the following outstanding Withholding Tax liabilities:

  Principal Tax:   KES 15,318,895.38
  Penalties:       KES 1,505,336.73
  Total Due:       KES 16,824,232.11

Payment is due by 2026-08-01."
DOC-DEM-00095,Demand Notice,"KENYA REVENUE AUTHORITY
FINAL DEMAND NOTICE

To: Richards, Scott and Petersen
PIN: A22950869939B
Date: 2026-02-17
Payment Ref: KRA-PAY-62676792

TAKE NOTICE that you owe the Kenya Revenue Authority the following outstanding PAYE liabilities:

  Principal Tax:   KES 19,276,013.51
  Penalties:       KES 962,969.37
  Total Due:       KES 20,238,982.88

Payment is due by 2026-07-20."
DOC-DEM-00096,Demand Notice,"KENYA REVENUE AUTHORITY
FINAL DEMAND NOTICE

To: Aguilar, Rowe and Jones
PIN: A54146033894B
Date: 2026-01-30
Payment Ref: KRA-PAY-60450705

TAKE NOTICE that you owe the Kenya Revenue Authority the following outstanding PAYE liabilities:

  Principal Tax:   KES 8,976,257.28
  Penalties:       KES 838,106.02
  Total Due:       KES 9,814,363.30

Payment is due by 2026-07-28."
DOC-DEM-00097,Demand Notice,"KENYA REVENUE AUTHORITY
FINAL DEMAND NOTICE

To: Wood, Ortiz and Arnold
PIN: A86953654108B
Date: 2026-03-14
Payment Ref: KRA-PAY-16828099

TAKE NOTICE that you owe the Kenya Revenue Authority the following outstanding Withholding Tax liabilities:

  Principal Tax:   KES 7,519,154.22
  Penalties:       KES 561,067.47
  Total Due:       KES 8,080,221.69

Payment is due by 2026-07-31."
DOC-DEM-00098,Demand Notice,"KENYA REVENUE AUTHORITY
FINAL DEMAND NOTICE

To: Savage, Ewing and Smith
PIN: A44493474378B
Date: 2026-05-01
Payment Ref: KRA-PAY-47452761

TAKE NOTICE that you owe the Kenya Revenue Authority the following outstanding Customs Duty liabilities:

  Principal Tax:   KES 17,492,328.90
  Penalties:       KES 535,950.69
  Total Due:       KES 18,028,279.59

Payment is due by 2026-08-01."
DOC-DEM-00099,Demand Notice,"KENYA REVENUE AUTHORITY
FINAL DEMAND NOTICE

To: Cervantes, Brock and Carrillo
PIN: A86880043235B
Date: 2026-04-02
Payment Ref: KRA-PAY-65647938

TAKE NOTICE that you owe the Kenya Revenue Authority the following outstanding PAYE liabilities:

  Principal Tax:   KES 2,381,477.01
  Penalties:       KES 236,784.88
  Total Due:       KES 2,618,261.89

Payment is due by 2026-07-06."
DOC-DEM-00100,Demand Notice,"KENYA REVENUE AUTHORITY
FINAL DEMAND NOTICE

To: Anderson, Anderson and Evans
PIN: A33345695665B
Date: 2026-02-23
Payment Ref: KRA-PAY-55159026

TAKE NOTICE that you owe the Kenya Revenue Authority the following outstanding Income Tax liabilities:

  Principal Tax:   KES 10,581,562.37
  Penalties:       KES 827,781.35
  Total Due:       KES 11,409,343.72

Payment is due by 2026-07-21."
DOC-DEM-00101,Demand Notice,"KENYA REVENUE AUTHORITY
FINAL DEMAND NOTICE

To: Smith and Sons
PIN: A39626565119B
Date: 2026-02-10
Payment Ref: KRA-PAY-60735235

TAKE NOTICE that you owe the Kenya Revenue Authority the following outstanding Customs Duty liabilities:

  Principal Tax:   KES 16,698,084.02
  Penalties:       KES 1,344,101.47
  Total Due:       KES 18,042,185.49

Payment is due by 2026-07-26."
DOC-DEM-00102,Demand Notice,"KENYA REVENUE AUTHORITY
FINAL DEMAND NOTICE

To: Reed-Prince
PIN: A72991535088B
Date: 2026-02-09
Payment Ref: KRA-PAY-44640848

TAKE NOTICE that you owe the Kenya Revenue Authority the following outstanding PAYE liabilities:

  Principal Tax:   KES 9,265,447.98
  Penalties:       KES 718,327.19
  Total Due:       KES 9,983,775.17

Payment is due by 2026-07-30."
DOC-DEM-00103,Demand Notice,"KENYA REVENUE AUTHORITY
FINAL DEMAND NOTICE

To: Hale, Jordan and Cameron
PIN: A95427973301B
Date: 2026-03-31
Payment Ref: KRA-PAY-32057494

TAKE NOTICE that you owe the Kenya Revenue Authority the following outstanding Income Tax liabilities:

  Principal Tax:   KES 10,643,352.83
  Penalties:       KES 913,932.31
  Total Due:       KES 11,557,285.14

Payment is due by 2026-07-09."
DOC-DEM-00104,Demand Notice,"KENYA REVENUE AUTHORITY
FINAL DEMAND NOTICE

To: Knight-Rodgers
PIN: A58252762181B
Date: 2026-02-20
Payment Ref: KRA-PAY-03035606

TAKE NOTICE that you owe the Kenya Revenue Authority the following outstanding Income Tax liabilities:

  Principal Tax:   KES 9,217,899.32
  Penalties:       KES 298,749.44
  Total Due:       KES 9,516,648.76

Payment is due by 2026-07-27."
DOC-DEM-00105,Demand Notice,"KENYA REVENUE AUTHORITY
FINAL DEMAND NOTICE

To: Murphy, Juarez and Mcdaniel
PIN: A16711222647B
Date: 2026-03-06
Payment Ref: KRA-PAY-64909167

TAKE NOTICE that you owe the Kenya Revenue Authority the following outstanding VAT liabilities:

  Principal Tax:   KES 18,748,833.12
  Penalties:       KES 1,462,444.90
  Total Due:       KES 20,211,278.02

Payment is due by 2026-07-27."
DOC-DEM-00106,Demand Notice,"KENYA REVENUE AUTHORITY
FINAL DEMAND NOTICE

To: Brewer-Lee
PIN: A90953274701B
Date: 2026-03-04
Payment Ref: KRA-PAY-25119689

TAKE NOTICE that you owe the Kenya Revenue Authority the following outstanding Excise Duty liabilities:

  Principal Tax:   KES 654,024.13
  Penalties:       KES 47,623.30
  Total Due:       KES 701,647.43

Payment is due by 2026-07-06."
DOC-DEM-00107,Demand Notice,"KENYA REVENUE AUTHORITY
FINAL DEMAND NOTICE

To: Fowler, Cruz and Dominguez
PIN: A91576399774B
Date: 2026-05-31
Payment Ref: KRA-PAY-93202270

TAKE NOTICE that you owe the Kenya Revenue Authority the following outstanding VAT liabilities:

  Principal Tax:   KES 15,323,408.82
  Penalties:       KES 1,389,841.30
  Total Due:       KES 16,713,250.12

Payment is due by 2026-07-12."
DOC-DEM-00108,Demand Notice,"KENYA REVENUE AUTHORITY
FINAL DEMAND NOTICE

To: Dunn-Anderson
PIN: A36572760305B
Date: 2026-04-07
Payment Ref: KRA-PAY-09629592

TAKE NOTICE that you owe the Kenya Revenue Authority the following outstanding Excise Duty liabilities:

  Principal Tax:   KES 4,820,919.22
  Penalties:       KES 122,370.70
  Total Due:       KES 4,943,289.92

Payment is due by 2026-07-23."
DOC-DEM-00109,Demand Notice,"KENYA REVENUE AUTHORITY
FINAL DEMAND NOTICE

To: Carpenter-Brown
PIN: A10599685578B
Date: 2026-02-14
Payment Ref: KRA-PAY-23929815

TAKE NOTICE that you owe the Kenya Revenue Authority the following outstanding Withholding Tax liabilities:

  Principal Tax:   KES 681,189.75
  Penalties:       KES 46,200.19
  Total Due:       KES 727,389.94

Payment is due by 2026-07-29."
DOC-DEM-00110,Demand Notice,"KENYA REVENUE AUTHORITY
FINAL DEMAND NOTICE

To: Mann, Jennings and Gonzales
PIN: A48979225145B
Date: 2026-04-28
Payment Ref: KRA-PAY-35283251

TAKE NOTICE that you owe the Kenya Revenue Authority the following outstanding VAT liabilities:

  Principal Tax:   KES 17,445,526.23
  Penalties:       KES 690,471.81
  Total Due:       KES 18,135,998.04

Payment is due by 2026-07-11."
DOC-DEM-00111,Demand Notice,"KENYA REVENUE AUTHORITY
FINAL DEMAND NOTICE

To: Blanchard, Smith and King
PIN: A16297594811B
Date: 2026-01-02
Payment Ref: KRA-PAY-73183277

TAKE NOTICE that you owe the Kenya Revenue Authority the following outstanding Income Tax liabilities:

  Principal Tax:   KES 8,051,284.36
  Penalties:       KES 311,964.26
  Total Due:       KES 8,363,248.62

Payment is due by 2026-07-06."
DOC-DEM-00112,Demand Notice,"KENYA REVENUE AUTHORITY
FINAL DEMAND NOTICE

To: Peterson PLC
PIN: A44297677363B
Date: 2026-05-08
Payment Ref: KRA-PAY-56005061

TAKE NOTICE that you owe the Kenya Revenue Authority the following outstanding Income Tax liabilities:

  Principal Tax:   KES 15,090,170.32
  Penalties:       KES 1,238,677.98
  Total Due:       KES 16,328,848.30

Payment is due by 2026-07-27."
DOC-DEM-00113,Demand Notice,"KENYA REVENUE AUTHORITY
FINAL DEMAND NOTICE

To: Hughes-Roberts
PIN: A37972774204B
Date: 2026-02-15
Payment Ref: KRA-PAY-78940856

TAKE NOTICE that you owe the Kenya Revenue Authority the following outstanding Withholding Tax liabilities:

  Principal Tax:   KES 10,082,878.02
  Penalties:       KES 434,986.21
  Total Due:       KES 10,517,864.23

Payment is due by 2026-07-05."
DOC-DEM-00114,Demand Notice,"KENYA REVENUE AUTHORITY
FINAL DEMAND NOTICE

To: Downs Inc
PIN: A94654464240B
Date: 2026-03-24
Payment Ref: KRA-PAY-97696919

TAKE NOTICE that you owe the Kenya Revenue Authority the following outstanding Withholding Tax liabilities:

  Principal Tax:   KES 11,526,445.61
  Penalties:       KES 763,027.48
  Total Due:       KES 12,289,473.09

Payment is due by 2026-07-10."
DOC-DEM-00115,Demand Notice,"KENYA REVENUE AUTHORITY
FINAL DEMAND NOTICE

To: Sanchez-Cook
PIN: A54228014203B
Date: 2026-02-19
Payment Ref: KRA-PAY-13194302

TAKE NOTICE that you owe the Kenya Revenue Authority the following outstanding Income Tax liabilities:

  Principal Tax:   KES 16,369,465.96
  Penalties:       KES 637,628.72
  Total Due:       KES 17,007,094.68

Payment is due by 2026-07-15."
DOC-DEM-00116,Demand Notice,"KENYA REVENUE AUTHORITY
FINAL DEMAND NOTICE

To: Pineda-Lewis
PIN: A83844891197B
Date: 2026-01-11
Payment Ref: KRA-PAY-74303227

TAKE NOTICE that you owe the Kenya Revenue Authority the following outstanding PAYE liabilities:

  Principal Tax:   KES 19,714,054.26
  Penalties:       KES 1,216,358.81
  Total Due:       KES 20,930,413.07

Payment is due by 2026-07-06."
DOC-DEM-00117,Demand Notice,"KENYA REVENUE AUTHORITY
FINAL DEMAND NOTICE

To: Lee, Rodriguez and Morgan
PIN: A20873605263B
Date: 2026-04-04
Payment Ref: KRA-PAY-14940771

TAKE NOTICE that you owe the Kenya Revenue Authority the following outstanding Excise Duty liabilities:

  Principal Tax:   KES 6,017,014.07
  Penalties:       KES 149,682.92
  Total Due:       KES 6,166,696.99

Payment is due by 2026-07-08."
DOC-DEM-00118,Demand Notice,"KENYA REVENUE AUTHORITY
FINAL DEMAND NOTICE

To: Robinson-Herrera
PIN: A97365985997B
Date: 2026-05-30
Payment Ref: KRA-PAY-33975807

TAKE NOTICE that you owe the Kenya Revenue Authority the following outstanding Withholding Tax liabilities:

  Principal Tax:   KES 17,595,480.68
  Penalties:       KES 1,635,081.39
  Total Due:       KES 19,230,562.07

Payment is due by 2026-07-14."
DOC-DEM-00119,Demand Notice,"KENYA REVENUE AUTHORITY
FINAL DEMAND NOTICE

To: Delacruz LLC
PIN: A82208227759B
Date: 2026-03-16
Payment Ref: KRA-PAY-33382824

TAKE NOTICE that you owe the Kenya Revenue Authority the following outstanding VAT liabilities:

  Principal Tax:   KES 13,578,214.96
  Penalties:       KES 875,361.09
  Total Due:       KES 14,453,576.05

Payment is due by 2026-07-08."
DOC-DEM-00120,Demand Notice,"KENYA REVENUE AUTHORITY
FINAL DEMAND NOTICE

To: Freeman-Davidson
PIN: A94904927340B
Date: 2026-05-23
Payment Ref: KRA-PAY-74240805

TAKE NOTICE that you owe the Kenya Revenue Authority the following outstanding Withholding Tax liabilities:

  Principal Tax:   KES 19,446,081.80
  Penalties:       KES 1,853,734.94
  Total Due:       KES 21,299,816.74

Payment is due by 2026-07-08."
DOC-DEM-00121,Demand Notice,"KENYA REVENUE AUTHORITY
FINAL DEMAND NOTICE

To: Daniels Group
PIN: A61370982251B
Date: 2026-06-21
Payment Ref: KRA-PAY-68855661

TAKE NOTICE that you owe the Kenya Revenue Authority the following outstanding Withholding Tax liabilities:

  Principal Tax:   KES 7,629,281.10
  Penalties:       KES 472,687.71
  Total Due:       KES 8,101,968.81

Payment is due by 2026-07-31."
DOC-DEM-00122,Demand Notice,"KENYA REVENUE AUTHORITY
FINAL DEMAND NOTICE

To: Martinez Inc
PIN: A50896345960B
Date: 2026-01-26
Payment Ref: KRA-PAY-81183046

TAKE NOTICE that you owe the Kenya Revenue Authority the following outstanding PAYE liabilities:

  Principal Tax:   KES 8,332,329.42
  Penalties:       KES 266,113.01
  Total Due:       KES 8,598,442.43

Payment is due by 2026-07-03."
DOC-DEM-00123,Demand Notice,"KENYA REVENUE AUTHORITY
FINAL DEMAND NOTICE

To: Marsh, Wolf and Cuevas
PIN: A86451060784B
Date: 2026-06-07
Payment Ref: KRA-PAY-93460063

TAKE NOTICE that you owe the Kenya Revenue Authority the following outstanding Income Tax liabilities:

  Principal Tax:   KES 3,685,740.79
  Penalties:       KES 232,327.95
  Total Due:       KES 3,918,068.74

Payment is due by 2026-07-13."
DOC-DEM-00124,Demand Notice,"KENYA REVENUE AUTHORITY
FINAL DEMAND NOTICE

To: Rios-Stewart
PIN: A12531932460B
Date: 2026-05-11
Payment Ref: KRA-PAY-41842531

TAKE NOTICE that you owe the Kenya Revenue Authority the following outstanding Withholding Tax liabilities:

  Principal Tax:   KES 16,988,325.24
  Penalties:       KES 748,487.15
  Total Due:       KES 17,736,812.39

Payment is due by 2026-07-03."
DOC-DEM-00125,Demand Notice,"KENYA REVENUE AUTHORITY
FINAL DEMAND NOTICE

To: Webb, Robinson and Gallagher
PIN: A55957304071B
Date: 2026-06-23
Payment Ref: KRA-PAY-98691361

TAKE NOTICE that you owe the Kenya Revenue Authority the following outstanding VAT liabilities:

  Principal Tax:   KES 2,895,591.47
  Penalties:       KES 165,170.37
  Total Due:       KES 3,060,761.84

Payment is due by 2026-07-16."
DOC-DEM-00126,Demand Notice,"KENYA REVENUE AUTHORITY
FINAL DEMAND NOTICE

To: Waters and Sons
PIN: A55666804612B
Date: 2026-02-12
Payment Ref: KRA-PAY-49555103

TAKE NOTICE that you owe the Kenya Revenue Authority the following outstanding Excise Duty liabilities:

  Principal Tax:   KES 11,252,095.13
  Penalties:       KES 1,096,211.68
  Total Due:       KES 12,348,306.81

Payment is due by 2026-07-14."
DOC-DEM-00127,Demand Notice,"KENYA REVENUE AUTHORITY
FINAL DEMAND NOTICE

To: Davis LLC
PIN: A51228462213B
Date: 2026-03-26
Payment Ref: KRA-PAY-22972074

TAKE NOTICE that you owe the Kenya Revenue Authority the following outstanding Customs Duty liabilities:

  Principal Tax:   KES 10,604,536.36
  Penalties:       KES 541,611.04
  Total Due:       KES 11,146,147.40

Payment is due by 2026-07-31."
DOC-DEM-00128,Demand Notice,"KENYA REVENUE AUTHORITY
FINAL DEMAND NOTICE

To: Thompson, Carpenter and Norris
PIN: A90284233995B
Date: 2026-01-22
Payment Ref: KRA-PAY-08153970

TAKE NOTICE that you owe the Kenya Revenue Authority the following outstanding PAYE liabilities:

  Principal Tax:   KES 4,074,701.29
  Penalties:       KES 292,304.68
  Total Due:       KES 4,367,005.97

Payment is due by 2026-07-24."
DOC-DEM-00129,Demand Notice,"KENYA REVENUE AUTHORITY
FINAL DEMAND NOTICE

To: Williams Group
PIN: A11355860913B
Date: 2026-05-22
Payment Ref: KRA-PAY-81712587

TAKE NOTICE that you owe the Kenya Revenue Authority the following outstanding Withholding Tax liabilities:

  Principal Tax:   KES 16,944,196.38
  Penalties:       KES 464,222.18
  Total Due:       KES 17,408,418.56

Payment is due by 2026-07-15."
DOC-DEM-00130,Demand Notice,"KENYA REVENUE AUTHORITY
FINAL DEMAND NOTICE

To: Barron-Scott
PIN: A12224960324B
Date: 2026-03-02
Payment Ref: KRA-PAY-39205578

TAKE NOTICE that you owe the Kenya Revenue Authority the following outstanding PAYE liabilities:

  Principal Tax:   KES 16,589,831.64
  Penalties:       KES 400,195.35
  Total Due:       KES 16,990,026.99

Payment is due by 2026-07-22."
DOC-DEM-00131,Demand Notice,"KENYA REVENUE AUTHORITY
FINAL DEMAND NOTICE

To: Baker PLC
PIN: A23335620383B
Date: 2026-02-25
Payment Ref: KRA-PAY-88071385

TAKE NOTICE that you owe the Kenya Revenue Authority the following outstanding VAT liabilities:

  Principal Tax:   KES 13,476,701.69
  Penalties:       KES 919,566.08
  Total Due:       KES 14,396,267.77

Payment is due by 2026-07-31."
DOC-DEM-00132,Demand Notice,"KENYA REVENUE AUTHORITY
FINAL DEMAND NOTICE

To: Rhodes-Hoffman
PIN: A35752422902B
Date: 2026-02-09
Payment Ref: KRA-PAY-44521327

TAKE NOTICE that you owe the Kenya Revenue Authority the following outstanding Withholding Tax liabilities:

  Principal Tax:   KES 3,771,384.25
  Penalties:       KES 305,239.67
  Total Due:       KES 4,076,623.92

Payment is due by 2026-07-17."
DOC-DEM-00133,Demand Notice,"KENYA REVENUE AUTHORITY
FINAL DEMAND NOTICE

To: Walton-White
PIN: A27976444235B
Date: 2026-03-14
Payment Ref: KRA-PAY-09613777

TAKE NOTICE that you owe the Kenya Revenue Authority the following outstanding Income Tax liabilities:

  Principal Tax:   KES 13,432,295.94
  Penalties:       KES 501,848.33
  Total Due:       KES 13,934,144.27

Payment is due by 2026-07-29."
DOC-DEM-00134,Demand Notice,"KENYA REVENUE AUTHORITY
FINAL DEMAND NOTICE

To: Reeves Group
PIN: A49414818275B
Date: 2026-03-01
Payment Ref: KRA-PAY-65363679

TAKE NOTICE that you owe the Kenya Revenue Authority the following outstanding VAT liabilities:

  Principal Tax:   KES 17,390,782.29
  Penalties:       KES 811,056.43
  Total Due:       KES 18,201,838.72

Payment is due by 2026-07-03."
DOC-DEM-00135,Demand Notice,"KENYA REVENUE AUTHORITY
FINAL DEMAND NOTICE

To: Manning LLC
PIN: A62497777760B
Date: 2026-02-01
Payment Ref: KRA-PAY-27603788

TAKE NOTICE that you owe the Kenya Revenue Authority the following outstanding Withholding Tax liabilities:

  Principal Tax:   KES 4,244,037.36
  Penalties:       KES 149,398.16
  Total Due:       KES 4,393,435.52

Payment is due by 2026-07-08."
DOC-DEM-00136,Demand Notice,"KENYA REVENUE AUTHORITY
FINAL DEMAND NOTICE

To: Wilson-Fritz
PIN: A13791039730B
Date: 2026-06-11
Payment Ref: KRA-PAY-91285168

TAKE NOTICE that you owe the Kenya Revenue Authority the following outstanding PAYE liabilities:

  Principal Tax:   KES 2,355,150.83
  Penalties:       KES 235,434.44
  Total Due:       KES 2,590,585.27

Payment is due by 2026-07-29."
DOC-DEM-00137,Demand Notice,"KENYA REVENUE AUTHORITY
FINAL DEMAND NOTICE

To: Ramos, Carter and Taylor
PIN: A38618637739B
Date: 2026-02-07
Payment Ref: KRA-PAY-04970808

TAKE NOTICE that you owe the Kenya Revenue Authority the following outstanding Withholding Tax liabilities:

  Principal Tax:   KES 18,289,681.52
  Penalties:       KES 1,383,616.29
  Total Due:       KES 19,673,297.81

Payment is due by 2026-07-07."
DOC-DEM-00138,Demand Notice,"KENYA REVENUE AUTHORITY
FINAL DEMAND NOTICE

To: Montoya-Griffith
PIN: A79210624470B
Date: 2026-03-13
Payment Ref: KRA-PAY-66994362

TAKE NOTICE that you owe the Kenya Revenue Authority the following outstanding Excise Duty liabilities:

  Principal Tax:   KES 4,098,217.73
  Penalties:       KES 381,995.35
  Total Due:       KES 4,480,213.08

Payment is due by 2026-07-14."
DOC-DEM-00139,Demand Notice,"KENYA REVENUE AUTHORITY
FINAL DEMAND NOTICE

To: Ellis-Copeland
PIN: A63497011738B
Date: 2026-04-01
Payment Ref: KRA-PAY-75655069

TAKE NOTICE that you owe the Kenya Revenue Authority the following outstanding PAYE liabilities:

  Principal Tax:   KES 6,439,084.03
  Penalties:       KES 274,593.04
  Total Due:       KES 6,713,677.07

Payment is due by 2026-07-03."
DOC-DEM-00140,Demand Notice,"KENYA REVENUE AUTHORITY
FINAL DEMAND NOTICE

To: Lutz-Ryan
PIN: A39433106755B
Date: 2026-05-06
Payment Ref: KRA-PAY-39929985

TAKE NOTICE that you owe the Kenya Revenue Authority the following outstanding Customs Duty liabilities:

  Principal Tax:   KES 10,677,666.05
  Penalties:       KES 520,437.61
  Total Due:       KES 11,198,103.66

Payment is due by 2026-07-26."
DOC-DEM-00141,Demand Notice,"KENYA REVENUE AUTHORITY
FINAL DEMAND NOTICE

To: Hudson PLC
PIN: A55350824691B
Date: 2026-06-14
Payment Ref: KRA-PAY-04711323

TAKE NOTICE that you owe the Kenya Revenue Authority the following outstanding PAYE liabilities:

  Principal Tax:   KES 7,199,295.91
  Penalties:       KES 652,435.88
  Total Due:       KES 7,851,731.79

Payment is due by 2026-07-29."
DOC-DEM-00142,Demand Notice,"KENYA REVENUE AUTHORITY
FINAL DEMAND NOTICE

To: Martin LLC
PIN: A11882686980B
Date: 2026-01-22
Payment Ref: KRA-PAY-88189571

TAKE NOTICE that you owe the Kenya Revenue Authority the following outstanding PAYE liabilities:

  Principal Tax:   KES 1,981,178.55
  Penalties:       KES 195,156.94
  Total Due:       KES 2,176,335.49

Payment is due by 2026-07-20."
DOC-DEM-00143,Demand Notice,"KENYA REVENUE AUTHORITY
FINAL DEMAND NOTICE

To: Good and Sons
PIN: A58373454034B
Date: 2026-03-06
Payment Ref: KRA-PAY-28228544

TAKE NOTICE that you owe the Kenya Revenue Authority the following outstanding Income Tax liabilities:

  Principal Tax:   KES 15,234,963.10
  Penalties:       KES 694,998.64
  Total Due:       KES 15,929,961.74

Payment is due by 2026-07-15."
DOC-DEM-00144,Demand Notice,"KENYA REVENUE AUTHORITY
FINAL DEMAND NOTICE

To: Duran, Thompson and Jackson
PIN: A45644099670B
Date: 2026-02-10
Payment Ref: KRA-PAY-51993001

TAKE NOTICE that you owe the Kenya Revenue Authority the following outstanding Excise Duty liabilities:

  Principal Tax:   KES 7,420,391.38
  Penalties:       KES 394,129.74
  Total Due:       KES 7,814,521.12

Payment is due by 2026-07-17."
DOC-DEM-00145,Demand Notice,"KENYA REVENUE AUTHORITY
FINAL DEMAND NOTICE

To: Norman, Aguilar and Wilson
PIN: A02332939273B
Date: 2026-03-24
Payment Ref: KRA-PAY-18281899

TAKE NOTICE that you owe the Kenya Revenue Authority the following outstanding VAT liabilities:

  Principal Tax:   KES 17,283,055.98
  Penalties:       KES 1,370,549.63
  Total Due:       KES 18,653,605.61

Payment is due by 2026-07-25."
DOC-DEM-00146,Demand Notice,"KENYA REVENUE AUTHORITY
FINAL DEMAND NOTICE

To: Mosley Ltd
PIN: A00397484603B
Date: 2026-01-10
Payment Ref: KRA-PAY-05388585

TAKE NOTICE that you owe the Kenya Revenue Authority the following outstanding Excise Duty liabilities:

  Principal Tax:   KES 5,222,874.46
  Penalties:       KES 495,027.49
  Total Due:       KES 5,717,901.95

Payment is due by 2026-07-04."
DOC-DEM-00147,Demand Notice,"KENYA REVENUE AUTHORITY
FINAL DEMAND NOTICE

To: Deleon, Crane and Salas
PIN: A02607774885B
Date: 2026-01-07
Payment Ref: KRA-PAY-59772387

TAKE NOTICE that you owe the Kenya Revenue Authority the following outstanding Income Tax liabilities:

  Principal Tax:   KES 14,403,038.64
  Penalties:       KES 628,194.05
  Total Due:       KES 15,031,232.69

Payment is due by 2026-07-30."
DOC-DEM-00148,Demand Notice,"KENYA REVENUE AUTHORITY
FINAL DEMAND NOTICE

To: Hall-Carter
PIN: A82202767323B
Date: 2026-01-13
Payment Ref: KRA-PAY-60074605

TAKE NOTICE that you owe the Kenya Revenue Authority the following outstanding Income Tax liabilities:

  Principal Tax:   KES 6,604,007.07
  Penalties:       KES 332,757.31
  Total Due:       KES 6,936,764.38

Payment is due by 2026-07-10."
DOC-DEM-00149,Demand Notice,"KENYA REVENUE AUTHORITY
FINAL DEMAND NOTICE

To: Matthews-Flores
PIN: A03803435925B
Date: 2026-03-12
Payment Ref: KRA-PAY-68554431

TAKE NOTICE that you owe the Kenya Revenue Authority the following outstanding Withholding Tax liabilities:

  Principal Tax:   KES 9,991,036.63
  Penalties:       KES 723,037.71
  Total Due:       KES 10,714,074.34

Payment is due by 2026-07-08."
DOC-DEM-00150,Demand Notice,"KENYA REVENUE AUTHORITY
FINAL DEMAND NOTICE

To: Tyler-Mack
PIN: A23478094988B
Date: 2026-01-08
Payment Ref: KRA-PAY-14557477

TAKE NOTICE that you owe the Kenya Revenue Authority the following outstanding PAYE liabilities:

  Principal Tax:   KES 6,757,910.04
  Penalties:       KES 547,856.00
  Total Due:       KES 7,305,766.04

Payment is due by 2026-07-06."
DOC-DEM-00151,Demand Notice,"KENYA REVENUE AUTHORITY
FINAL DEMAND NOTICE

To: Ray-Young
PIN: A82283163162B
Date: 2026-04-20
Payment Ref: KRA-PAY-48738258

TAKE NOTICE that you owe the Kenya Revenue Authority the following outstanding PAYE liabilities:

  Principal Tax:   KES 19,330,500.26
  Penalties:       KES 1,378,951.99
  Total Due:       KES 20,709,452.25

Payment is due by 2026-07-20."
DOC-DEM-00152,Demand Notice,"KENYA REVENUE AUTHORITY
FINAL DEMAND NOTICE

To: Ferguson PLC
PIN: A28712312270B
Date: 2026-01-01
Payment Ref: KRA-PAY-40260156

TAKE NOTICE that you owe the Kenya Revenue Authority the following outstanding Customs Duty liabilities:

  Principal Tax:   KES 9,221,971.68
  Penalties:       KES 725,047.82
  Total Due:       KES 9,947,019.50

Payment is due by 2026-07-21."
DOC-DEM-00153,Demand Notice,"KENYA REVENUE AUTHORITY
FINAL DEMAND NOTICE

To: Reynolds, Brown and Brown
PIN: A01641462718B
Date: 2026-01-04
Payment Ref: KRA-PAY-81792075

TAKE NOTICE that you owe the Kenya Revenue Authority the following outstanding PAYE liabilities:

  Principal Tax:   KES 3,393,621.56
  Penalties:       KES 263,430.15
  Total Due:       KES 3,657,051.71

Payment is due by 2026-07-03."
DOC-DEM-00154,Demand Notice,"KENYA REVENUE AUTHORITY
FINAL DEMAND NOTICE

To: Joseph Ltd
PIN: A06413552616B
Date: 2026-05-12
Payment Ref: KRA-PAY-25396058

TAKE NOTICE that you owe the Kenya Revenue Authority the following outstanding Withholding Tax liabilities:

  Principal Tax:   KES 3,689,114.98
  Penalties:       KES 336,259.74
  Total Due:       KES 4,025,374.72

Payment is due by 2026-07-07."
DOC-DEM-00155,Demand Notice,"KENYA REVENUE AUTHORITY
FINAL DEMAND NOTICE

To: Andrews, Morris and Alvarez
PIN: A73346282745B
Date: 2026-01-09
Payment Ref: KRA-PAY-10736646

TAKE NOTICE that you owe the Kenya Revenue Authority the following outstanding VAT liabilities:

  Principal Tax:   KES 19,145,165.51
  Penalties:       KES 1,185,383.51
  Total Due:       KES 20,330,549.02

Payment is due by 2026-07-19."
DOC-DEM-00156,Demand Notice,"KENYA REVENUE AUTHORITY
FINAL DEMAND NOTICE

To: Estrada, Snyder and Mckinney
PIN: A97739093626B
Date: 2026-02-06
Payment Ref: KRA-PAY-66561247

TAKE NOTICE that you owe the Kenya Revenue Authority the following outstanding VAT liabilities:

  Principal Tax:   KES 18,904,310.34
  Penalties:       KES 1,388,658.53
  Total Due:       KES 20,292,968.87

Payment is due by 2026-07-24."
DOC-DEM-00157,Demand Notice,"KENYA REVENUE AUTHORITY
FINAL DEMAND NOTICE

To: Burnett PLC
PIN: A80090272486B
Date: 2026-03-06
Payment Ref: KRA-PAY-12017824

TAKE NOTICE that you owe the Kenya Revenue Authority the following outstanding Income Tax liabilities:

  Principal Tax:   KES 8,253,720.53
  Penalties:       KES 721,404.70
  Total Due:       KES 8,975,125.23

Payment is due by 2026-08-01."
DOC-DEM-00158,Demand Notice,"KENYA REVENUE AUTHORITY
FINAL DEMAND NOTICE

To: White Group
PIN: A36080278122B
Date: 2026-06-17
Payment Ref: KRA-PAY-97083655

TAKE NOTICE that you owe the Kenya Revenue Authority the following outstanding Income Tax liabilities:

  Principal Tax:   KES 1,368,679.15
  Penalties:       KES 43,910.47
  Total Due:       KES 1,412,589.62

Payment is due by 2026-07-30."
DOC-DEM-00159,Demand Notice,"KENYA REVENUE AUTHORITY
FINAL DEMAND NOTICE

To: Griffin Inc
PIN: A90021643432B
Date: 2026-05-23
Payment Ref: KRA-PAY-28530732

TAKE NOTICE that you owe the Kenya Revenue Authority the following outstanding Excise Duty liabilities:

  Principal Tax:   KES 10,119,601.06
  Penalties:       KES 504,523.39
  Total Due:       KES 10,624,124.45

Payment is due by 2026-07-25."
DOC-DEM-00160,Demand Notice,"KENYA REVENUE AUTHORITY
FINAL DEMAND NOTICE

To: Schneider, Sullivan and Odonnell
PIN: A13376513970B
Date: 2026-04-23
Payment Ref: KRA-PAY-04655329

TAKE NOTICE that you owe the Kenya Revenue Authority the following outstanding PAYE liabilities:

  Principal Tax:   KES 12,758,194.55
  Penalties:       KES 1,208,357.92
  Total Due:       KES 13,966,552.47

Payment is due by 2026-07-08."
DOC-DEM-00161,Demand Notice,"KENYA REVENUE AUTHORITY
FINAL DEMAND NOTICE

To: Mckee, Navarro and Holmes
PIN: A76773811362B
Date: 2026-04-08
Payment Ref: KRA-PAY-13160191

TAKE NOTICE that you owe the Kenya Revenue Authority the following outstanding Excise Duty liabilities:

  Principal Tax:   KES 13,189,094.00
  Penalties:       KES 280,380.90
  Total Due:       KES 13,469,474.90

Payment is due by 2026-07-23."
DOC-DEM-00162,Demand Notice,"KENYA REVENUE AUTHORITY
FINAL DEMAND NOTICE

To: Nichols, Shields and Bailey
PIN: A18690101992B
Date: 2026-01-15
Payment Ref: KRA-PAY-54014167

TAKE NOTICE that you owe the Kenya Revenue Authority the following outstanding Excise Duty liabilities:

  Principal Tax:   KES 11,037,354.78
  Penalties:       KES 231,211.36
  Total Due:       KES 11,268,566.14

Payment is due by 2026-07-14."
DOC-DEM-00163,Demand Notice,"KENYA REVENUE AUTHORITY
FINAL DEMAND NOTICE

To: Rangel, Colon and Guerrero
PIN: A05782334415B
Date: 2026-02-01
Payment Ref: KRA-PAY-69577134

TAKE NOTICE that you owe the Kenya Revenue Authority the following outstanding Customs Duty liabilities:

  Principal Tax:   KES 14,446,632.51
  Penalties:       KES 908,101.57
  Total Due:       KES 15,354,734.08

Payment is due by 2026-07-18."
DOC-DEM-00164,Demand Notice,"KENYA REVENUE AUTHORITY
FINAL DEMAND NOTICE

To: Patterson-Ellis
PIN: A55595332364B
Date: 2026-05-19
Payment Ref: KRA-PAY-81970451

TAKE NOTICE that you owe the Kenya Revenue Authority the following outstanding Withholding Tax liabilities:

  Principal Tax:   KES 352,680.53
  Penalties:       KES 29,996.39
  Total Due:       KES 382,676.92

Payment is due by 2026-07-05."
DOC-DEM-00165,Demand Notice,"KENYA REVENUE AUTHORITY
FINAL DEMAND NOTICE

To: Holmes-Garner
PIN: A30150512533B
Date: 2026-02-02
Payment Ref: KRA-PAY-90950099

TAKE NOTICE that you owe the Kenya Revenue Authority the following outstanding Income Tax liabilities:

  Principal Tax:   KES 8,617,158.44
  Penalties:       KES 820,154.88
  Total Due:       KES 9,437,313.32

Payment is due by 2026-07-16."
DOC-DEM-00166,Demand Notice,"KENYA REVENUE AUTHORITY
FINAL DEMAND NOTICE

To: Harris-Matthews
PIN: A09828391575B
Date: 2026-05-27
Payment Ref: KRA-PAY-29477261

TAKE NOTICE that you owe the Kenya Revenue Authority the following outstanding Income Tax liabilities:

  Principal Tax:   KES 2,149,258.41
  Penalties:       KES 59,545.44
  Total Due:       KES 2,208,803.85

Payment is due by 2026-07-28."
DOC-DEM-00167,Demand Notice,"KENYA REVENUE AUTHORITY
FINAL DEMAND NOTICE

To: Richards, Foster and Scott
PIN: A63474776371B
Date: 2026-04-28
Payment Ref: KRA-PAY-98670058

TAKE NOTICE that you owe the Kenya Revenue Authority the following outstanding Customs Duty liabilities:

  Principal Tax:   KES 4,826,966.96
  Penalties:       KES 335,872.27
  Total Due:       KES 5,162,839.23

Payment is due by 2026-07-10."
DOC-DEM-00168,Demand Notice,"KENYA REVENUE AUTHORITY
FINAL DEMAND NOTICE

To: Roth, Miller and Davis
PIN: A46574118855B
Date: 2026-03-24
Payment Ref: KRA-PAY-83088211

TAKE NOTICE that you owe the Kenya Revenue Authority the following outstanding PAYE liabilities:

  Principal Tax:   KES 16,306,135.67
  Penalties:       KES 674,845.39
  Total Due:       KES 16,980,981.06

Payment is due by 2026-07-08."
DOC-DEM-00169,Demand Notice,"KENYA REVENUE AUTHORITY
FINAL DEMAND NOTICE

To: Martinez, Johnson and Howard
PIN: A17365769971B
Date: 2026-04-07
Payment Ref: KRA-PAY-13556052

TAKE NOTICE that you owe the Kenya Revenue Authority the following outstanding PAYE liabilities:

  Principal Tax:   KES 1,589,594.68
  Penalties:       KES 153,783.47
  Total Due:       KES 1,743,378.15

Payment is due by 2026-07-26."
DOC-DEM-00170,Demand Notice,"KENYA REVENUE AUTHORITY
FINAL DEMAND NOTICE

To: Robertson LLC
PIN: A92191991067B
Date: 2026-04-10
Payment Ref: KRA-PAY-78014050

TAKE NOTICE that you owe the Kenya Revenue Authority the following outstanding Income Tax liabilities:

  Principal Tax:   KES 11,304,393.63
  Penalties:       KES 1,121,606.59
  Total Due:       KES 12,426,000.22

Payment is due by 2026-07-31."
DOC-DEM-00171,Demand Notice,"KENYA REVENUE AUTHORITY
FINAL DEMAND NOTICE

To: Ramirez, Crosby and Medina
PIN: A49709851951B
Date: 2026-01-19
Payment Ref: KRA-PAY-37778395

TAKE NOTICE that you owe the Kenya Revenue Authority the following outstanding VAT liabilities:

  Principal Tax:   KES 6,006,493.06
  Penalties:       KES 518,029.79
  Total Due:       KES 6,524,522.85

Payment is due by 2026-07-23."
DOC-DEM-00172,Demand Notice,"KENYA REVENUE AUTHORITY
FINAL DEMAND NOTICE

To: Dixon, Moore and Hayes
PIN: A58185179605B
Date: 2026-06-01
Payment Ref: KRA-PAY-59904725

TAKE NOTICE that you owe the Kenya Revenue Authority the following outstanding VAT liabilities:

  Principal Tax:   KES 13,078,177.03
  Penalties:       KES 1,159,478.91
  Total Due:       KES 14,237,655.94

Payment is due by 2026-07-22."
DOC-DEM-00173,Demand Notice,"KENYA REVENUE AUTHORITY
FINAL DEMAND NOTICE

To: Maldonado and Sons
PIN: A91276928815B
Date: 2026-02-11
Payment Ref: KRA-PAY-21368286

TAKE NOTICE that you owe the Kenya Revenue Authority the following outstanding Excise Duty liabilities:

  Principal Tax:   KES 1,879,075.10
  Penalties:       KES 94,594.75
  Total Due:       KES 1,973,669.85

Payment is due by 2026-07-12."
DOC-DEM-00174,Demand Notice,"KENYA REVENUE AUTHORITY
FINAL DEMAND NOTICE

To: Holland-Palmer
PIN: A81938860109B
Date: 2026-03-08
Payment Ref: KRA-PAY-12689720

TAKE NOTICE that you owe the Kenya Revenue Authority the following outstanding Withholding Tax liabilities:

  Principal Tax:   KES 9,525,341.95
  Penalties:       KES 675,726.29
  Total Due:       KES 10,201,068.24

Payment is due by 2026-07-27."
DOC-DEM-00175,Demand Notice,"KENYA REVENUE AUTHORITY
FINAL DEMAND NOTICE

To: Hudson, Graves and Banks
PIN: A18260980755B
Date: 2026-01-13
Payment Ref: KRA-PAY-55511302

TAKE NOTICE that you owe the Kenya Revenue Authority the following outstanding PAYE liabilities:

  Principal Tax:   KES 3,435,957.67
  Penalties:       KES 206,118.54
  Total Due:       KES 3,642,076.21

Payment is due by 2026-07-19."
DOC-DEM-00176,Demand Notice,"KENYA REVENUE AUTHORITY
FINAL DEMAND NOTICE

To: Clements-Williamson
PIN: A40489547353B
Date: 2026-06-15
Payment Ref: KRA-PAY-31609085

TAKE NOTICE that you owe the Kenya Revenue Authority the following outstanding VAT liabilities:

  Principal Tax:   KES 12,901,695.77
  Penalties:       KES 599,950.13
  Total Due:       KES 13,501,645.90

Payment is due by 2026-07-19."
DOC-DEM-00177,Demand Notice,"KENYA REVENUE AUTHORITY
FINAL DEMAND NOTICE

To: Sutton-Smith
PIN: A92858840709B
Date: 2026-04-15
Payment Ref: KRA-PAY-37215388

TAKE NOTICE that you owe the Kenya Revenue Authority the following outstanding Income Tax liabilities:

  Principal Tax:   KES 17,896,876.33
  Penalties:       KES 1,673,933.81
  Total Due:       KES 19,570,810.14

Payment is due by 2026-07-06."
DOC-DEM-00178,Demand Notice,"KENYA REVENUE AUTHORITY
FINAL DEMAND NOTICE

To: Smith-Reynolds
PIN: A25213567927B
Date: 2026-05-23
Payment Ref: KRA-PAY-46624425

TAKE NOTICE that you owe the Kenya Revenue Authority the following outstanding Excise Duty liabilities:

  Principal Tax:   KES 4,236,226.95
  Penalties:       KES 378,927.75
  Total Due:       KES 4,615,154.70

Payment is due by 2026-07-18."
DOC-DEM-00179,Demand Notice,"KENYA REVENUE AUTHORITY
FINAL DEMAND NOTICE

To: Hudson, Johnson and Schultz
PIN: A96091452382B
Date: 2026-02-08
Payment Ref: KRA-PAY-88971486

TAKE NOTICE that you owe the Kenya Revenue Authority the following outstanding VAT liabilities:

  Principal Tax:   KES 9,515,250.75
  Penalties:       KES 225,748.92
  Total Due:       KES 9,740,999.67

Payment is due by 2026-07-16."
DOC-DEM-00180,Demand Notice,"KENYA REVENUE AUTHORITY
FINAL DEMAND NOTICE

To: Santana-Hernandez
PIN: A12610510810B
Date: 2026-02-18
Payment Ref: KRA-PAY-10600560

TAKE NOTICE that you owe the Kenya Revenue Authority the following outstanding Excise Duty liabilities:

  Principal Tax:   KES 13,691,730.58
  Penalties:       KES 580,937.95
  Total Due:       KES 14,272,668.53

Payment is due by 2026-07-16."
DOC-DEM-00181,Demand Notice,"KENYA REVENUE AUTHORITY
FINAL DEMAND NOTICE

To: Martinez, Smith and Smith
PIN: A36757021486B
Date: 2026-01-09
Payment Ref: KRA-PAY-80372328

TAKE NOTICE that you owe the Kenya Revenue Authority the following outstanding Customs Duty liabilities:

  Principal Tax:   KES 11,274,562.18
  Penalties:       KES 255,167.50
  Total Due:       KES 11,529,729.68

Payment is due by 2026-07-22."
DOC-DEM-00182,Demand Notice,"KENYA REVENUE AUTHORITY
FINAL DEMAND NOTICE

To: Cunningham-Norton
PIN: A97205185121B
Date: 2026-05-28
Payment Ref: KRA-PAY-87039842

TAKE NOTICE that you owe the Kenya Revenue Authority the following outstanding Income Tax liabilities:

  Principal Tax:   KES 323,005.32
  Penalties:       KES 11,813.16
  Total Due:       KES 334,818.48

Payment is due by 2026-07-06."
DOC-DEM-00183,Demand Notice,"KENYA REVENUE AUTHORITY
FINAL DEMAND NOTICE

To: Campbell-Rubio
PIN: A32256051616B
Date: 2026-03-28
Payment Ref: KRA-PAY-58354067

TAKE NOTICE that you owe the Kenya Revenue Authority the following outstanding PAYE liabilities:

  Principal Tax:   KES 15,047,566.85
  Penalties:       KES 1,158,917.13
  Total Due:       KES 16,206,483.98

Payment is due by 2026-07-26."
DOC-DEM-00184,Demand Notice,"KENYA REVENUE AUTHORITY
FINAL DEMAND NOTICE

To: Henderson LLC
PIN: A22686613671B
Date: 2026-01-11
Payment Ref: KRA-PAY-73427277

TAKE NOTICE that you owe the Kenya Revenue Authority the following outstanding Excise Duty liabilities:

  Principal Tax:   KES 18,578,210.06
  Penalties:       KES 816,366.51
  Total Due:       KES 19,394,576.57

Payment is due by 2026-07-06."
DOC-DEM-00185,Demand Notice,"KENYA REVENUE AUTHORITY
FINAL DEMAND NOTICE

To: Snyder PLC
PIN: A03201967213B
Date: 2026-02-16
Payment Ref: KRA-PAY-73792583

TAKE NOTICE that you owe the Kenya Revenue Authority the following outstanding PAYE liabilities:

  Principal Tax:   KES 4,817,039.16
  Penalties:       KES 417,984.34
  Total Due:       KES 5,235,023.50

Payment is due by 2026-07-05."
DOC-DEM-00186,Demand Notice,"KENYA REVENUE AUTHORITY
FINAL DEMAND NOTICE

To: Finley Ltd
PIN: A74803751410B
Date: 2026-06-07
Payment Ref: KRA-PAY-58911925

TAKE NOTICE that you owe the Kenya Revenue Authority the following outstanding PAYE liabilities:

  Principal Tax:   KES 13,543,928.97
  Penalties:       KES 856,585.71
  Total Due:       KES 14,400,514.68

Payment is due by 2026-07-23."
DOC-DEM-00187,Demand Notice,"KENYA REVENUE AUTHORITY
FINAL DEMAND NOTICE

To: Jordan, Smith and James
PIN: A94003578097B
Date: 2026-05-05
Payment Ref: KRA-PAY-72786170

TAKE NOTICE that you owe the Kenya Revenue Authority the following outstanding Withholding Tax liabilities:

  Principal Tax:   KES 15,114,629.20
  Penalties:       KES 471,516.69
  Total Due:       KES 15,586,145.89

Payment is due by 2026-07-16."
DOC-DEM-00188,Demand Notice,"KENYA REVENUE AUTHORITY
FINAL DEMAND NOTICE

To: Lopez-James
PIN: A46826425734B
Date: 2026-04-29
Payment Ref: KRA-PAY-98806727

TAKE NOTICE that you owe the Kenya Revenue Authority the following outstanding Customs Duty liabilities:

  Principal Tax:   KES 14,486,029.77
  Penalties:       KES 870,080.61
  Total Due:       KES 15,356,110.38

Payment is due by 2026-07-24."
DOC-DEM-00189,Demand Notice,"KENYA REVENUE AUTHORITY
FINAL DEMAND NOTICE

To: Day-Carlson
PIN: A14102010100B
Date: 2026-04-24
Payment Ref: KRA-PAY-68410274

TAKE NOTICE that you owe the Kenya Revenue Authority the following outstanding VAT liabilities:

  Principal Tax:   KES 1,083,391.67
  Penalties:       KES 59,550.86
  Total Due:       KES 1,142,942.53

Payment is due by 2026-07-22."
DOC-DEM-00190,Demand Notice,"KENYA REVENUE AUTHORITY
FINAL DEMAND NOTICE

To: Cooper PLC
PIN: A21425001313B
Date: 2026-06-25
Payment Ref: KRA-PAY-47899478

TAKE NOTICE that you owe the Kenya Revenue Authority the following outstanding Excise Duty liabilities:

  Principal Tax:   KES 6,818,449.00
  Penalties:       KES 555,843.05
  Total Due:       KES 7,374,292.05

Payment is due by 2026-07-14."
DOC-DEM-00191,Demand Notice,"KENYA REVENUE AUTHORITY
FINAL DEMAND NOTICE

To: Smith, Rodriguez and Russell
PIN: A04786692453B
Date: 2026-05-22
Payment Ref: KRA-PAY-93533229

TAKE NOTICE that you owe the Kenya Revenue Authority the following outstanding VAT liabilities:

  Principal Tax:   KES 7,940,093.96
  Penalties:       KES 650,169.78
  Total Due:       KES 8,590,263.74

Payment is due by 2026-07-23."
DOC-DEM-00192,Demand Notice,"KENYA REVENUE AUTHORITY
FINAL DEMAND NOTICE

To: Torres and Sons
PIN: A56394228373B
Date: 2026-03-02
Payment Ref: KRA-PAY-23298604

TAKE NOTICE that you owe the Kenya Revenue Authority the following outstanding PAYE liabilities:

  Principal Tax:   KES 12,686,117.72
  Penalties:       KES 1,048,937.07
  Total Due:       KES 13,735,054.79

Payment is due by 2026-07-14."
DOC-DEM-00193,Demand Notice,"KENYA REVENUE AUTHORITY
FINAL DEMAND NOTICE

To: Johnson and Sons
PIN: A94257764513B
Date: 2026-04-28
Payment Ref: KRA-PAY-73631173

TAKE NOTICE that you owe the Kenya Revenue Authority the following outstanding PAYE liabilities:

  Principal Tax:   KES 9,817,163.09
  Penalties:       KES 475,787.79
  Total Due:       KES 10,292,950.88

Payment is due by 2026-07-11."
DOC-DEM-00194,Demand Notice,"KENYA REVENUE AUTHORITY
FINAL DEMAND NOTICE

To: Rodriguez-Gray
PIN: A24272021880B
Date: 2026-04-24
Payment Ref: KRA-PAY-66446996

TAKE NOTICE that you owe the Kenya Revenue Authority the following outstanding Withholding Tax liabilities:

  Principal Tax:   KES 8,642,640.45
  Penalties:       KES 642,801.47
  Total Due:       KES 9,285,441.92

Payment is due by 2026-07-14."
DOC-DEM-00195,Demand Notice,"KENYA REVENUE AUTHORITY
FINAL DEMAND NOTICE

To: Nichols-Cardenas
PIN: A22449370605B
Date: 2026-05-13
Payment Ref: KRA-PAY-18561258

TAKE NOTICE that you owe the Kenya Revenue Authority the following outstanding Customs Duty liabilities:

  Principal Tax:   KES 7,607,653.54
  Penalties:       KES 622,103.64
  Total Due:       KES 8,229,757.18

Payment is due by 2026-07-31."
DOC-DEM-00196,Demand Notice,"KENYA REVENUE AUTHORITY
FINAL DEMAND NOTICE

To: May, Kelly and Jones
PIN: A40787146936B
Date: 2026-05-15
Payment Ref: KRA-PAY-85367792

TAKE NOTICE that you owe the Kenya Revenue Authority the following outstanding VAT liabilities:

  Principal Tax:   KES 15,963,122.92
  Penalties:       KES 1,229,937.59
  Total Due:       KES 17,193,060.51

Payment is due by 2026-07-29."
DOC-DEM-00197,Demand Notice,"KENYA REVENUE AUTHORITY
FINAL DEMAND NOTICE

To: Reese, Howe and Vasquez
PIN: A09559894993B
Date: 2026-03-28
Payment Ref: KRA-PAY-99361381

TAKE NOTICE that you owe the Kenya Revenue Authority the following outstanding Withholding Tax liabilities:

  Principal Tax:   KES 5,366,760.90
  Penalties:       KES 270,484.75
  Total Due:       KES 5,637,245.65

Payment is due by 2026-07-23."
DOC-DEM-00198,Demand Notice,"KENYA REVENUE AUTHORITY
FINAL DEMAND NOTICE

To: Finley-Griffin
PIN: A13318762777B
Date: 2026-01-19
Payment Ref: KRA-PAY-59301939

TAKE NOTICE that you owe the Kenya Revenue Authority the following outstanding Customs Duty liabilities:

  Principal Tax:   KES 3,093,995.04
  Penalties:       KES 158,318.98
  Total Due:       KES 3,252,314.02

Payment is due by 2026-08-01."
DOC-DEM-00199,Demand Notice,"KENYA REVENUE AUTHORITY
FINAL DEMAND NOTICE

To: Moore Inc
PIN: A51038216269B
Date: 2026-03-14
Payment Ref: KRA-PAY-38206810

TAKE NOTICE that you owe the Kenya Revenue Authority the following outstanding Customs Duty liabilities:

  Principal Tax:   KES 2,139,952.85
  Penalties:       KES 43,688.46
  Total Due:       KES 2,183,641.31

Payment is due by 2026-07-31."
DOC-DEM-00200,Demand Notice,"KENYA REVENUE AUTHORITY
FINAL DEMAND NOTICE

To: Smith Group
PIN: A98852828566B
Date: 2026-02-16
Payment Ref: KRA-PAY-01768600

TAKE NOTICE that you owe the Kenya Revenue Authority the following outstanding VAT liabilities:

  Principal Tax:   KES 8,900,269.94
  Penalties:       KES 720,100.54
  Total Due:       KES 9,620,370.48

Payment is due by 2026-07-25."
DOC-DEM-00201,Demand Notice,"KENYA REVENUE AUTHORITY
FINAL DEMAND NOTICE

To: Buchanan Inc
PIN: A28170323261B
Date: 2026-06-16
Payment Ref: KRA-PAY-74793846

TAKE NOTICE that you owe the Kenya Revenue Authority the following outstanding PAYE liabilities:

  Principal Tax:   KES 2,658,815.02
  Penalties:       KES 93,035.51
  Total Due:       KES 2,751,850.53

Payment is due by 2026-07-21."
DOC-DEM-00202,Demand Notice,"KENYA REVENUE AUTHORITY
FINAL DEMAND NOTICE

To: Humphrey-Jimenez
PIN: A77750145566B
Date: 2026-02-09
Payment Ref: KRA-PAY-22971599

TAKE NOTICE that you owe the Kenya Revenue Authority the following outstanding VAT liabilities:

  Principal Tax:   KES 11,144,130.79
  Penalties:       KES 679,739.24
  Total Due:       KES 11,823,870.03

Payment is due by 2026-07-31."
DOC-DEM-00203,Demand Notice,"KENYA REVENUE AUTHORITY
FINAL DEMAND NOTICE

To: Hoffman, Butler and Morris
PIN: A42966664703B
Date: 2026-06-04
Payment Ref: KRA-PAY-85682492

TAKE NOTICE that you owe the Kenya Revenue Authority the following outstanding VAT liabilities:

  Principal Tax:   KES 534,975.46
  Penalties:       KES 25,846.35
  Total Due:       KES 560,821.81

Payment is due by 2026-07-15."
DOC-DEM-00204,Demand Notice,"KENYA REVENUE AUTHORITY
FINAL DEMAND NOTICE

To: Sampson-Juarez
PIN: A14895964403B
Date: 2026-04-22
Payment Ref: KRA-PAY-45661864

TAKE NOTICE that you owe the Kenya Revenue Authority the following outstanding PAYE liabilities:

  Principal Tax:   KES 11,942,521.86
  Penalties:       KES 988,304.57
  Total Due:       KES 12,930,826.43

Payment is due by 2026-07-07."
DOC-DEM-00205,Demand Notice,"KENYA REVENUE AUTHORITY
FINAL DEMAND NOTICE

To: Chambers LLC
PIN: A70429257089B
Date: 2026-04-07
Payment Ref: KRA-PAY-32819023

TAKE NOTICE that you owe the Kenya Revenue Authority the following outstanding VAT liabilities:

  Principal Tax:   KES 256,688.89
  Penalties:       KES 13,631.41
  Total Due:       KES 270,320.30

Payment is due by 2026-07-12."
DOC-DEM-00206,Demand Notice,"KENYA REVENUE AUTHORITY
FINAL DEMAND NOTICE

To: Garcia, Young and Anderson
PIN: A23075993606B
Date: 2026-04-15
Payment Ref: KRA-PAY-10012154

TAKE NOTICE that you owe the Kenya Revenue Authority the following outstanding Income Tax liabilities:

  Principal Tax:   KES 14,499,628.44
  Penalties:       KES 939,038.33
  Total Due:       KES 15,438,666.77

Payment is due by 2026-07-09."
DOC-DEM-00207,Demand Notice,"KENYA REVENUE AUTHORITY
FINAL DEMAND NOTICE

To: Torres LLC
PIN: A00168540804B
Date: 2026-05-24
Payment Ref: KRA-PAY-92945959

TAKE NOTICE that you owe the Kenya Revenue Authority the following outstanding PAYE liabilities:

  Principal Tax:   KES 11,443,489.01
  Penalties:       KES 384,119.41
  Total Due:       KES 11,827,608.42

Payment is due by 2026-07-10."
DOC-DEM-00208,Demand Notice,"KENYA REVENUE AUTHORITY
FINAL DEMAND NOTICE

To: Huber-Mckee
PIN: A50107202437B
Date: 2026-01-01
Payment Ref: KRA-PAY-06889701

TAKE NOTICE that you owe the Kenya Revenue Authority the following outstanding Customs Duty liabilities:

  Principal Tax:   KES 3,398,339.89
  Penalties:       KES 141,077.04
  Total Due:       KES 3,539,416.93

Payment is due by 2026-07-24."
DOC-DEM-00209,Demand Notice,"KENYA REVENUE AUTHORITY
FINAL DEMAND NOTICE

To: Armstrong, Smith and Harris
PIN: A49665614893B
Date: 2026-04-06
Payment Ref: KRA-PAY-05661992

TAKE NOTICE that you owe the Kenya Revenue Authority the following outstanding PAYE liabilities:

  Principal Tax:   KES 9,867,547.60
  Penalties:       KES 247,294.28
  Total Due:       KES 10,114,841.88

Payment is due by 2026-07-31."
DOC-DEM-00210,Demand Notice,"KENYA REVENUE AUTHORITY
FINAL DEMAND NOTICE

To: Erickson-Ray
PIN: A87279186827B
Date: 2026-04-21
Payment Ref: KRA-PAY-63836733

TAKE NOTICE that you owe the Kenya Revenue Authority the following outstanding VAT liabilities:

  Principal Tax:   KES 5,526,477.81
  Penalties:       KES 243,055.49
  Total Due:       KES 5,769,533.30

Payment is due by 2026-07-31."
DOC-DEM-00211,Demand Notice,"KENYA REVENUE AUTHORITY
FINAL DEMAND NOTICE

To: Salazar Ltd
PIN: A10166914598B
Date: 2026-02-10
Payment Ref: KRA-PAY-90872134

TAKE NOTICE that you owe the Kenya Revenue Authority the following outstanding Withholding Tax liabilities:

  Principal Tax:   KES 7,228,887.00
  Penalties:       KES 690,631.84
  Total Due:       KES 7,919,518.84

Payment is due by 2026-07-24."
DOC-DEM-00212,Demand Notice,"KENYA REVENUE AUTHORITY
FINAL DEMAND NOTICE

To: Cain-Thomas
PIN: A96529678784B
Date: 2026-01-14
Payment Ref: KRA-PAY-36556086

TAKE NOTICE that you owe the Kenya Revenue Authority the following outstanding Income Tax liabilities:

  Principal Tax:   KES 12,504,423.42
  Penalties:       KES 844,105.00
  Total Due:       KES 13,348,528.42

Payment is due by 2026-07-13."
DOC-DEM-00213,Demand Notice,"KENYA REVENUE AUTHORITY
FINAL DEMAND NOTICE

To: Barnes, Shaw and Conley
PIN: A23963324303B
Date: 2026-03-15
Payment Ref: KRA-PAY-46251426

TAKE NOTICE that you owe the Kenya Revenue Authority the following outstanding VAT liabilities:

  Principal Tax:   KES 9,162,654.04
  Penalties:       KES 282,568.57
  Total Due:       KES 9,445,222.61

Payment is due by 2026-07-24."
DOC-DEM-00214,Demand Notice,"KENYA REVENUE AUTHORITY
FINAL DEMAND NOTICE

To: Jones Group
PIN: A93678216271B
Date: 2026-06-07
Payment Ref: KRA-PAY-76663826

TAKE NOTICE that you owe the Kenya Revenue Authority the following outstanding Excise Duty liabilities:

  Principal Tax:   KES 18,976,981.01
  Penalties:       KES 883,898.00
  Total Due:       KES 19,860,879.01

Payment is due by 2026-07-06."
DOC-DEM-00215,Demand Notice,"KENYA REVENUE AUTHORITY
FINAL DEMAND NOTICE

To: Brown, Dunn and Reyes
PIN: A81640581987B
Date: 2026-02-02
Payment Ref: KRA-PAY-39373502

TAKE NOTICE that you owe the Kenya Revenue Authority the following outstanding PAYE liabilities:

  Principal Tax:   KES 7,604,000.22
  Penalties:       KES 676,572.50
  Total Due:       KES 8,280,572.72

Payment is due by 2026-07-03."
DOC-DEM-00216,Demand Notice,"KENYA REVENUE AUTHORITY
FINAL DEMAND NOTICE

To: Bentley Group
PIN: A58858572113B
Date: 2026-01-21
Payment Ref: KRA-PAY-27817111

TAKE NOTICE that you owe the Kenya Revenue Authority the following outstanding Withholding Tax liabilities:

  Principal Tax:   KES 6,701,377.11
  Penalties:       KES 571,212.23
  Total Due:       KES 7,272,589.34

Payment is due by 2026-07-15."
DOC-DEM-00217,Demand Notice,"KENYA REVENUE AUTHORITY
FINAL DEMAND NOTICE

To: Williams, Smith and Rogers
PIN: A25485817355B
Date: 2026-01-04
Payment Ref: KRA-PAY-17660804

TAKE NOTICE that you owe the Kenya Revenue Authority the following outstanding Customs Duty liabilities:

  Principal Tax:   KES 19,484,765.28
  Penalties:       KES 601,883.58
  Total Due:       KES 20,086,648.86

Payment is due by 2026-07-20."
DOC-DEM-00218,Demand Notice,"KENYA REVENUE AUTHORITY
FINAL DEMAND NOTICE

To: Maxwell PLC
PIN: A55079832020B
Date: 2026-03-24
Payment Ref: KRA-PAY-52939360

TAKE NOTICE that you owe the Kenya Revenue Authority the following outstanding PAYE liabilities:

  Principal Tax:   KES 12,068,193.26
  Penalties:       KES 912,637.61
  Total Due:       KES 12,980,830.87

Payment is due by 2026-07-20."
DOC-DEM-00219,Demand Notice,"KENYA REVENUE AUTHORITY
FINAL DEMAND NOTICE

To: Franklin-Roth
PIN: A00479042955B
Date: 2026-03-08
Payment Ref: KRA-PAY-55372922

TAKE NOTICE that you owe the Kenya Revenue Authority the following outstanding Customs Duty liabilities:

  Principal Tax:   KES 6,290,523.79
  Penalties:       KES 611,224.84
  Total Due:       KES 6,901,748.63

Payment is due by 2026-07-21."
DOC-DEM-00220,Demand Notice,"KENYA REVENUE AUTHORITY
FINAL DEMAND NOTICE

To: Steele-Sanders
PIN: A55232732738B
Date: 2026-02-19
Payment Ref: KRA-PAY-57871699

TAKE NOTICE that you owe the Kenya Revenue Authority the following outstanding PAYE liabilities:

  Principal Tax:   KES 5,836,048.55
  Penalties:       KES 441,185.55
  Total Due:       KES 6,277,234.10

Payment is due by 2026-07-18."
DOC-DEM-00221,Demand Notice,"KENYA REVENUE AUTHORITY
FINAL DEMAND NOTICE

To: Morales-Wilson
PIN: A06831478121B
Date: 2026-03-28
Payment Ref: KRA-PAY-17395206

TAKE NOTICE that you owe the Kenya Revenue Authority the following outstanding Customs Duty liabilities:

  Principal Tax:   KES 19,355,584.08
  Penalties:       KES 1,597,957.33
  Total Due:       KES 20,953,541.41

Payment is due by 2026-07-07."
DOC-DEM-00222,Demand Notice,"KENYA REVENUE AUTHORITY
FINAL DEMAND NOTICE

To: Brown, Adams and Ford
PIN: A77199608673B
Date: 2026-04-02
Payment Ref: KRA-PAY-62609104

TAKE NOTICE that you owe the Kenya Revenue Authority the following outstanding PAYE liabilities:

  Principal Tax:   KES 7,527,345.49
  Penalties:       KES 642,229.81
  Total Due:       KES 8,169,575.30

Payment is due by 2026-07-07."
DOC-DEM-00223,Demand Notice,"KENYA REVENUE AUTHORITY
FINAL DEMAND NOTICE

To: Green-Golden
PIN: A98210397682B
Date: 2026-05-26
Payment Ref: KRA-PAY-51704420

TAKE NOTICE that you owe the Kenya Revenue Authority the following outstanding Income Tax liabilities:

  Principal Tax:   KES 7,306,660.59
  Penalties:       KES 690,957.08
  Total Due:       KES 7,997,617.67

Payment is due by 2026-07-10."
DOC-DEM-00224,Demand Notice,"KENYA REVENUE AUTHORITY
FINAL DEMAND NOTICE

To: Curry PLC
PIN: A49419835922B
Date: 2026-03-30
Payment Ref: KRA-PAY-74941891

TAKE NOTICE that you owe the Kenya Revenue Authority the following outstanding Withholding Tax liabilities:

  Principal Tax:   KES 11,848,618.41
  Penalties:       KES 754,168.43
  Total Due:       KES 12,602,786.84

Payment is due by 2026-07-12."
DOC-DEM-00225,Demand Notice,"KENYA REVENUE AUTHORITY
FINAL DEMAND NOTICE

To: Lambert, Martinez and Owens
PIN: A82897894712B
Date: 2026-04-25
Payment Ref: KRA-PAY-31052734

TAKE NOTICE that you owe the Kenya Revenue Authority the following outstanding Withholding Tax liabilities:

  Principal Tax:   KES 15,354,681.98
  Penalties:       KES 340,156.70
  Total Due:       KES 15,694,838.68

Payment is due by 2026-07-20."
DOC-DEM-00226,Demand Notice,"KENYA REVENUE AUTHORITY
FINAL DEMAND NOTICE

To: Meyer, Santiago and Rose
PIN: A46526151216B
Date: 2026-05-02
Payment Ref: KRA-PAY-88515057

TAKE NOTICE that you owe the Kenya Revenue Authority the following outstanding PAYE liabilities:

  Principal Tax:   KES 9,237,828.23
  Penalties:       KES 708,258.42
  Total Due:       KES 9,946,086.65

Payment is due by 2026-07-12."
DOC-DEM-00227,Demand Notice,"KENYA REVENUE AUTHORITY
FINAL DEMAND NOTICE

To: Mcmillan Group
PIN: A28123221243B
Date: 2026-06-30
Payment Ref: KRA-PAY-13330365

TAKE NOTICE that you owe the Kenya Revenue Authority the following outstanding VAT liabilities:

  Principal Tax:   KES 15,955,733.57
  Penalties:       KES 1,380,211.56
  Total Due:       KES 17,335,945.13

Payment is due by 2026-07-10."
DOC-DEM-00228,Demand Notice,"KENYA REVENUE AUTHORITY
FINAL DEMAND NOTICE

To: Wagner-Jones
PIN: A34390817237B
Date: 2026-03-18
Payment Ref: KRA-PAY-15183141

TAKE NOTICE that you owe the Kenya Revenue Authority the following outstanding PAYE liabilities:

  Principal Tax:   KES 16,381,121.70
  Penalties:       KES 1,370,322.55
  Total Due:       KES 17,751,444.25

Payment is due by 2026-07-27."
DOC-DEM-00229,Demand Notice,"KENYA REVENUE AUTHORITY
FINAL DEMAND NOTICE

To: Thomas LLC
PIN: A87114921875B
Date: 2026-03-04
Payment Ref: KRA-PAY-83520773

TAKE NOTICE that you owe the Kenya Revenue Authority the following outstanding Customs Duty liabilities:

  Principal Tax:   KES 13,462,823.27
  Penalties:       KES 419,155.98
  Total Due:       KES 13,881,979.25

Payment is due by 2026-07-19."
DOC-DEM-00230,Demand Notice,"KENYA REVENUE AUTHORITY
FINAL DEMAND NOTICE

To: Davis-Murphy
PIN: A71628293490B
Date: 2026-06-24
Payment Ref: KRA-PAY-18985073

TAKE NOTICE that you owe the Kenya Revenue Authority the following outstanding Withholding Tax liabilities:

  Principal Tax:   KES 4,848,003.14
  Penalties:       KES 352,416.07
  Total Due:       KES 5,200,419.21

Payment is due by 2026-07-14."
DOC-DEM-00231,Demand Notice,"KENYA REVENUE AUTHORITY
FINAL DEMAND NOTICE

To: Dennis LLC
PIN: A05738909625B
Date: 2026-03-06
Payment Ref: KRA-PAY-65838959

TAKE NOTICE that you owe the Kenya Revenue Authority the following outstanding PAYE liabilities:

  Principal Tax:   KES 8,468,327.82
  Penalties:       KES 424,765.10
  Total Due:       KES 8,893,092.92

Payment is due by 2026-08-01."
DOC-DEM-00232,Demand Notice,"KENYA REVENUE AUTHORITY
FINAL DEMAND NOTICE

To: Fox Inc
PIN: A79001169341B
Date: 2026-01-09
Payment Ref: KRA-PAY-25329801

TAKE NOTICE that you owe the Kenya Revenue Authority the following outstanding PAYE liabilities:

  Principal Tax:   KES 19,814,105.28
  Penalties:       KES 1,155,930.65
  Total Due:       KES 20,970,035.93

Payment is due by 2026-07-19."
DOC-DEM-00233,Demand Notice,"KENYA REVENUE AUTHORITY
FINAL DEMAND NOTICE

To: Cole, Davis and Sharp
PIN: A22644775598B
Date: 2026-02-22
Payment Ref: KRA-PAY-22382649

TAKE NOTICE that you owe the Kenya Revenue Authority the following outstanding Withholding Tax liabilities:

  Principal Tax:   KES 10,692,004.35
  Penalties:       KES 1,003,761.74
  Total Due:       KES 11,695,766.09

Payment is due by 2026-07-20."
DOC-DEM-00234,Demand Notice,"KENYA REVENUE AUTHORITY
FINAL DEMAND NOTICE

To: Anderson, Cunningham and Jones
PIN: A01126238376B
Date: 2026-02-14
Payment Ref: KRA-PAY-90797490

TAKE NOTICE that you owe the Kenya Revenue Authority the following outstanding Customs Duty liabilities:

  Principal Tax:   KES 8,371,830.84
  Penalties:       KES 192,059.96
  Total Due:       KES 8,563,890.80

Payment is due by 2026-07-09."
DOC-DEM-00235,Demand Notice,"KENYA REVENUE AUTHORITY
FINAL DEMAND NOTICE

To: Martinez PLC
PIN: A54468312953B
Date: 2026-01-21
Payment Ref: KRA-PAY-98185568

TAKE NOTICE that you owe the Kenya Revenue Authority the following outstanding Excise Duty liabilities:

  Principal Tax:   KES 14,035,669.40
  Penalties:       KES 1,192,803.93
  Total Due:       KES 15,228,473.33

Payment is due by 2026-07-20."
DOC-DEM-00236,Demand Notice,"KENYA REVENUE AUTHORITY
FINAL DEMAND NOTICE

To: Saunders LLC
PIN: A90081496581B
Date: 2026-07-01
Payment Ref: KRA-PAY-63293740

TAKE NOTICE that you owe the Kenya Revenue Authority the following outstanding Income Tax liabilities:

  Principal Tax:   KES 12,767,225.54
  Penalties:       KES 342,143.19
  Total Due:       KES 13,109,368.73

Payment is due by 2026-07-19."
DOC-DEM-00237,Demand Notice,"KENYA REVENUE AUTHORITY
FINAL DEMAND NOTICE

To: Howard Inc
PIN: A08443347817B
Date: 2026-05-30
Payment Ref: KRA-PAY-73509811

TAKE NOTICE that you owe the Kenya Revenue Authority the following outstanding Withholding Tax liabilities:

  Principal Tax:   KES 13,155,456.88
  Penalties:       KES 636,733.39
  Total Due:       KES 13,792,190.27

Payment is due by 2026-07-16."
DOC-DEM-00238,Demand Notice,"KENYA REVENUE AUTHORITY
FINAL DEMAND NOTICE

To: Palmer, Washington and Howard
PIN: A88388740996B
Date: 2026-03-14
Payment Ref: KRA-PAY-13848590

TAKE NOTICE that you owe the Kenya Revenue Authority the following outstanding Withholding Tax liabilities:

  Principal Tax:   KES 12,257,431.27
  Penalties:       KES 797,439.35
  Total Due:       KES 13,054,870.62

Payment is due by 2026-07-29."
DOC-DEM-00239,Demand Notice,"KENYA REVENUE AUTHORITY
FINAL DEMAND NOTICE

To: Williams Ltd
PIN: A07049164431B
Date: 2026-06-24
Payment Ref: KRA-PAY-82374361

TAKE NOTICE that you owe the Kenya Revenue Authority the following outstanding Customs Duty liabilities:

  Principal Tax:   KES 13,552,663.20
  Penalties:       KES 704,324.04
  Total Due:       KES 14,256,987.24

Payment is due by 2026-07-15."
DOC-DEM-00240,Demand Notice,"KENYA REVENUE AUTHORITY
FINAL DEMAND NOTICE

To: Woods-Jimenez
PIN: A44983146580B
Date: 2026-07-02
Payment Ref: KRA-PAY-35860729

TAKE NOTICE that you owe the Kenya Revenue Authority the following outstanding VAT liabilities:

  Principal Tax:   KES 19,314,678.39
  Penalties:       KES 1,051,422.40
  Total Due:       KES 20,366,100.79

Payment is due by 2026-07-09."
DOC-DEM-00241,Demand Notice,"KENYA REVENUE AUTHORITY
FINAL DEMAND NOTICE

To: Mcneil, Jones and Fletcher
PIN: A89809372364B
Date: 2026-02-25
Payment Ref: KRA-PAY-16432796

TAKE NOTICE that you owe the Kenya Revenue Authority the following outstanding Withholding Tax liabilities:

  Principal Tax:   KES 1,981,145.11
  Penalties:       KES 74,808.21
  Total Due:       KES 2,055,953.32

Payment is due by 2026-07-11."
DOC-DEM-00242,Demand Notice,"KENYA REVENUE AUTHORITY
FINAL DEMAND NOTICE

To: Gray-Harrison
PIN: A28575060833B
Date: 2026-02-22
Payment Ref: KRA-PAY-46614800

TAKE NOTICE that you owe the Kenya Revenue Authority the following outstanding Excise Duty liabilities:

  Principal Tax:   KES 10,380,767.36
  Penalties:       KES 689,713.38
  Total Due:       KES 11,070,480.74

Payment is due by 2026-07-28."
DOC-DEM-00243,Demand Notice,"KENYA REVENUE AUTHORITY
FINAL DEMAND NOTICE

To: Long PLC
PIN: A16943776719B
Date: 2026-04-16
Payment Ref: KRA-PAY-27217137

TAKE NOTICE that you owe the Kenya Revenue Authority the following outstanding PAYE liabilities:

  Principal Tax:   KES 4,428,424.41
  Penalties:       KES 221,109.31
  Total Due:       KES 4,649,533.72

Payment is due by 2026-07-15."
DOC-DEM-00244,Demand Notice,"KENYA REVENUE AUTHORITY
FINAL DEMAND NOTICE

To: Morrison-Newton
PIN: A49935819982B
Date: 2026-06-04
Payment Ref: KRA-PAY-85358871

TAKE NOTICE that you owe the Kenya Revenue Authority the following outstanding Excise Duty liabilities:

  Principal Tax:   KES 15,449,121.23
  Penalties:       KES 1,036,438.23
  Total Due:       KES 16,485,559.46

Payment is due by 2026-07-07."
DOC-DEM-00245,Demand Notice,"KENYA REVENUE AUTHORITY
FINAL DEMAND NOTICE

To: Perez-Powell
PIN: A07727406723B
Date: 2026-01-12
Payment Ref: KRA-PAY-64698142

TAKE NOTICE that you owe the Kenya Revenue Authority the following outstanding PAYE liabilities:

  Principal Tax:   KES 3,023,391.20
  Penalties:       KES 301,783.48
  Total Due:       KES 3,325,174.68

Payment is due by 2026-07-25."
DOC-DEM-00246,Demand Notice,"KENYA REVENUE AUTHORITY
FINAL DEMAND NOTICE

To: Villanueva Group
PIN: A93733761249B
Date: 2026-06-06
Payment Ref: KRA-PAY-63073086

TAKE NOTICE that you owe the Kenya Revenue Authority the following outstanding VAT liabilities:

  Principal Tax:   KES 2,099,941.67
  Penalties:       KES 111,880.76
  Total Due:       KES 2,211,822.43

Payment is due by 2026-07-17."
DOC-DEM-00247,Demand Notice,"KENYA REVENUE AUTHORITY
FINAL DEMAND NOTICE

To: Mejia-Jackson
PIN: A12551663774B
Date: 2026-05-17
Payment Ref: KRA-PAY-23175246

TAKE NOTICE that you owe the Kenya Revenue Authority the following outstanding Income Tax liabilities:

  Principal Tax:   KES 2,330,226.07
  Penalties:       KES 221,963.57
  Total Due:       KES 2,552,189.64

Payment is due by 2026-07-26."
DOC-DEM-00248,Demand Notice,"KENYA REVENUE AUTHORITY
FINAL DEMAND NOTICE

To: Olson-Reynolds
PIN: A48466146354B
Date: 2026-01-29
Payment Ref: KRA-PAY-41797567

TAKE NOTICE that you owe the Kenya Revenue Authority the following outstanding Income Tax liabilities:

  Principal Tax:   KES 6,973,089.76
  Penalties:       KES 330,840.58
  Total Due:       KES 7,303,930.34

Payment is due by 2026-07-24."
DOC-DEM-00249,Demand Notice,"KENYA REVENUE AUTHORITY
FINAL DEMAND NOTICE

To: Johnson, Miller and Perez
PIN: A66693560457B
Date: 2026-06-12
Payment Ref: KRA-PAY-56874128

TAKE NOTICE that you owe the Kenya Revenue Authority the following outstanding VAT liabilities:

  Principal Tax:   KES 10,427,085.45
  Penalties:       KES 499,082.27
  Total Due:       KES 10,926,167.72

Payment is due by 2026-07-30."
DOC-RUL-00000,Tribunal Ruling,"TAX APPEALS TRIBUNAL
RULING

TAT CASE NO: TAT/7343/8906
Date: 2025-04-29

CORAM: Hon. R. Omondi (TAT Chair)

BETWEEN
SANCHEZ, RAMIREZ AND DAUGHERTY  ................. APPELLANT
AND
KENYA REVENUE AUTHORITY  ................. RESPONDENT

Having considered the submissions of both parties and the evidence on record, this Tribunal finds that Regulation 15 of the VAT Regulations 2017 was incorrectly applied by the Respondent.

DECISION: APPEAL DISMISSED.

Signed: Hon. Justice C. Wanjiku"
DOC-RUL-00001,Tribunal Ruling,"TAX APPEALS TRIBUNAL
RULING

TAT CASE NO: TAT/8864/5687
Date: 2026-02-03

CORAM: Hon. Justice C. Wanjiku

BETWEEN
GARDNER-RODRIGUEZ  ................. APPELLANT
AND
KENYA REVENUE AUTHORITY  ................. RESPONDENT

Having considered the submissions of both parties and the evidence on record, this Tribunal finds that Section 31 of the Value Added Tax Act was correctly applied by the Respondent.

DECISION: APPEAL ALLOWED.

Signed: Hon. Justice A. Mwangi"
DOC-RUL-00002,Tribunal Ruling,"TAX APPEALS TRIBUNAL
RULING

TAT CASE NO: TAT/1966/7825
Date: 2025-07-20

CORAM: Hon. R. Omondi (TAT Chair)

BETWEEN
BRYAN GROUP  ................. APPELLANT
AND
KENYA REVENUE AUTHORITY  ................. RESPONDENT

Having considered the submissions of both parties and the evidence on record, this Tribunal finds that Section 31 of the Value Added Tax Act was correctly applied by the Respondent.

DECISION: APPEAL DISMISSED.

Signed: Hon. R. Omondi (TAT Chair)"
DOC-RUL-00003,Tribunal Ruling,"TAX APPEALS TRIBUNAL
RULING

TAT CASE NO: TAT/5446/8611
Date: 2026-02-06

CORAM: Hon. J. Kariuki (TAT Member)

BETWEEN
DIAZ INC  ................. APPELLANT
AND
KENYA REVENUE AUTHORITY  ................. RESPONDENT

Having considered the submissions of both parties and the evidence on record, this Tribunal finds that Section 47 of the Income Tax Act was correctly applied by the Respondent.

DECISION: APPEAL ALLOWED.

Signed: Hon. Justice C. Wanjiku"
DOC-RUL-00004,Tribunal Ruling,"TAX APPEALS TRIBUNAL
RULING

TAT CASE NO: TAT/5709/7283
Date: 2026-04-30

CORAM: Hon. Justice D. Kiprop

BETWEEN
RICHARDS-OWENS  ................. APPELLANT
AND
KENYA REVENUE AUTHORITY  ................. RESPONDENT

Having considered the submissions of both parties and the evidence on record, this Tribunal finds that Section 58 of the East African Customs Management Act was correctly applied by the Respondent.

DECISION: APPEAL PARTIALLY ALLOWED.

Signed: Hon. Justice D. Kiprop"
DOC-RUL-00005,Tribunal Ruling,"TAX APPEALS TRIBUNAL
RULING

TAT CASE NO: TAT/5403/3258
Date: 2025-09-15

CORAM: Hon. Justice B. Ochieng

BETWEEN
GARCIA-IBARRA  ................. APPELLANT
AND
KENYA REVENUE AUTHORITY  ................. RESPONDENT

Having considered the submissions of both parties and the evidence on record, this Tribunal finds that Section 47 of the Income Tax Act was incorrectly applied by the Respondent.

DECISION: APPEAL PARTIALLY ALLOWED.

Signed: Hon. Justice D. Kiprop"
DOC-RUL-00006,Tribunal Ruling,"TAX APPEALS TRIBUNAL
RULING

TAT CASE NO: TAT/0476/3261
Date: 2024-08-31

CORAM: Hon. R. Omondi (TAT Chair)

BETWEEN
PETERSON-TURNER  ................. APPELLANT
AND
KENYA REVENUE AUTHORITY  ................. RESPONDENT

Having considered the submissions of both parties and the evidence on record, this Tribunal finds that Section 37 of the Tax Procedures Act was correctly applied by the Respondent.

DECISION: APPEAL ALLOWED.

Signed: Hon. Justice D. Kiprop"
DOC-RUL-00007,Tribunal Ruling,"TAX APPEALS TRIBUNAL
RULING

TAT CASE NO: TAT/6585/1490
Date: 2025-02-08

CORAM: Hon. Justice D. Kiprop

BETWEEN
PRICE-STONE  ................. APPELLANT
AND
KENYA REVENUE AUTHORITY  ................. RESPONDENT

Having considered the submissions of both parties and the evidence on record, this Tribunal finds that Section 58 of the East African Customs Management Act was correctly applied by the Respondent.

DECISION: APPEAL PARTIALLY ALLOWED.

Signed: Hon. R. Omondi (TAT Chair)"
DOC-RUL-00008,Tribunal Ruling,"TAX APPEALS TRIBUNAL
RULING

TAT CASE NO: TAT/1421/4710
Date: 2025-03-25

CORAM: Hon. Justice B. Ochieng

BETWEEN
PATRICK PLC  ................. APPELLANT
AND
KENYA REVENUE AUTHORITY  ................. RESPONDENT

Having considered the submissions of both parties and the evidence on record, this Tribunal finds that Section 12 of the Tax Appeals Tribunal Act was correctly applied by the Respondent.

DECISION: APPEAL ALLOWED.

Signed: Hon. J. Kariuki (TAT Member)"
DOC-RUL-00009,Tribunal Ruling,"TAX APPEALS TRIBUNAL
RULING

TAT CASE NO: TAT/6470/5663
Date: 2024-12-03

CORAM: Hon. J. Kariuki (TAT Member)

BETWEEN
BAKER-JONES  ................. APPELLANT
AND
KENYA REVENUE AUTHORITY  ................. RESPONDENT

Having considered the submissions of both parties and the evidence on record, this Tribunal finds that Section 47 of the Income Tax Act was incorrectly applied by the Respondent.

DECISION: APPEAL ALLOWED.

Signed: Hon. Justice C. Wanjiku"
DOC-RUL-00010,Tribunal Ruling,"TAX APPEALS TRIBUNAL
RULING

TAT CASE NO: TAT/2125/3975
Date: 2025-04-27

CORAM: Hon. Justice D. Kiprop

BETWEEN
CAMERON-ROBBINS  ................. APPELLANT
AND
KENYA REVENUE AUTHORITY  ................. RESPONDENT

Having considered the submissions of both parties and the evidence on record, this Tribunal finds that Section 31 of the Value Added Tax Act was incorrectly applied by the Respondent.

DECISION: APPEAL ALLOWED.

Signed: Hon. R. Omondi (TAT Chair)"
DOC-RUL-00011,Tribunal Ruling,"TAX APPEALS TRIBUNAL
RULING

TAT CASE NO: TAT/0201/2931
Date: 2025-07-29

CORAM: Hon. J. Kariuki (TAT Member)

BETWEEN
SOLOMON LLC  ................. APPELLANT
AND
KENYA REVENUE AUTHORITY  ................. RESPONDENT

Having considered the submissions of both parties and the evidence on record, this Tribunal finds that Regulation 15 of the VAT Regulations 2017 was incorrectly applied by the Respondent.

DECISION: APPEAL DISMISSED.

Signed: Hon. J. Kariuki (TAT Member)"
DOC-RUL-00012,Tribunal Ruling,"TAX APPEALS TRIBUNAL
RULING

TAT CASE NO: TAT/3952/3944
Date: 2025-11-09

CORAM: Hon. J. Kariuki (TAT Member)

BETWEEN
BURNS, CALDERON AND MORENO  ................. APPELLANT
AND
KENYA REVENUE AUTHORITY  ................. RESPONDENT

Having considered the submissions of both parties and the evidence on record, this Tribunal finds that Section 58 of the East African Customs Management Act was correctly applied by the Respondent.

DECISION: APPEAL DISMISSED.

Signed: Hon. Justice C. Wanjiku"
DOC-RUL-00013,Tribunal Ruling,"TAX APPEALS TRIBUNAL
RULING

TAT CASE NO: TAT/6404/6655
Date: 2025-06-13

CORAM: Hon. Justice D. Kiprop

BETWEEN
CANTRELL, JIMENEZ AND GARCIA  ................. APPELLANT
AND
KENYA REVENUE AUTHORITY  ................. RESPONDENT

Having considered the submissions of both parties and the evidence on record, this Tribunal finds that Section 37 of the Tax Procedures Act was correctly applied by the Respondent.

DECISION: APPEAL DISMISSED.

Signed: Hon. R. Omondi (TAT Chair)"
DOC-RUL-00014,Tribunal Ruling,"TAX APPEALS TRIBUNAL
RULING

TAT CASE NO: TAT/9775/7232
Date: 2025-06-30

CORAM: Hon. Justice C. Wanjiku

BETWEEN
PATTON, SMITH AND SCOTT  ................. APPELLANT
AND
KENYA REVENUE AUTHORITY  ................. RESPONDENT

Having considered the submissions of both parties and the evidence on record, this Tribunal finds that Section 37 of the Tax Procedures Act was correctly applied by the Respondent.

DECISION: APPEAL PARTIALLY ALLOWED.

Signed: Hon. R. Omondi (TAT Chair)"
DOC-RUL-00015,Tribunal Ruling,"TAX APPEALS TRIBUNAL
RULING

TAT CASE NO: TAT/9303/5320
Date: 2024-12-16

CORAM: Hon. Justice C. Wanjiku

BETWEEN
JONES GROUP  ................. APPELLANT
AND
KENYA REVENUE AUTHORITY  ................. RESPONDENT

Having considered the submissions of both parties and the evidence on record, this Tribunal finds that Section 31 of the Value Added Tax Act was correctly applied by the Respondent.

DECISION: APPEAL ALLOWED.

Signed: Hon. Justice C. Wanjiku"
DOC-RUL-00016,Tribunal Ruling,"TAX APPEALS TRIBUNAL
RULING

TAT CASE NO: TAT/6259/6005
Date: 2025-12-28

CORAM: Hon. Justice B. Ochieng

BETWEEN
BALL, BELL AND WALLACE  ................. APPELLANT
AND
KENYA REVENUE AUTHORITY  ................. RESPONDENT

Having considered the submissions of both parties and the evidence on record, this Tribunal finds that Section 12 of the Tax Appeals Tribunal Act was correctly applied by the Respondent.

DECISION: APPEAL ALLOWED.

Signed: Hon. J. Kariuki (TAT Member)"
DOC-RUL-00017,Tribunal Ruling,"TAX APPEALS TRIBUNAL
RULING

TAT CASE NO: TAT/6492/6731
Date: 2025-03-06

CORAM: Hon. Justice D. Kiprop

BETWEEN
JIMENEZ-MOORE  ................. APPELLANT
AND
KENYA REVENUE AUTHORITY  ................. RESPONDENT

Having considered the submissions of both parties and the evidence on record, this Tribunal finds that Section 37 of the Tax Procedures Act was correctly applied by the Respondent.

DECISION: APPEAL DISMISSED.

Signed: Hon. J. Kariuki (TAT Member)"
DOC-RUL-00018,Tribunal Ruling,"TAX APPEALS TRIBUNAL
RULING

TAT CASE NO: TAT/5870/6624
Date: 2025-09-25

CORAM: Hon. Justice D. Kiprop

BETWEEN
LEWIS-CLARK  ................. APPELLANT
AND
KENYA REVENUE AUTHORITY  ................. RESPONDENT

Having considered the submissions of both parties and the evidence on record, this Tribunal finds that Section 47 of the Income Tax Act was incorrectly applied by the Respondent.

DECISION: APPEAL DISMISSED.

Signed: Hon. R. Omondi (TAT Chair)"
DOC-RUL-00019,Tribunal Ruling,"TAX APPEALS TRIBUNAL
RULING

TAT CASE NO: TAT/6861/6074
Date: 2025-06-17

CORAM: Hon. R. Omondi (TAT Chair)

BETWEEN
RAMIREZ LLC  ................. APPELLANT
AND
KENYA REVENUE AUTHORITY  ................. RESPONDENT

Having considered the submissions of both parties and the evidence on record, this Tribunal finds that Regulation 15 of the VAT Regulations 2017 was correctly applied by the Respondent.

DECISION: APPEAL PARTIALLY ALLOWED.

Signed: Hon. J. Kariuki (TAT Member)"
DOC-RUL-00020,Tribunal Ruling,"TAX APPEALS TRIBUNAL
RULING

TAT CASE NO: TAT/7243/6877
Date: 2024-09-27

CORAM: Hon. Justice D. Kiprop

BETWEEN
SULLIVAN-GLASS  ................. APPELLANT
AND
KENYA REVENUE AUTHORITY  ................. RESPONDENT

Having considered the submissions of both parties and the evidence on record, this Tribunal finds that Section 12 of the Tax Appeals Tribunal Act was correctly applied by the Respondent.

DECISION: APPEAL ALLOWED.

Signed: Hon. Justice B. Ochieng"
DOC-RUL-00021,Tribunal Ruling,"TAX APPEALS TRIBUNAL
RULING

TAT CASE NO: TAT/7791/1242
Date: 2025-07-21

CORAM: Hon. Justice D. Kiprop

BETWEEN
ROSS INC  ................. APPELLANT
AND
KENYA REVENUE AUTHORITY  ................. RESPONDENT

Having considered the submissions of both parties and the evidence on record, this Tribunal finds that Section 37 of the Tax Procedures Act was correctly applied by the Respondent.

DECISION: APPEAL DISMISSED.

Signed: Hon. Justice C. Wanjiku"
DOC-RUL-00022,Tribunal Ruling,"TAX APPEALS TRIBUNAL
RULING

TAT CASE NO: TAT/4713/3923
Date: 2024-08-23

CORAM: Hon. Justice D. Kiprop

BETWEEN
CUMMINGS PLC  ................. APPELLANT
AND
KENYA REVENUE AUTHORITY  ................. RESPONDENT

Having considered the submissions of both parties and the evidence on record, this Tribunal finds that Section 47 of the Income Tax Act was correctly applied by the Respondent.

DECISION: APPEAL ALLOWED.

Signed: Hon. Justice D. Kiprop"
DOC-RUL-00023,Tribunal Ruling,"TAX APPEALS TRIBUNAL
RULING

TAT CASE NO: TAT/0143/5287
Date: 2024-12-08

CORAM: Hon. J. Kariuki (TAT Member)

BETWEEN
SANCHEZ GROUP  ................. APPELLANT
AND
KENYA REVENUE AUTHORITY  ................. RESPONDENT

Having considered the submissions of both parties and the evidence on record, this Tribunal finds that Regulation 15 of the VAT Regulations 2017 was incorrectly applied by the Respondent.

DECISION: APPEAL PARTIALLY ALLOWED.

Signed: Hon. Justice D. Kiprop"
DOC-RUL-00024,Tribunal Ruling,"TAX APPEALS TRIBUNAL
RULING

TAT CASE NO: TAT/1227/6699
Date: 2025-06-01

CORAM: Hon. Justice D. Kiprop

BETWEEN
WILLIS, BARBER AND WHITE  ................. APPELLANT
AND
KENYA REVENUE AUTHORITY  ................. RESPONDENT

Having considered the submissions of both parties and the evidence on record, this Tribunal finds that Section 58 of the East African Customs Management Act was incorrectly applied by the Respondent.

DECISION: APPEAL PARTIALLY ALLOWED.

Signed: Hon. Justice D. Kiprop"
DOC-RUL-00025,Tribunal Ruling,"TAX APPEALS TRIBUNAL
RULING

TAT CASE NO: TAT/7271/2934
Date: 2026-05-30

CORAM: Hon. Justice A. Mwangi

BETWEEN
BARRETT, VALENCIA AND PETERS  ................. APPELLANT
AND
KENYA REVENUE AUTHORITY  ................. RESPONDENT

Having considered the submissions of both parties and the evidence on record, this Tribunal finds that Section 37 of the Tax Procedures Act was correctly applied by the Respondent.

DECISION: APPEAL ALLOWED.

Signed: Hon. Justice B. Ochieng"
DOC-RUL-00026,Tribunal Ruling,"TAX APPEALS TRIBUNAL
RULING

TAT CASE NO: TAT/0645/0239
Date: 2026-02-26

CORAM: Hon. Justice A. Mwangi

BETWEEN
WALLACE-KENNEDY  ................. APPELLANT
AND
KENYA REVENUE AUTHORITY  ................. RESPONDENT

Having considered the submissions of both parties and the evidence on record, this Tribunal finds that Section 12 of the Tax Appeals Tribunal Act was correctly applied by the Respondent.

DECISION: APPEAL DISMISSED.

Signed: Hon. J. Kariuki (TAT Member)"
DOC-RUL-00027,Tribunal Ruling,"TAX APPEALS TRIBUNAL
RULING

TAT CASE NO: TAT/9630/4291
Date: 2025-10-03

CORAM: Hon. Justice B. Ochieng

BETWEEN
MCCLAIN, WELLS AND REESE  ................. APPELLANT
AND
KENYA REVENUE AUTHORITY  ................. RESPONDENT

Having considered the submissions of both parties and the evidence on record, this Tribunal finds that Section 58 of the East African Customs Management Act was incorrectly applied by the Respondent.

DECISION: APPEAL DISMISSED.

Signed: Hon. J. Kariuki (TAT Member)"
DOC-RUL-00028,Tribunal Ruling,"TAX APPEALS TRIBUNAL
RULING

TAT CASE NO: TAT/8243/2278
Date: 2025-10-30

CORAM: Hon. Justice A. Mwangi

BETWEEN
MARTIN, ANTHONY AND LEONARD  ................. APPELLANT
AND
KENYA REVENUE AUTHORITY  ................. RESPONDENT

Having considered the submissions of both parties and the evidence on record, this Tribunal finds that Section 37 of the Tax Procedures Act was correctly applied by the Respondent.

DECISION: APPEAL PARTIALLY ALLOWED.

Signed: Hon. Justice C. Wanjiku"
DOC-RUL-00029,Tribunal Ruling,"TAX APPEALS TRIBUNAL
RULING

TAT CASE NO: TAT/0625/5358
Date: 2025-08-12

CORAM: Hon. Justice C. Wanjiku

BETWEEN
SHAH, DAVIS AND BRYANT  ................. APPELLANT
AND
KENYA REVENUE AUTHORITY  ................. RESPONDENT

Having considered the submissions of both parties and the evidence on record, this Tribunal finds that Section 37 of the Tax Procedures Act was correctly applied by the Respondent.

DECISION: APPEAL PARTIALLY ALLOWED.

Signed: Hon. R. Omondi (TAT Chair)"
DOC-RUL-00030,Tribunal Ruling,"TAX APPEALS TRIBUNAL
RULING

TAT CASE NO: TAT/3428/7367
Date: 2025-10-05

CORAM: Hon. J. Kariuki (TAT Member)

BETWEEN
HAHN, BELL AND PARKER  ................. APPELLANT
AND
KENYA REVENUE AUTHORITY  ................. RESPONDENT

Having considered the submissions of both parties and the evidence on record, this Tribunal finds that Section 47 of the Income Tax Act was incorrectly applied by the Respondent.

DECISION: APPEAL DISMISSED.

Signed: Hon. Justice A. Mwangi"
DOC-RUL-00031,Tribunal Ruling,"TAX APPEALS TRIBUNAL
RULING

TAT CASE NO: TAT/3649/8882
Date: 2024-11-23

CORAM: Hon. R. Omondi (TAT Chair)

BETWEEN
NUNEZ-SMITH  ................. APPELLANT
AND
KENYA REVENUE AUTHORITY  ................. RESPONDENT

Having considered the submissions of both parties and the evidence on record, this Tribunal finds that Section 47 of the Income Tax Act was incorrectly applied by the Respondent.

DECISION: APPEAL PARTIALLY ALLOWED.

Signed: Hon. Justice A. Mwangi"
DOC-RUL-00032,Tribunal Ruling,"TAX APPEALS TRIBUNAL
RULING

TAT CASE NO: TAT/9443/8656
Date: 2025-04-06

CORAM: Hon. Justice C. Wanjiku

BETWEEN
PRICE-COOK  ................. APPELLANT
AND
KENYA REVENUE AUTHORITY  ................. RESPONDENT

Having considered the submissions of both parties and the evidence on record, this Tribunal finds that Section 12 of the Tax Appeals Tribunal Act was correctly applied by the Respondent.

DECISION: APPEAL DISMISSED.

Signed: Hon. Justice D. Kiprop"
DOC-RUL-00033,Tribunal Ruling,"TAX APPEALS TRIBUNAL
RULING

TAT CASE NO: TAT/4383/2651
Date: 2025-01-24

CORAM: Hon. Justice B. Ochieng

BETWEEN
RAMIREZ, DAVIS AND KELLY  ................. APPELLANT
AND
KENYA REVENUE AUTHORITY  ................. RESPONDENT

Having considered the submissions of both parties and the evidence on record, this Tribunal finds that Section 47 of the Income Tax Act was incorrectly applied by the Respondent.

DECISION: APPEAL ALLOWED.

Signed: Hon. R. Omondi (TAT Chair)"
DOC-RUL-00034,Tribunal Ruling,"TAX APPEALS TRIBUNAL
RULING

TAT CASE NO: TAT/6638/0650
Date: 2026-03-14

CORAM: Hon. R. Omondi (TAT Chair)

BETWEEN
CHARLES, DANIELS AND BALDWIN  ................. APPELLANT
AND
KENYA REVENUE AUTHORITY  ................. RESPONDENT

Having considered the submissions of both parties and the evidence on record, this Tribunal finds that Section 58 of the East African Customs Management Act was correctly applied by the Respondent.

DECISION: APPEAL PARTIALLY ALLOWED.

Signed: Hon. J. Kariuki (TAT Member)"
DOC-RUL-00035,Tribunal Ruling,"TAX APPEALS TRIBUNAL
RULING

TAT CASE NO: TAT/7625/2122
Date: 2026-04-02

CORAM: Hon. Justice B. Ochieng

BETWEEN
DAVIS-CHUNG  ................. APPELLANT
AND
KENYA REVENUE AUTHORITY  ................. RESPONDENT

Having considered the submissions of both parties and the evidence on record, this Tribunal finds that Section 47 of the Income Tax Act was correctly applied by the Respondent.

DECISION: APPEAL ALLOWED.

Signed: Hon. J. Kariuki (TAT Member)"
DOC-RUL-00036,Tribunal Ruling,"TAX APPEALS TRIBUNAL
RULING

TAT CASE NO: TAT/2235/0501
Date: 2025-03-06

CORAM: Hon. J. Kariuki (TAT Member)

BETWEEN
MARTINEZ-PATRICK  ................. APPELLANT
AND
KENYA REVENUE AUTHORITY  ................. RESPONDENT

Having considered the submissions of both parties and the evidence on record, this Tribunal finds that Section 12 of the Tax Appeals Tribunal Act was correctly applied by the Respondent.

DECISION: APPEAL DISMISSED.

Signed: Hon. Justice C. Wanjiku"
DOC-RUL-00037,Tribunal Ruling,"TAX APPEALS TRIBUNAL
RULING

TAT CASE NO: TAT/9021/7310
Date: 2024-11-29

CORAM: Hon. Justice C. Wanjiku

BETWEEN
YOUNG LTD  ................. APPELLANT
AND
KENYA REVENUE AUTHORITY  ................. RESPONDENT

Having considered the submissions of both parties and the evidence on record, this Tribunal finds that Section 12 of the Tax Appeals Tribunal Act was incorrectly applied by the Respondent.

DECISION: APPEAL PARTIALLY ALLOWED.

Signed: Hon. J. Kariuki (TAT Member)"
DOC-RUL-00038,Tribunal Ruling,"TAX APPEALS TRIBUNAL
RULING

TAT CASE NO: TAT/3027/2571
Date: 2026-05-14

CORAM: Hon. Justice A. Mwangi

BETWEEN
LEWIS-MELTON  ................. APPELLANT
AND
KENYA REVENUE AUTHORITY  ................. RESPONDENT

Having considered the submissions of both parties and the evidence on record, this Tribunal finds that Section 47 of the Income Tax Act was incorrectly applied by the Respondent.

DECISION: APPEAL PARTIALLY ALLOWED.

Signed: Hon. Justice A. Mwangi"
DOC-RUL-00039,Tribunal Ruling,"TAX APPEALS TRIBUNAL
RULING

TAT CASE NO: TAT/4064/2119
Date: 2025-09-16

CORAM: Hon. R. Omondi (TAT Chair)

BETWEEN
JOHNSTON-BROWN  ................. APPELLANT
AND
KENYA REVENUE AUTHORITY  ................. RESPONDENT

Having considered the submissions of both parties and the evidence on record, this Tribunal finds that Section 47 of the Income Tax Act was correctly applied by the Respondent.

DECISION: APPEAL DISMISSED.

Signed: Hon. Justice B. Ochieng"
DOC-RUL-00040,Tribunal Ruling,"TAX APPEALS TRIBUNAL
RULING

TAT CASE NO: TAT/7786/7067
Date: 2026-05-18

CORAM: Hon. R. Omondi (TAT Chair)

BETWEEN
SANTOS INC  ................. APPELLANT
AND
KENYA REVENUE AUTHORITY  ................. RESPONDENT

Having considered the submissions of both parties and the evidence on record, this Tribunal finds that Section 12 of the Tax Appeals Tribunal Act was correctly applied by the Respondent.

DECISION: APPEAL ALLOWED.

Signed: Hon. R. Omondi (TAT Chair)"
DOC-RUL-00041,Tribunal Ruling,"TAX APPEALS TRIBUNAL
RULING

TAT CASE NO: TAT/0580/6044
Date: 2025-06-19

CORAM: Hon. Justice D. Kiprop

BETWEEN
NELSON AND SONS  ................. APPELLANT
AND
KENYA REVENUE AUTHORITY  ................. RESPONDENT

Having considered the submissions of both parties and the evidence on record, this Tribunal finds that Section 47 of the Income Tax Act was incorrectly applied by the Respondent.

DECISION: APPEAL DISMISSED.

Signed: Hon. R. Omondi (TAT Chair)"
DOC-RUL-00042,Tribunal Ruling,"TAX APPEALS TRIBUNAL
RULING

TAT CASE NO: TAT/9180/1349
Date: 2024-08-16

CORAM: Hon. Justice D. Kiprop

BETWEEN
DOUGLAS LLC  ................. APPELLANT
AND
KENYA REVENUE AUTHORITY  ................. RESPONDENT

Having considered the submissions of both parties and the evidence on record, this Tribunal finds that Section 58 of the East African Customs Management Act was correctly applied by the Respondent.

DECISION: APPEAL DISMISSED.

Signed: Hon. R. Omondi (TAT Chair)"
DOC-RUL-00043,Tribunal Ruling,"TAX APPEALS TRIBUNAL
RULING

TAT CASE NO: TAT/9658/7664
Date: 2025-08-11

CORAM: Hon. Justice D. Kiprop

BETWEEN
ALLEN, ROBERTSON AND REED  ................. APPELLANT
AND
KENYA REVENUE AUTHORITY  ................. RESPONDENT

Having considered the submissions of both parties and the evidence on record, this Tribunal finds that Section 37 of the Tax Procedures Act was incorrectly applied by the Respondent.

DECISION: APPEAL ALLOWED.

Signed: Hon. R. Omondi (TAT Chair)"
DOC-RUL-00044,Tribunal Ruling,"TAX APPEALS TRIBUNAL
RULING

TAT CASE NO: TAT/8720/5207
Date: 2024-07-24

CORAM: Hon. Justice D. Kiprop

BETWEEN
RICHARD-CAIN  ................. APPELLANT
AND
KENYA REVENUE AUTHORITY  ................. RESPONDENT

Having considered the submissions of both parties and the evidence on record, this Tribunal finds that Section 58 of the East African Customs Management Act was incorrectly applied by the Respondent.

DECISION: APPEAL DISMISSED.

Signed: Hon. J. Kariuki (TAT Member)"
DOC-RUL-00045,Tribunal Ruling,"TAX APPEALS TRIBUNAL
RULING

TAT CASE NO: TAT/4405/6271
Date: 2026-05-22

CORAM: Hon. R. Omondi (TAT Chair)

BETWEEN
JACOBS, GRAVES AND BAILEY  ................. APPELLANT
AND
KENYA REVENUE AUTHORITY  ................. RESPONDENT

Having considered the submissions of both parties and the evidence on record, this Tribunal finds that Section 31 of the Value Added Tax Act was incorrectly applied by the Respondent.

DECISION: APPEAL ALLOWED.

Signed: Hon. R. Omondi (TAT Chair)"
DOC-RUL-00046,Tribunal Ruling,"TAX APPEALS TRIBUNAL
RULING

TAT CASE NO: TAT/6213/2209
Date: 2025-03-18

CORAM: Hon. R. Omondi (TAT Chair)

BETWEEN
CORTEZ, SULLIVAN AND MELTON  ................. APPELLANT
AND
KENYA REVENUE AUTHORITY  ................. RESPONDENT

Having considered the submissions of both parties and the evidence on record, this Tribunal finds that Section 12 of the Tax Appeals Tribunal Act was correctly applied by the Respondent.

DECISION: APPEAL PARTIALLY ALLOWED.

Signed: Hon. J. Kariuki (TAT Member)"
DOC-RUL-00047,Tribunal Ruling,"TAX APPEALS TRIBUNAL
RULING

TAT CASE NO: TAT/1168/9495
Date: 2025-10-13

CORAM: Hon. Justice B. Ochieng

BETWEEN
JOHNSON INC  ................. APPELLANT
AND
KENYA REVENUE AUTHORITY  ................. RESPONDENT

Having considered the submissions of both parties and the evidence on record, this Tribunal finds that Section 58 of the East African Customs Management Act was correctly applied by the Respondent.

DECISION: APPEAL DISMISSED.

Signed: Hon. Justice D. Kiprop"
DOC-RUL-00048,Tribunal Ruling,"TAX APPEALS TRIBUNAL
RULING

TAT CASE NO: TAT/9276/7593
Date: 2026-04-14

CORAM: Hon. Justice C. Wanjiku

BETWEEN
KANE, DUNCAN AND LONG  ................. APPELLANT
AND
KENYA REVENUE AUTHORITY  ................. RESPONDENT

Having considered the submissions of both parties and the evidence on record, this Tribunal finds that Section 12 of the Tax Appeals Tribunal Act was incorrectly applied by the Respondent.

DECISION: APPEAL DISMISSED.

Signed: Hon. J. Kariuki (TAT Member)"
DOC-RUL-00049,Tribunal Ruling,"TAX APPEALS TRIBUNAL
RULING

TAT CASE NO: TAT/2851/5966
Date: 2026-03-05

CORAM: Hon. Justice B. Ochieng

BETWEEN
FISHER GROUP  ................. APPELLANT
AND
KENYA REVENUE AUTHORITY  ................. RESPONDENT

Having considered the submissions of both parties and the evidence on record, this Tribunal finds that Section 37 of the Tax Procedures Act was incorrectly applied by the Respondent.

DECISION: APPEAL PARTIALLY ALLOWED.

Signed: Hon. Justice C. Wanjiku"
DOC-RUL-00050,Tribunal Ruling,"TAX APPEALS TRIBUNAL
RULING

TAT CASE NO: TAT/1351/2621
Date: 2025-11-14

CORAM: Hon. Justice A. Mwangi

BETWEEN
WHITE, HAYES AND LOPEZ  ................. APPELLANT
AND
KENYA REVENUE AUTHORITY  ................. RESPONDENT

Having considered the submissions of both parties and the evidence on record, this Tribunal finds that Section 31 of the Value Added Tax Act was correctly applied by the Respondent.

DECISION: APPEAL PARTIALLY ALLOWED.

Signed: Hon. R. Omondi (TAT Chair)"
DOC-RUL-00051,Tribunal Ruling,"TAX APPEALS TRIBUNAL
RULING

TAT CASE NO: TAT/1159/5810
Date: 2026-03-31

CORAM: Hon. Justice A. Mwangi

BETWEEN
JOHNSON-SMITH  ................. APPELLANT
AND
KENYA REVENUE AUTHORITY  ................. RESPONDENT

Having considered the submissions of both parties and the evidence on record, this Tribunal finds that Section 31 of the Value Added Tax Act was correctly applied by the Respondent.

DECISION: APPEAL DISMISSED.

Signed: Hon. Justice D. Kiprop"
DOC-RUL-00052,Tribunal Ruling,"TAX APPEALS TRIBUNAL
RULING

TAT CASE NO: TAT/3363/8746
Date: 2025-04-23

CORAM: Hon. Justice A. Mwangi

BETWEEN
PITTMAN, BERRY AND ORTEGA  ................. APPELLANT
AND
KENYA REVENUE AUTHORITY  ................. RESPONDENT

Having considered the submissions of both parties and the evidence on record, this Tribunal finds that Section 58 of the East African Customs Management Act was correctly applied by the Respondent.

DECISION: APPEAL DISMISSED.

Signed: Hon. R. Omondi (TAT Chair)"
DOC-RUL-00053,Tribunal Ruling,"TAX APPEALS TRIBUNAL
RULING

TAT CASE NO: TAT/3111/0737
Date: 2026-02-05

CORAM: Hon. R. Omondi (TAT Chair)

BETWEEN
MCDONALD, ALVARADO AND SILVA  ................. APPELLANT
AND
KENYA REVENUE AUTHORITY  ................. RESPONDENT

Having considered the submissions of both parties and the evidence on record, this Tribunal finds that Section 12 of the Tax Appeals Tribunal Act was correctly applied by the Respondent.

DECISION: APPEAL ALLOWED.

Signed: Hon. Justice C. Wanjiku"
DOC-RUL-00054,Tribunal Ruling,"TAX APPEALS TRIBUNAL
RULING

TAT CASE NO: TAT/6709/5091
Date: 2026-02-01

CORAM: Hon. R. Omondi (TAT Chair)

BETWEEN
POPE LLC  ................. APPELLANT
AND
KENYA REVENUE AUTHORITY  ................. RESPONDENT

Having considered the submissions of both parties and the evidence on record, this Tribunal finds that Section 12 of the Tax Appeals Tribunal Act was incorrectly applied by the Respondent.

DECISION: APPEAL ALLOWED.

Signed: Hon. Justice A. Mwangi"
DOC-RUL-00055,Tribunal Ruling,"TAX APPEALS TRIBUNAL
RULING

TAT CASE NO: TAT/7460/9387
Date: 2025-11-02

CORAM: Hon. R. Omondi (TAT Chair)

BETWEEN
CHUNG GROUP  ................. APPELLANT
AND
KENYA REVENUE AUTHORITY  ................. RESPONDENT

Having considered the submissions of both parties and the evidence on record, this Tribunal finds that Regulation 15 of the VAT Regulations 2017 was correctly applied by the Respondent.

DECISION: APPEAL DISMISSED.

Signed: Hon. Justice A. Mwangi"
DOC-RUL-00056,Tribunal Ruling,"TAX APPEALS TRIBUNAL
RULING

TAT CASE NO: TAT/5353/9683
Date: 2024-10-17

CORAM: Hon. R. Omondi (TAT Chair)

BETWEEN
DEAN, BAILEY AND RODRIGUEZ  ................. APPELLANT
AND
KENYA REVENUE AUTHORITY  ................. RESPONDENT

Having considered the submissions of both parties and the evidence on record, this Tribunal finds that Section 12 of the Tax Appeals Tribunal Act was correctly applied by the Respondent.

DECISION: APPEAL DISMISSED.

Signed: Hon. Justice D. Kiprop"
DOC-RUL-00057,Tribunal Ruling,"TAX APPEALS TRIBUNAL
RULING

TAT CASE NO: TAT/8155/9051
Date: 2024-10-04

CORAM: Hon. Justice A. Mwangi

BETWEEN
ROJAS-ROSS  ................. APPELLANT
AND
KENYA REVENUE AUTHORITY  ................. RESPONDENT

Having considered the submissions of both parties and the evidence on record, this Tribunal finds that Regulation 15 of the VAT Regulations 2017 was correctly applied by the Respondent.

DECISION: APPEAL PARTIALLY ALLOWED.

Signed: Hon. Justice A. Mwangi"
DOC-RUL-00058,Tribunal Ruling,"TAX APPEALS TRIBUNAL
RULING

TAT CASE NO: TAT/2629/5251
Date: 2026-02-06

CORAM: Hon. Justice D. Kiprop

BETWEEN
HANCOCK, PADILLA AND ROMERO  ................. APPELLANT
AND
KENYA REVENUE AUTHORITY  ................. RESPONDENT

Having considered the submissions of both parties and the evidence on record, this Tribunal finds that Section 31 of the Value Added Tax Act was correctly applied by the Respondent.

DECISION: APPEAL ALLOWED.

Signed: Hon. J. Kariuki (TAT Member)"
DOC-RUL-00059,Tribunal Ruling,"TAX APPEALS TRIBUNAL
RULING

TAT CASE NO: TAT/9102/1517
Date: 2025-02-06

CORAM: Hon. J. Kariuki (TAT Member)

BETWEEN
MILLER, HARVEY AND THOMAS  ................. APPELLANT
AND
KENYA REVENUE AUTHORITY  ................. RESPONDENT

Having considered the submissions of both parties and the evidence on record, this Tribunal finds that Regulation 15 of the VAT Regulations 2017 was incorrectly applied by the Respondent.

DECISION: APPEAL ALLOWED.

Signed: Hon. Justice A. Mwangi"
DOC-RUL-00060,Tribunal Ruling,"TAX APPEALS TRIBUNAL
RULING

TAT CASE NO: TAT/9522/6542
Date: 2024-09-08

CORAM: Hon. R. Omondi (TAT Chair)

BETWEEN
DIXON-FORD  ................. APPELLANT
AND
KENYA REVENUE AUTHORITY  ................. RESPONDENT

Having considered the submissions of both parties and the evidence on record, this Tribunal finds that Section 12 of the Tax Appeals Tribunal Act was correctly applied by the Respondent.

DECISION: APPEAL ALLOWED.

Signed: Hon. Justice D. Kiprop"
DOC-RUL-00061,Tribunal Ruling,"TAX APPEALS TRIBUNAL
RULING

TAT CASE NO: TAT/1898/4213
Date: 2024-07-21

CORAM: Hon. Justice B. Ochieng

BETWEEN
TUCKER-CLINE  ................. APPELLANT
AND
KENYA REVENUE AUTHORITY  ................. RESPONDENT

Having considered the submissions of both parties and the evidence on record, this Tribunal finds that Section 58 of the East African Customs Management Act was correctly applied by the Respondent.

DECISION: APPEAL PARTIALLY ALLOWED.

Signed: Hon. Justice B. Ochieng"
DOC-RUL-00062,Tribunal Ruling,"TAX APPEALS TRIBUNAL
RULING

TAT CASE NO: TAT/5331/6475
Date: 2025-08-18

CORAM: Hon. Justice A. Mwangi

BETWEEN
MCGRATH-RHODES  ................. APPELLANT
AND
KENYA REVENUE AUTHORITY  ................. RESPONDENT

Having considered the submissions of both parties and the evidence on record, this Tribunal finds that Regulation 15 of the VAT Regulations 2017 was correctly applied by the Respondent.

DECISION: APPEAL DISMISSED.

Signed: Hon. Justice A. Mwangi"
DOC-RUL-00063,Tribunal Ruling,"TAX APPEALS TRIBUNAL
RULING

TAT CASE NO: TAT/3667/1056
Date: 2024-10-06

CORAM: Hon. Justice C. Wanjiku

BETWEEN
SKINNER INC  ................. APPELLANT
AND
KENYA REVENUE AUTHORITY  ................. RESPONDENT

Having considered the submissions of both parties and the evidence on record, this Tribunal finds that Section 12 of the Tax Appeals Tribunal Act was correctly applied by the Respondent.

DECISION: APPEAL DISMISSED.

Signed: Hon. Justice D. Kiprop"
DOC-RUL-00064,Tribunal Ruling,"TAX APPEALS TRIBUNAL
RULING

TAT CASE NO: TAT/9284/7942
Date: 2024-08-27

CORAM: Hon. R. Omondi (TAT Chair)

BETWEEN
FOSTER-MCDONALD  ................. APPELLANT
AND
KENYA REVENUE AUTHORITY  ................. RESPONDENT

Having considered the submissions of both parties and the evidence on record, this Tribunal finds that Regulation 15 of the VAT Regulations 2017 was correctly applied by the Respondent.

DECISION: APPEAL ALLOWED.

Signed: Hon. Justice A. Mwangi"
DOC-RUL-00065,Tribunal Ruling,"TAX APPEALS TRIBUNAL
RULING

TAT CASE NO: TAT/5582/4663
Date: 2025-12-25

CORAM: Hon. J. Kariuki (TAT Member)

BETWEEN
WELLS PLC  ................. APPELLANT
AND
KENYA REVENUE AUTHORITY  ................. RESPONDENT

Having considered the submissions of both parties and the evidence on record, this Tribunal finds that Section 31 of the Value Added Tax Act was correctly applied by the Respondent.

DECISION: APPEAL PARTIALLY ALLOWED.

Signed: Hon. Justice D. Kiprop"
DOC-RUL-00066,Tribunal Ruling,"TAX APPEALS TRIBUNAL
RULING

TAT CASE NO: TAT/7581/9152
Date: 2025-07-12

CORAM: Hon. R. Omondi (TAT Chair)

BETWEEN
KENNEDY, HANSON AND WALKER  ................. APPELLANT
AND
KENYA REVENUE AUTHORITY  ................. RESPONDENT

Having considered the submissions of both parties and the evidence on record, this Tribunal finds that Section 47 of the Income Tax Act was correctly applied by the Respondent.

DECISION: APPEAL DISMISSED.

Signed: Hon. Justice D. Kiprop"
DOC-RUL-00067,Tribunal Ruling,"TAX APPEALS TRIBUNAL
RULING

TAT CASE NO: TAT/0348/4336
Date: 2025-03-07

CORAM: Hon. R. Omondi (TAT Chair)

BETWEEN
PITTS, AYALA AND MASON  ................. APPELLANT
AND
KENYA REVENUE AUTHORITY  ................. RESPONDENT

Having considered the submissions of both parties and the evidence on record, this Tribunal finds that Section 58 of the East African Customs Management Act was correctly applied by the Respondent.

DECISION: APPEAL PARTIALLY ALLOWED.

Signed: Hon. Justice A. Mwangi"
DOC-RUL-00068,Tribunal Ruling,"TAX APPEALS TRIBUNAL
RULING

TAT CASE NO: TAT/0001/9591
Date: 2026-03-03

CORAM: Hon. Justice B. Ochieng

BETWEEN
ROBBINS, HOLT AND MORRIS  ................. APPELLANT
AND
KENYA REVENUE AUTHORITY  ................. RESPONDENT

Having considered the submissions of both parties and the evidence on record, this Tribunal finds that Section 31 of the Value Added Tax Act was incorrectly applied by the Respondent.

DECISION: APPEAL ALLOWED.

Signed: Hon. Justice C. Wanjiku"
DOC-RUL-00069,Tribunal Ruling,"TAX APPEALS TRIBUNAL
RULING

TAT CASE NO: TAT/8993/8250
Date: 2026-06-02

CORAM: Hon. Justice C. Wanjiku

BETWEEN
TAYLOR-SCOTT  ................. APPELLANT
AND
KENYA REVENUE AUTHORITY  ................. RESPONDENT

Having considered the submissions of both parties and the evidence on record, this Tribunal finds that Section 47 of the Income Tax Act was correctly applied by the Respondent.

DECISION: APPEAL DISMISSED.

Signed: Hon. Justice C. Wanjiku"
DOC-RUL-00070,Tribunal Ruling,"TAX APPEALS TRIBUNAL
RULING

TAT CASE NO: TAT/4569/1979
Date: 2024-11-04

CORAM: Hon. Justice A. Mwangi

BETWEEN
BOYER AND SONS  ................. APPELLANT
AND
KENYA REVENUE AUTHORITY  ................. RESPONDENT

Having considered the submissions of both parties and the evidence on record, this Tribunal finds that Section 47 of the Income Tax Act was incorrectly applied by the Respondent.

DECISION: APPEAL PARTIALLY ALLOWED.

Signed: Hon. R. Omondi (TAT Chair)"
DOC-RUL-00071,Tribunal Ruling,"TAX APPEALS TRIBUNAL
RULING

TAT CASE NO: TAT/8727/4359
Date: 2025-07-30

CORAM: Hon. R. Omondi (TAT Chair)

BETWEEN
ORTEGA, REILLY AND BRANCH  ................. APPELLANT
AND
KENYA REVENUE AUTHORITY  ................. RESPONDENT

Having considered the submissions of both parties and the evidence on record, this Tribunal finds that Section 12 of the Tax Appeals Tribunal Act was correctly applied by the Respondent.

DECISION: APPEAL ALLOWED.

Signed: Hon. J. Kariuki (TAT Member)"
DOC-RUL-00072,Tribunal Ruling,"TAX APPEALS TRIBUNAL
RULING

TAT CASE NO: TAT/6654/4738
Date: 2026-06-27

CORAM: Hon. J. Kariuki (TAT Member)

BETWEEN
GARCIA, BELTRAN AND STONE  ................. APPELLANT
AND
KENYA REVENUE AUTHORITY  ................. RESPONDENT

Having considered the submissions of both parties and the evidence on record, this Tribunal finds that Section 47 of the Income Tax Act was incorrectly applied by the Respondent.

DECISION: APPEAL PARTIALLY ALLOWED.

Signed: Hon. Justice C. Wanjiku"
DOC-RUL-00073,Tribunal Ruling,"TAX APPEALS TRIBUNAL
RULING

TAT CASE NO: TAT/0415/1254
Date: 2026-04-25

CORAM: Hon. Justice A. Mwangi

BETWEEN
BALLARD-SCHAEFER  ................. APPELLANT
AND
KENYA REVENUE AUTHORITY  ................. RESPONDENT

Having considered the submissions of both parties and the evidence on record, this Tribunal finds that Section 47 of the Income Tax Act was incorrectly applied by the Respondent.

DECISION: APPEAL PARTIALLY ALLOWED.

Signed: Hon. Justice D. Kiprop"
DOC-RUL-00074,Tribunal Ruling,"TAX APPEALS TRIBUNAL
RULING

TAT CASE NO: TAT/0316/5758
Date: 2025-05-23

CORAM: Hon. Justice B. Ochieng

BETWEEN
NEWMAN PLC  ................. APPELLANT
AND
KENYA REVENUE AUTHORITY  ................. RESPONDENT

Having considered the submissions of both parties and the evidence on record, this Tribunal finds that Section 58 of the East African Customs Management Act was correctly applied by the Respondent.

DECISION: APPEAL ALLOWED.

Signed: Hon. J. Kariuki (TAT Member)"
DOC-RUL-00075,Tribunal Ruling,"TAX APPEALS TRIBUNAL
RULING

TAT CASE NO: TAT/1365/7406
Date: 2024-10-04

CORAM: Hon. Justice C. Wanjiku

BETWEEN
PARKER-VANCE  ................. APPELLANT
AND
KENYA REVENUE AUTHORITY  ................. RESPONDENT

Having considered the submissions of both parties and the evidence on record, this Tribunal finds that Section 12 of the Tax Appeals Tribunal Act was correctly applied by the Respondent.

DECISION: APPEAL ALLOWED.

Signed: Hon. Justice D. Kiprop"
DOC-RUL-00076,Tribunal Ruling,"TAX APPEALS TRIBUNAL
RULING

TAT CASE NO: TAT/6124/8084
Date: 2024-09-18

CORAM: Hon. Justice D. Kiprop

BETWEEN
WILLIAMS, BATES AND VALENZUELA  ................. APPELLANT
AND
KENYA REVENUE AUTHORITY  ................. RESPONDENT

Having considered the submissions of both parties and the evidence on record, this Tribunal finds that Section 12 of the Tax Appeals Tribunal Act was correctly applied by the Respondent.

DECISION: APPEAL PARTIALLY ALLOWED.

Signed: Hon. Justice D. Kiprop"
DOC-RUL-00077,Tribunal Ruling,"TAX APPEALS TRIBUNAL
RULING

TAT CASE NO: TAT/3731/5591
Date: 2025-01-15

CORAM: Hon. Justice A. Mwangi

BETWEEN
WILSON-JONES  ................. APPELLANT
AND
KENYA REVENUE AUTHORITY  ................. RESPONDENT

Having considered the submissions of both parties and the evidence on record, this Tribunal finds that Section 37 of the Tax Procedures Act was correctly applied by the Respondent.

DECISION: APPEAL ALLOWED.

Signed: Hon. Justice A. Mwangi"
DOC-RUL-00078,Tribunal Ruling,"TAX APPEALS TRIBUNAL
RULING

TAT CASE NO: TAT/7241/6194
Date: 2026-01-02

CORAM: Hon. Justice B. Ochieng

BETWEEN
SHEPARD, PONCE AND MARTINEZ  ................. APPELLANT
AND
KENYA REVENUE AUTHORITY  ................. RESPONDENT

Having considered the submissions of both parties and the evidence on record, this Tribunal finds that Section 31 of the Value Added Tax Act was correctly applied by the Respondent.

DECISION: APPEAL DISMISSED.

Signed: Hon. Justice D. Kiprop"
DOC-RUL-00079,Tribunal Ruling,"TAX APPEALS TRIBUNAL
RULING

TAT CASE NO: TAT/6208/3889
Date: 2025-01-28

CORAM: Hon. Justice C. Wanjiku

BETWEEN
UNDERWOOD LLC  ................. APPELLANT
AND
KENYA REVENUE AUTHORITY  ................. RESPONDENT

Having considered the submissions of both parties and the evidence on record, this Tribunal finds that Regulation 15 of the VAT Regulations 2017 was incorrectly applied by the Respondent.

DECISION: APPEAL PARTIALLY ALLOWED.

Signed: Hon. Justice D. Kiprop"
DOC-RUL-00080,Tribunal Ruling,"TAX APPEALS TRIBUNAL
RULING

TAT CASE NO: TAT/3761/9018
Date: 2024-11-30

CORAM: Hon. Justice D. Kiprop

BETWEEN
HERNANDEZ-JOHNSON  ................. APPELLANT
AND
KENYA REVENUE AUTHORITY  ................. RESPONDENT

Having considered the submissions of both parties and the evidence on record, this Tribunal finds that Section 31 of the Value Added Tax Act was correctly applied by the Respondent.

DECISION: APPEAL PARTIALLY ALLOWED.

Signed: Hon. Justice C. Wanjiku"
DOC-RUL-00081,Tribunal Ruling,"TAX APPEALS TRIBUNAL
RULING

TAT CASE NO: TAT/8089/8407
Date: 2025-11-12

CORAM: Hon. Justice C. Wanjiku

BETWEEN
CHANDLER INC  ................. APPELLANT
AND
KENYA REVENUE AUTHORITY  ................. RESPONDENT

Having considered the submissions of both parties and the evidence on record, this Tribunal finds that Section 31 of the Value Added Tax Act was correctly applied by the Respondent.

DECISION: APPEAL ALLOWED.

Signed: Hon. Justice B. Ochieng"
DOC-RUL-00082,Tribunal Ruling,"TAX APPEALS TRIBUNAL
RULING

TAT CASE NO: TAT/8707/1740
Date: 2024-11-19

CORAM: Hon. Justice C. Wanjiku

BETWEEN
HARRISON PLC  ................. APPELLANT
AND
KENYA REVENUE AUTHORITY  ................. RESPONDENT

Having considered the submissions of both parties and the evidence on record, this Tribunal finds that Section 58 of the East African Customs Management Act was correctly applied by the Respondent.

DECISION: APPEAL PARTIALLY ALLOWED.

Signed: Hon. Justice C. Wanjiku"
DOC-RUL-00083,Tribunal Ruling,"TAX APPEALS TRIBUNAL
RULING

TAT CASE NO: TAT/2292/5624
Date: 2025-12-03

CORAM: Hon. Justice D. Kiprop

BETWEEN
ARMSTRONG-BUTLER  ................. APPELLANT
AND
KENYA REVENUE AUTHORITY  ................. RESPONDENT

Having considered the submissions of both parties and the evidence on record, this Tribunal finds that Regulation 15 of the VAT Regulations 2017 was correctly applied by the Respondent.

DECISION: APPEAL PARTIALLY ALLOWED.

Signed: Hon. Justice A. Mwangi"
DOC-RUL-00084,Tribunal Ruling,"TAX APPEALS TRIBUNAL
RULING

TAT CASE NO: TAT/8571/1722
Date: 2026-06-18

CORAM: Hon. Justice A. Mwangi

BETWEEN
JACOBSON-HILL  ................. APPELLANT
AND
KENYA REVENUE AUTHORITY  ................. RESPONDENT

Having considered the submissions of both parties and the evidence on record, this Tribunal finds that Section 58 of the East African Customs Management Act was correctly applied by the Respondent.

DECISION: APPEAL ALLOWED.

Signed: Hon. Justice D. Kiprop"
DOC-RUL-00085,Tribunal Ruling,"TAX APPEALS TRIBUNAL
RULING

TAT CASE NO: TAT/8704/0797
Date: 2024-12-30

CORAM: Hon. J. Kariuki (TAT Member)

BETWEEN
CARPENTER GROUP  ................. APPELLANT
AND
KENYA REVENUE AUTHORITY  ................. RESPONDENT

Having considered the submissions of both parties and the evidence on record, this Tribunal finds that Section 31 of the Value Added Tax Act was incorrectly applied by the Respondent.

DECISION: APPEAL PARTIALLY ALLOWED.

Signed: Hon. R. Omondi (TAT Chair)"
DOC-RUL-00086,Tribunal Ruling,"TAX APPEALS TRIBUNAL
RULING

TAT CASE NO: TAT/0777/8869
Date: 2024-12-30

CORAM: Hon. R. Omondi (TAT Chair)

BETWEEN
SLOAN-MENDEZ  ................. APPELLANT
AND
KENYA REVENUE AUTHORITY  ................. RESPONDENT

Having considered the submissions of both parties and the evidence on record, this Tribunal finds that Regulation 15 of the VAT Regulations 2017 was correctly applied by the Respondent.

DECISION: APPEAL PARTIALLY ALLOWED.

Signed: Hon. Justice A. Mwangi"
DOC-RUL-00087,Tribunal Ruling,"TAX APPEALS TRIBUNAL
RULING

TAT CASE NO: TAT/0071/0555
Date: 2025-05-13

CORAM: Hon. R. Omondi (TAT Chair)

BETWEEN
SANCHEZ, WEBER AND CARRILLO  ................. APPELLANT
AND
KENYA REVENUE AUTHORITY  ................. RESPONDENT

Having considered the submissions of both parties and the evidence on record, this Tribunal finds that Section 47 of the Income Tax Act was correctly applied by the Respondent.

DECISION: APPEAL ALLOWED.

Signed: Hon. Justice B. Ochieng"
DOC-RUL-00088,Tribunal Ruling,"TAX APPEALS TRIBUNAL
RULING

TAT CASE NO: TAT/2291/1232
Date: 2025-12-03

CORAM: Hon. Justice C. Wanjiku

BETWEEN
TAYLOR, RUIZ AND WILLIAMSON  ................. APPELLANT
AND
KENYA REVENUE AUTHORITY  ................. RESPONDENT

Having considered the submissions of both parties and the evidence on record, this Tribunal finds that Section 37 of the Tax Procedures Act was incorrectly applied by the Respondent.

DECISION: APPEAL DISMISSED.

Signed: Hon. Justice B. Ochieng"
DOC-RUL-00089,Tribunal Ruling,"TAX APPEALS TRIBUNAL
RULING

TAT CASE NO: TAT/7430/5352
Date: 2024-10-14

CORAM: Hon. Justice B. Ochieng

BETWEEN
SMITH GROUP  ................. APPELLANT
AND
KENYA REVENUE AUTHORITY  ................. RESPONDENT

Having considered the submissions of both parties and the evidence on record, this Tribunal finds that Regulation 15 of the VAT Regulations 2017 was incorrectly applied by the Respondent.

DECISION: APPEAL DISMISSED.

Signed: Hon. R. Omondi (TAT Chair)"
DOC-RUL-00090,Tribunal Ruling,"TAX APPEALS TRIBUNAL
RULING

TAT CASE NO: TAT/2370/7756
Date: 2024-09-04

CORAM: Hon. Justice A. Mwangi

BETWEEN
GARCIA-JONES  ................. APPELLANT
AND
KENYA REVENUE AUTHORITY  ................. RESPONDENT

Having considered the submissions of both parties and the evidence on record, this Tribunal finds that Section 12 of the Tax Appeals Tribunal Act was incorrectly applied by the Respondent.

DECISION: APPEAL ALLOWED.

Signed: Hon. Justice C. Wanjiku"
DOC-RUL-00091,Tribunal Ruling,"TAX APPEALS TRIBUNAL
RULING

TAT CASE NO: TAT/4981/0377
Date: 2024-07-15

CORAM: Hon. Justice A. Mwangi

BETWEEN
WILLIAMS GROUP  ................. APPELLANT
AND
KENYA REVENUE AUTHORITY  ................. RESPONDENT

Having considered the submissions of both parties and the evidence on record, this Tribunal finds that Section 12 of the Tax Appeals Tribunal Act was correctly applied by the Respondent.

DECISION: APPEAL PARTIALLY ALLOWED.

Signed: Hon. Justice D. Kiprop"
DOC-RUL-00092,Tribunal Ruling,"TAX APPEALS TRIBUNAL
RULING

TAT CASE NO: TAT/9035/5233
Date: 2026-05-14

CORAM: Hon. J. Kariuki (TAT Member)

BETWEEN
BAKER-WEBSTER  ................. APPELLANT
AND
KENYA REVENUE AUTHORITY  ................. RESPONDENT

Having considered the submissions of both parties and the evidence on record, this Tribunal finds that Section 12 of the Tax Appeals Tribunal Act was correctly applied by the Respondent.

DECISION: APPEAL DISMISSED.

Signed: Hon. Justice D. Kiprop"
DOC-RUL-00093,Tribunal Ruling,"TAX APPEALS TRIBUNAL
RULING

TAT CASE NO: TAT/5285/1481
Date: 2025-11-14

CORAM: Hon. Justice B. Ochieng

BETWEEN
CASTRO, BERRY AND PRUITT  ................. APPELLANT
AND
KENYA REVENUE AUTHORITY  ................. RESPONDENT

Having considered the submissions of both parties and the evidence on record, this Tribunal finds that Section 12 of the Tax Appeals Tribunal Act was correctly applied by the Respondent.

DECISION: APPEAL PARTIALLY ALLOWED.

Signed: Hon. Justice C. Wanjiku"
DOC-RUL-00094,Tribunal Ruling,"TAX APPEALS TRIBUNAL
RULING

TAT CASE NO: TAT/8388/2480
Date: 2025-03-16

CORAM: Hon. J. Kariuki (TAT Member)

BETWEEN
BRYANT-PATEL  ................. APPELLANT
AND
KENYA REVENUE AUTHORITY  ................. RESPONDENT

Having considered the submissions of both parties and the evidence on record, this Tribunal finds that Regulation 15 of the VAT Regulations 2017 was correctly applied by the Respondent.

DECISION: APPEAL ALLOWED.

Signed: Hon. Justice B. Ochieng"
DOC-RUL-00095,Tribunal Ruling,"TAX APPEALS TRIBUNAL
RULING

TAT CASE NO: TAT/6943/3323
Date: 2025-07-06

CORAM: Hon. J. Kariuki (TAT Member)

BETWEEN
GARCIA LTD  ................. APPELLANT
AND
KENYA REVENUE AUTHORITY  ................. RESPONDENT

Having considered the submissions of both parties and the evidence on record, this Tribunal finds that Section 31 of the Value Added Tax Act was correctly applied by the Respondent.

DECISION: APPEAL PARTIALLY ALLOWED.

Signed: Hon. Justice A. Mwangi"
DOC-RUL-00096,Tribunal Ruling,"TAX APPEALS TRIBUNAL
RULING

TAT CASE NO: TAT/8884/6491
Date: 2025-08-31

CORAM: Hon. Justice A. Mwangi

BETWEEN
DELACRUZ-WILSON  ................. APPELLANT
AND
KENYA REVENUE AUTHORITY  ................. RESPONDENT

Having considered the submissions of both parties and the evidence on record, this Tribunal finds that Section 58 of the East African Customs Management Act was incorrectly applied by the Respondent.

DECISION: APPEAL ALLOWED.

Signed: Hon. Justice D. Kiprop"
DOC-RUL-00097,Tribunal Ruling,"TAX APPEALS TRIBUNAL
RULING

TAT CASE NO: TAT/6146/6681
Date: 2026-02-07

CORAM: Hon. Justice B. Ochieng

BETWEEN
YOUNG, MCDANIEL AND HALL  ................. APPELLANT
AND
KENYA REVENUE AUTHORITY  ................. RESPONDENT

Having considered the submissions of both parties and the evidence on record, this Tribunal finds that Section 31 of the Value Added Tax Act was incorrectly applied by the Respondent.

DECISION: APPEAL ALLOWED.

Signed: Hon. Justice B. Ochieng"
DOC-RUL-00098,Tribunal Ruling,"TAX APPEALS TRIBUNAL
RULING

TAT CASE NO: TAT/0288/0097
Date: 2024-07-07

CORAM: Hon. Justice B. Ochieng

BETWEEN
HORN, BLANCHARD AND OLSEN  ................. APPELLANT
AND
KENYA REVENUE AUTHORITY  ................. RESPONDENT

Having considered the submissions of both parties and the evidence on record, this Tribunal finds that Section 58 of the East African Customs Management Act was incorrectly applied by the Respondent.

DECISION: APPEAL DISMISSED.

Signed: Hon. Justice C. Wanjiku"
DOC-RUL-00099,Tribunal Ruling,"TAX APPEALS TRIBUNAL
RULING

TAT CASE NO: TAT/3843/6948
Date: 2025-12-07

CORAM: Hon. J. Kariuki (TAT Member)

BETWEEN
WILLIAMS-RAMIREZ  ................. APPELLANT
AND
KENYA REVENUE AUTHORITY  ................. RESPONDENT

Having considered the submissions of both parties and the evidence on record, this Tribunal finds that Section 12 of the Tax Appeals Tribunal Act was correctly applied by the Respondent.

DECISION: APPEAL ALLOWED.

Signed: Hon. J. Kariuki (TAT Member)"
DOC-RUL-00100,Tribunal Ruling,"TAX APPEALS TRIBUNAL
RULING

TAT CASE NO: TAT/1060/5203
Date: 2025-08-15

CORAM: Hon. Justice A. Mwangi

BETWEEN
RICE-LEE  ................. APPELLANT
AND
KENYA REVENUE AUTHORITY  ................. RESPONDENT

Having considered the submissions of both parties and the evidence on record, this Tribunal finds that Section 47 of the Income Tax Act was correctly applied by the Respondent.

DECISION: APPEAL PARTIALLY ALLOWED.

Signed: Hon. J. Kariuki (TAT Member)"
DOC-RUL-00101,Tribunal Ruling,"TAX APPEALS TRIBUNAL
RULING

TAT CASE NO: TAT/6281/1919
Date: 2025-04-02

CORAM: Hon. Justice D. Kiprop

BETWEEN
BANKS, BANKS AND HORTON  ................. APPELLANT
AND
KENYA REVENUE AUTHORITY  ................. RESPONDENT

Having considered the submissions of both parties and the evidence on record, this Tribunal finds that Section 31 of the Value Added Tax Act was incorrectly applied by the Respondent.

DECISION: APPEAL ALLOWED.

Signed: Hon. Justice C. Wanjiku"
DOC-RUL-00102,Tribunal Ruling,"TAX APPEALS TRIBUNAL
RULING

TAT CASE NO: TAT/1067/6444
Date: 2025-07-12

CORAM: Hon. Justice C. Wanjiku

BETWEEN
PRICE-PERRY  ................. APPELLANT
AND
KENYA REVENUE AUTHORITY  ................. RESPONDENT

Having considered the submissions of both parties and the evidence on record, this Tribunal finds that Section 31 of the Value Added Tax Act was incorrectly applied by the Respondent.

DECISION: APPEAL DISMISSED.

Signed: Hon. Justice A. Mwangi"
DOC-RUL-00103,Tribunal Ruling,"TAX APPEALS TRIBUNAL
RULING

TAT CASE NO: TAT/9989/5382
Date: 2026-03-29

CORAM: Hon. Justice B. Ochieng

BETWEEN
ANDERSON, GUTIERREZ AND STRONG  ................. APPELLANT
AND
KENYA REVENUE AUTHORITY  ................. RESPONDENT

Having considered the submissions of both parties and the evidence on record, this Tribunal finds that Section 12 of the Tax Appeals Tribunal Act was incorrectly applied by the Respondent.

DECISION: APPEAL DISMISSED.

Signed: Hon. R. Omondi (TAT Chair)"
DOC-RUL-00104,Tribunal Ruling,"TAX APPEALS TRIBUNAL
RULING

TAT CASE NO: TAT/9344/0780
Date: 2025-01-13

CORAM: Hon. Justice B. Ochieng

BETWEEN
WILLIAMS, ROLLINS AND JOHNSON  ................. APPELLANT
AND
KENYA REVENUE AUTHORITY  ................. RESPONDENT

Having considered the submissions of both parties and the evidence on record, this Tribunal finds that Section 58 of the East African Customs Management Act was incorrectly applied by the Respondent.

DECISION: APPEAL PARTIALLY ALLOWED.

Signed: Hon. J. Kariuki (TAT Member)"
DOC-RUL-00105,Tribunal Ruling,"TAX APPEALS TRIBUNAL
RULING

TAT CASE NO: TAT/7011/3693
Date: 2026-03-23

CORAM: Hon. Justice B. Ochieng

BETWEEN
ANDERSON-ANDRADE  ................. APPELLANT
AND
KENYA REVENUE AUTHORITY  ................. RESPONDENT

Having considered the submissions of both parties and the evidence on record, this Tribunal finds that Regulation 15 of the VAT Regulations 2017 was correctly applied by the Respondent.

DECISION: APPEAL DISMISSED.

Signed: Hon. Justice B. Ochieng"
DOC-RUL-00106,Tribunal Ruling,"TAX APPEALS TRIBUNAL
RULING

TAT CASE NO: TAT/7014/8283
Date: 2025-04-09

CORAM: Hon. Justice D. Kiprop

BETWEEN
WIGGINS AND SONS  ................. APPELLANT
AND
KENYA REVENUE AUTHORITY  ................. RESPONDENT

Having considered the submissions of both parties and the evidence on record, this Tribunal finds that Section 31 of the Value Added Tax Act was correctly applied by the Respondent.

DECISION: APPEAL ALLOWED.

Signed: Hon. J. Kariuki (TAT Member)"
DOC-RUL-00107,Tribunal Ruling,"TAX APPEALS TRIBUNAL
RULING

TAT CASE NO: TAT/3195/8104
Date: 2026-03-16

CORAM: Hon. R. Omondi (TAT Chair)

BETWEEN
WILKINSON AND SONS  ................. APPELLANT
AND
KENYA REVENUE AUTHORITY  ................. RESPONDENT

Having considered the submissions of both parties and the evidence on record, this Tribunal finds that Regulation 15 of the VAT Regulations 2017 was correctly applied by the Respondent.

DECISION: APPEAL DISMISSED.

Signed: Hon. Justice C. Wanjiku"
DOC-RUL-00108,Tribunal Ruling,"TAX APPEALS TRIBUNAL
RULING

TAT CASE NO: TAT/2327/4963
Date: 2025-09-24

CORAM: Hon. R. Omondi (TAT Chair)

BETWEEN
JONES, SOLIS AND ANDERSON  ................. APPELLANT
AND
KENYA REVENUE AUTHORITY  ................. RESPONDENT

Having considered the submissions of both parties and the evidence on record, this Tribunal finds that Section 58 of the East African Customs Management Act was incorrectly applied by the Respondent.

DECISION: APPEAL ALLOWED.

Signed: Hon. Justice A. Mwangi"
DOC-RUL-00109,Tribunal Ruling,"TAX APPEALS TRIBUNAL
RULING

TAT CASE NO: TAT/3193/2291
Date: 2026-02-08

CORAM: Hon. J. Kariuki (TAT Member)

BETWEEN
MATTHEWS, DAVIS AND RAMIREZ  ................. APPELLANT
AND
KENYA REVENUE AUTHORITY  ................. RESPONDENT

Having considered the submissions of both parties and the evidence on record, this Tribunal finds that Section 47 of the Income Tax Act was incorrectly applied by the Respondent.

DECISION: APPEAL ALLOWED.

Signed: Hon. Justice D. Kiprop"
DOC-RUL-00110,Tribunal Ruling,"TAX APPEALS TRIBUNAL
RULING

TAT CASE NO: TAT/6369/0090
Date: 2026-03-08

CORAM: Hon. Justice B. Ochieng

BETWEEN
SIMS-JOHNSON  ................. APPELLANT
AND
KENYA REVENUE AUTHORITY  ................. RESPONDENT

Having considered the submissions of both parties and the evidence on record, this Tribunal finds that Regulation 15 of the VAT Regulations 2017 was incorrectly applied by the Respondent.

DECISION: APPEAL ALLOWED.

Signed: Hon. Justice A. Mwangi"
DOC-RUL-00111,Tribunal Ruling,"TAX APPEALS TRIBUNAL
RULING

TAT CASE NO: TAT/9297/6425
Date: 2025-08-25

CORAM: Hon. Justice B. Ochieng

BETWEEN
WALKER-CHAVEZ  ................. APPELLANT
AND
KENYA REVENUE AUTHORITY  ................. RESPONDENT

Having considered the submissions of both parties and the evidence on record, this Tribunal finds that Section 37 of the Tax Procedures Act was incorrectly applied by the Respondent.

DECISION: APPEAL ALLOWED.

Signed: Hon. R. Omondi (TAT Chair)"
DOC-RUL-00112,Tribunal Ruling,"TAX APPEALS TRIBUNAL
RULING

TAT CASE NO: TAT/8345/9325
Date: 2024-09-27

CORAM: Hon. Justice D. Kiprop

BETWEEN
ALVAREZ-RAMIREZ  ................. APPELLANT
AND
KENYA REVENUE AUTHORITY  ................. RESPONDENT

Having considered the submissions of both parties and the evidence on record, this Tribunal finds that Regulation 15 of the VAT Regulations 2017 was correctly applied by the Respondent.

DECISION: APPEAL DISMISSED.

Signed: Hon. J. Kariuki (TAT Member)"
DOC-RUL-00113,Tribunal Ruling,"TAX APPEALS TRIBUNAL
RULING

TAT CASE NO: TAT/1396/5665
Date: 2026-02-13

CORAM: Hon. J. Kariuki (TAT Member)

BETWEEN
SHEPPARD LTD  ................. APPELLANT
AND
KENYA REVENUE AUTHORITY  ................. RESPONDENT

Having considered the submissions of both parties and the evidence on record, this Tribunal finds that Section 47 of the Income Tax Act was incorrectly applied by the Respondent.

DECISION: APPEAL ALLOWED.

Signed: Hon. Justice A. Mwangi"
DOC-RUL-00114,Tribunal Ruling,"TAX APPEALS TRIBUNAL
RULING

TAT CASE NO: TAT/0176/1873
Date: 2025-02-06

CORAM: Hon. J. Kariuki (TAT Member)

BETWEEN
WEISS-WATKINS  ................. APPELLANT
AND
KENYA REVENUE AUTHORITY  ................. RESPONDENT

Having considered the submissions of both parties and the evidence on record, this Tribunal finds that Section 31 of the Value Added Tax Act was incorrectly applied by the Respondent.

DECISION: APPEAL PARTIALLY ALLOWED.

Signed: Hon. R. Omondi (TAT Chair)"
DOC-RUL-00115,Tribunal Ruling,"TAX APPEALS TRIBUNAL
RULING

TAT CASE NO: TAT/8486/2517
Date: 2025-05-08

CORAM: Hon. Justice B. Ochieng

BETWEEN
HARRIS AND SONS  ................. APPELLANT
AND
KENYA REVENUE AUTHORITY  ................. RESPONDENT

Having considered the submissions of both parties and the evidence on record, this Tribunal finds that Section 12 of the Tax Appeals Tribunal Act was incorrectly applied by the Respondent.

DECISION: APPEAL ALLOWED.

Signed: Hon. Justice C. Wanjiku"
DOC-RUL-00116,Tribunal Ruling,"TAX APPEALS TRIBUNAL
RULING

TAT CASE NO: TAT/3239/9101
Date: 2024-09-04

CORAM: Hon. R. Omondi (TAT Chair)

BETWEEN
SMITH GROUP  ................. APPELLANT
AND
KENYA REVENUE AUTHORITY  ................. RESPONDENT

Having considered the submissions of both parties and the evidence on record, this Tribunal finds that Regulation 15 of the VAT Regulations 2017 was incorrectly applied by the Respondent.

DECISION: APPEAL DISMISSED.

Signed: Hon. Justice C. Wanjiku"
DOC-RUL-00117,Tribunal Ruling,"TAX APPEALS TRIBUNAL
RULING

TAT CASE NO: TAT/8001/3565
Date: 2024-09-21

CORAM: Hon. Justice C. Wanjiku

BETWEEN
BURNS-ANDERSON  ................. APPELLANT
AND
KENYA REVENUE AUTHORITY  ................. RESPONDENT

Having considered the submissions of both parties and the evidence on record, this Tribunal finds that Section 47 of the Income Tax Act was correctly applied by the Respondent.

DECISION: APPEAL DISMISSED.

Signed: Hon. Justice B. Ochieng"
DOC-RUL-00118,Tribunal Ruling,"TAX APPEALS TRIBUNAL
RULING

TAT CASE NO: TAT/3532/2595
Date: 2026-01-18

CORAM: Hon. J. Kariuki (TAT Member)

BETWEEN
WATKINS INC  ................. APPELLANT
AND
KENYA REVENUE AUTHORITY  ................. RESPONDENT

Having considered the submissions of both parties and the evidence on record, this Tribunal finds that Section 31 of the Value Added Tax Act was correctly applied by the Respondent.

DECISION: APPEAL ALLOWED.

Signed: Hon. Justice A. Mwangi"
DOC-RUL-00119,Tribunal Ruling,"TAX APPEALS TRIBUNAL
RULING

TAT CASE NO: TAT/0812/9542
Date: 2024-10-09

CORAM: Hon. Justice D. Kiprop

BETWEEN
SINGH, BRADLEY AND CONLEY  ................. APPELLANT
AND
KENYA REVENUE AUTHORITY  ................. RESPONDENT

Having considered the submissions of both parties and the evidence on record, this Tribunal finds that Section 58 of the East African Customs Management Act was incorrectly applied by the Respondent.

DECISION: APPEAL ALLOWED.

Signed: Hon. Justice D. Kiprop"
DOC-RUL-00120,Tribunal Ruling,"TAX APPEALS TRIBUNAL
RULING

TAT CASE NO: TAT/2850/0941
Date: 2025-04-14

CORAM: Hon. J. Kariuki (TAT Member)

BETWEEN
JOHNSON INC  ................. APPELLANT
AND
KENYA REVENUE AUTHORITY  ................. RESPONDENT

Having considered the submissions of both parties and the evidence on record, this Tribunal finds that Section 12 of the Tax Appeals Tribunal Act was correctly applied by the Respondent.

DECISION: APPEAL ALLOWED.

Signed: Hon. Justice D. Kiprop"
DOC-RUL-00121,Tribunal Ruling,"TAX APPEALS TRIBUNAL
RULING

TAT CASE NO: TAT/9305/0193
Date: 2024-12-26

CORAM: Hon. Justice D. Kiprop

BETWEEN
MOLINA-ROGERS  ................. APPELLANT
AND
KENYA REVENUE AUTHORITY  ................. RESPONDENT

Having considered the submissions of both parties and the evidence on record, this Tribunal finds that Section 12 of the Tax Appeals Tribunal Act was correctly applied by the Respondent.

DECISION: APPEAL DISMISSED.

Signed: Hon. Justice A. Mwangi"
DOC-RUL-00122,Tribunal Ruling,"TAX APPEALS TRIBUNAL
RULING

TAT CASE NO: TAT/7322/9622
Date: 2025-05-31

CORAM: Hon. R. Omondi (TAT Chair)

BETWEEN
MCCOY-TRAVIS  ................. APPELLANT
AND
KENYA REVENUE AUTHORITY  ................. RESPONDENT

Having considered the submissions of both parties and the evidence on record, this Tribunal finds that Section 12 of the Tax Appeals Tribunal Act was correctly applied by the Respondent.

DECISION: APPEAL ALLOWED.

Signed: Hon. Justice B. Ochieng"
DOC-RUL-00123,Tribunal Ruling,"TAX APPEALS TRIBUNAL
RULING

TAT CASE NO: TAT/1116/9493
Date: 2025-05-19

CORAM: Hon. Justice B. Ochieng

BETWEEN
MOYER-GREEN  ................. APPELLANT
AND
KENYA REVENUE AUTHORITY  ................. RESPONDENT

Having considered the submissions of both parties and the evidence on record, this Tribunal finds that Section 31 of the Value Added Tax Act was correctly applied by the Respondent.

DECISION: APPEAL DISMISSED.

Signed: Hon. Justice C. Wanjiku"
DOC-RUL-00124,Tribunal Ruling,"TAX APPEALS TRIBUNAL
RULING

TAT CASE NO: TAT/8609/8598
Date: 2025-05-08

CORAM: Hon. J. Kariuki (TAT Member)

BETWEEN
MEDINA-CONTRERAS  ................. APPELLANT
AND
KENYA REVENUE AUTHORITY  ................. RESPONDENT

Having considered the submissions of both parties and the evidence on record, this Tribunal finds that Section 31 of the Value Added Tax Act was incorrectly applied by the Respondent.

DECISION: APPEAL DISMISSED.

Signed: Hon. Justice C. Wanjiku"
DOC-RUL-00125,Tribunal Ruling,"TAX APPEALS TRIBUNAL
RULING

TAT CASE NO: TAT/4756/2677
Date: 2026-01-24

CORAM: Hon. Justice A. Mwangi

BETWEEN
FISHER, HART AND THOMPSON  ................. APPELLANT
AND
KENYA REVENUE AUTHORITY  ................. RESPONDENT

Having considered the submissions of both parties and the evidence on record, this Tribunal finds that Section 58 of the East African Customs Management Act was incorrectly applied by the Respondent.

DECISION: APPEAL ALLOWED.

Signed: Hon. J. Kariuki (TAT Member)"
DOC-RUL-00126,Tribunal Ruling,"TAX APPEALS TRIBUNAL
RULING

TAT CASE NO: TAT/5690/0267
Date: 2025-06-04

CORAM: Hon. J. Kariuki (TAT Member)

BETWEEN
LARA LLC  ................. APPELLANT
AND
KENYA REVENUE AUTHORITY  ................. RESPONDENT

Having considered the submissions of both parties and the evidence on record, this Tribunal finds that Section 47 of the Income Tax Act was correctly applied by the Respondent.

DECISION: APPEAL PARTIALLY ALLOWED.

Signed: Hon. Justice D. Kiprop"
DOC-RUL-00127,Tribunal Ruling,"TAX APPEALS TRIBUNAL
RULING

TAT CASE NO: TAT/3115/9707
Date: 2025-08-02

CORAM: Hon. Justice B. Ochieng

BETWEEN
MIDDLETON, STEPHENSON AND HALE  ................. APPELLANT
AND
KENYA REVENUE AUTHORITY  ................. RESPONDENT

Having considered the submissions of both parties and the evidence on record, this Tribunal finds that Section 31 of the Value Added Tax Act was correctly applied by the Respondent.

DECISION: APPEAL ALLOWED.

Signed: Hon. Justice A. Mwangi"
DOC-RUL-00128,Tribunal Ruling,"TAX APPEALS TRIBUNAL
RULING

TAT CASE NO: TAT/8969/9614
Date: 2026-01-31

CORAM: Hon. Justice B. Ochieng

BETWEEN
REEVES GROUP  ................. APPELLANT
AND
KENYA REVENUE AUTHORITY  ................. RESPONDENT

Having considered the submissions of both parties and the evidence on record, this Tribunal finds that Section 47 of the Income Tax Act was incorrectly applied by the Respondent.

DECISION: APPEAL ALLOWED.

Signed: Hon. Justice C. Wanjiku"
DOC-RUL-00129,Tribunal Ruling,"TAX APPEALS TRIBUNAL
RULING

TAT CASE NO: TAT/8685/9535
Date: 2025-10-28

CORAM: Hon. R. Omondi (TAT Chair)

BETWEEN
GILBERT, ELLIS AND ARMSTRONG  ................. APPELLANT
AND
KENYA REVENUE AUTHORITY  ................. RESPONDENT

Having considered the submissions of both parties and the evidence on record, this Tribunal finds that Regulation 15 of the VAT Regulations 2017 was correctly applied by the Respondent.

DECISION: APPEAL PARTIALLY ALLOWED.

Signed: Hon. J. Kariuki (TAT Member)"
DOC-RUL-00130,Tribunal Ruling,"TAX APPEALS TRIBUNAL
RULING

TAT CASE NO: TAT/0977/4518
Date: 2026-06-30

CORAM: Hon. Justice C. Wanjiku

BETWEEN
SMITH, HAMILTON AND BROWN  ................. APPELLANT
AND
KENYA REVENUE AUTHORITY  ................. RESPONDENT

Having considered the submissions of both parties and the evidence on record, this Tribunal finds that Section 31 of the Value Added Tax Act was correctly applied by the Respondent.

DECISION: APPEAL PARTIALLY ALLOWED.

Signed: Hon. Justice A. Mwangi"
DOC-RUL-00131,Tribunal Ruling,"TAX APPEALS TRIBUNAL
RULING

TAT CASE NO: TAT/1265/1981
Date: 2026-04-18

CORAM: Hon. R. Omondi (TAT Chair)

BETWEEN
BISHOP, FERGUSON AND SMITH  ................. APPELLANT
AND
KENYA REVENUE AUTHORITY  ................. RESPONDENT

Having considered the submissions of both parties and the evidence on record, this Tribunal finds that Section 58 of the East African Customs Management Act was correctly applied by the Respondent.

DECISION: APPEAL ALLOWED.

Signed: Hon. Justice A. Mwangi"
DOC-RUL-00132,Tribunal Ruling,"TAX APPEALS TRIBUNAL
RULING

TAT CASE NO: TAT/8730/3713
Date: 2024-09-17

CORAM: Hon. Justice A. Mwangi

BETWEEN
KIM-MORSE  ................. APPELLANT
AND
KENYA REVENUE AUTHORITY  ................. RESPONDENT

Having considered the submissions of both parties and the evidence on record, this Tribunal finds that Section 31 of the Value Added Tax Act was incorrectly applied by the Respondent.

DECISION: APPEAL DISMISSED.

Signed: Hon. Justice A. Mwangi"
DOC-RUL-00133,Tribunal Ruling,"TAX APPEALS TRIBUNAL
RULING

TAT CASE NO: TAT/9746/6015
Date: 2025-10-25

CORAM: Hon. J. Kariuki (TAT Member)

BETWEEN
MILLER, SCHWARTZ AND SAVAGE  ................. APPELLANT
AND
KENYA REVENUE AUTHORITY  ................. RESPONDENT

Having considered the submissions of both parties and the evidence on record, this Tribunal finds that Section 58 of the East African Customs Management Act was incorrectly applied by the Respondent.

DECISION: APPEAL ALLOWED.

Signed: Hon. Justice D. Kiprop"
DOC-RUL-00134,Tribunal Ruling,"TAX APPEALS TRIBUNAL
RULING

TAT CASE NO: TAT/4115/1708
Date: 2025-05-13

CORAM: Hon. Justice D. Kiprop

BETWEEN
CLARK, BROWN AND LOPEZ  ................. APPELLANT
AND
KENYA REVENUE AUTHORITY  ................. RESPONDENT

Having considered the submissions of both parties and the evidence on record, this Tribunal finds that Regulation 15 of the VAT Regulations 2017 was incorrectly applied by the Respondent.

DECISION: APPEAL ALLOWED.

Signed: Hon. Justice B. Ochieng"
DOC-RUL-00135,Tribunal Ruling,"TAX APPEALS TRIBUNAL
RULING

TAT CASE NO: TAT/7329/1414
Date: 2025-01-12

CORAM: Hon. Justice B. Ochieng

BETWEEN
BRADLEY-SILVA  ................. APPELLANT
AND
KENYA REVENUE AUTHORITY  ................. RESPONDENT

Having considered the submissions of both parties and the evidence on record, this Tribunal finds that Section 47 of the Income Tax Act was incorrectly applied by the Respondent.

DECISION: APPEAL DISMISSED.

Signed: Hon. Justice C. Wanjiku"
DOC-RUL-00136,Tribunal Ruling,"TAX APPEALS TRIBUNAL
RULING

TAT CASE NO: TAT/3291/3139
Date: 2026-01-01

CORAM: Hon. Justice B. Ochieng

BETWEEN
VASQUEZ-PHAM  ................. APPELLANT
AND
KENYA REVENUE AUTHORITY  ................. RESPONDENT

Having considered the submissions of both parties and the evidence on record, this Tribunal finds that Section 31 of the Value Added Tax Act was correctly applied by the Respondent.

DECISION: APPEAL DISMISSED.

Signed: Hon. R. Omondi (TAT Chair)"
DOC-RUL-00137,Tribunal Ruling,"TAX APPEALS TRIBUNAL
RULING

TAT CASE NO: TAT/3068/9880
Date: 2024-10-28

CORAM: Hon. Justice D. Kiprop

BETWEEN
VARGAS, GARCIA AND PACE  ................. APPELLANT
AND
KENYA REVENUE AUTHORITY  ................. RESPONDENT

Having considered the submissions of both parties and the evidence on record, this Tribunal finds that Section 58 of the East African Customs Management Act was incorrectly applied by the Respondent.

DECISION: APPEAL DISMISSED.

Signed: Hon. Justice A. Mwangi"
DOC-RUL-00138,Tribunal Ruling,"TAX APPEALS TRIBUNAL
RULING

TAT CASE NO: TAT/8931/4825
Date: 2025-11-07

CORAM: Hon. Justice C. Wanjiku

BETWEEN
JONES, MOORE AND CARDENAS  ................. APPELLANT
AND
KENYA REVENUE AUTHORITY  ................. RESPONDENT

Having considered the submissions of both parties and the evidence on record, this Tribunal finds that Section 58 of the East African Customs Management Act was correctly applied by the Respondent.

DECISION: APPEAL ALLOWED.

Signed: Hon. Justice D. Kiprop"
DOC-RUL-00139,Tribunal Ruling,"TAX APPEALS TRIBUNAL
RULING

TAT CASE NO: TAT/0193/2722
Date: 2024-09-18

CORAM: Hon. R. Omondi (TAT Chair)

BETWEEN
RODRIGUEZ GROUP  ................. APPELLANT
AND
KENYA REVENUE AUTHORITY  ................. RESPONDENT

Having considered the submissions of both parties and the evidence on record, this Tribunal finds that Section 37 of the Tax Procedures Act was correctly applied by the Respondent.

DECISION: APPEAL ALLOWED.

Signed: Hon. R. Omondi (TAT Chair)"
DOC-RUL-00140,Tribunal Ruling,"TAX APPEALS TRIBUNAL
RULING

TAT CASE NO: TAT/9050/5425
Date: 2026-03-09

CORAM: Hon. Justice A. Mwangi

BETWEEN
GATES-DAVIES  ................. APPELLANT
AND
KENYA REVENUE AUTHORITY  ................. RESPONDENT

Having considered the submissions of both parties and the evidence on record, this Tribunal finds that Section 58 of the East African Customs Management Act was incorrectly applied by the Respondent.

DECISION: APPEAL PARTIALLY ALLOWED.

Signed: Hon. Justice D. Kiprop"
DOC-RUL-00141,Tribunal Ruling,"TAX APPEALS TRIBUNAL
RULING

TAT CASE NO: TAT/2845/5944
Date: 2026-02-10

CORAM: Hon. Justice D. Kiprop

BETWEEN
SMITH, GUERRERO AND JOHNSON  ................. APPELLANT
AND
KENYA REVENUE AUTHORITY  ................. RESPONDENT

Having considered the submissions of both parties and the evidence on record, this Tribunal finds that Section 12 of the Tax Appeals Tribunal Act was incorrectly applied by the Respondent.

DECISION: APPEAL PARTIALLY ALLOWED.

Signed: Hon. Justice D. Kiprop"
DOC-RUL-00142,Tribunal Ruling,"TAX APPEALS TRIBUNAL
RULING

TAT CASE NO: TAT/6451/5556
Date: 2024-07-12

CORAM: Hon. Justice B. Ochieng

BETWEEN
ADAMS, HAWKINS AND BLACKBURN  ................. APPELLANT
AND
KENYA REVENUE AUTHORITY  ................. RESPONDENT

Having considered the submissions of both parties and the evidence on record, this Tribunal finds that Section 31 of the Value Added Tax Act was incorrectly applied by the Respondent.

DECISION: APPEAL DISMISSED.

Signed: Hon. J. Kariuki (TAT Member)"
DOC-RUL-00143,Tribunal Ruling,"TAX APPEALS TRIBUNAL
RULING

TAT CASE NO: TAT/2360/6958
Date: 2025-08-04

CORAM: Hon. Justice A. Mwangi

BETWEEN
SAVAGE, DUNLAP AND MORALES  ................. APPELLANT
AND
KENYA REVENUE AUTHORITY  ................. RESPONDENT

Having considered the submissions of both parties and the evidence on record, this Tribunal finds that Section 12 of the Tax Appeals Tribunal Act was correctly applied by the Respondent.

DECISION: APPEAL ALLOWED.

Signed: Hon. Justice D. Kiprop"
DOC-RUL-00144,Tribunal Ruling,"TAX APPEALS TRIBUNAL
RULING

TAT CASE NO: TAT/8788/2514
Date: 2024-10-17

CORAM: Hon. Justice C. Wanjiku

BETWEEN
ROSALES, GONZALEZ AND JONES  ................. APPELLANT
AND
KENYA REVENUE AUTHORITY  ................. RESPONDENT

Having considered the submissions of both parties and the evidence on record, this Tribunal finds that Section 37 of the Tax Procedures Act was correctly applied by the Respondent.

DECISION: APPEAL PARTIALLY ALLOWED.

Signed: Hon. Justice B. Ochieng"
DOC-RUL-00145,Tribunal Ruling,"TAX APPEALS TRIBUNAL
RULING

TAT CASE NO: TAT/6774/9635
Date: 2026-02-07

CORAM: Hon. Justice B. Ochieng

BETWEEN
WONG-SCOTT  ................. APPELLANT
AND
KENYA REVENUE AUTHORITY  ................. RESPONDENT

Having considered the submissions of both parties and the evidence on record, this Tribunal finds that Regulation 15 of the VAT Regulations 2017 was correctly applied by the Respondent.

DECISION: APPEAL ALLOWED.

Signed: Hon. Justice C. Wanjiku"
DOC-RUL-00146,Tribunal Ruling,"TAX APPEALS TRIBUNAL
RULING

TAT CASE NO: TAT/0848/9760
Date: 2025-08-25

CORAM: Hon. R. Omondi (TAT Chair)

BETWEEN
STANTON LTD  ................. APPELLANT
AND
KENYA REVENUE AUTHORITY  ................. RESPONDENT

Having considered the submissions of both parties and the evidence on record, this Tribunal finds that Section 31 of the Value Added Tax Act was correctly applied by the Respondent.

DECISION: APPEAL PARTIALLY ALLOWED.

Signed: Hon. J. Kariuki (TAT Member)"
DOC-RUL-00147,Tribunal Ruling,"TAX APPEALS TRIBUNAL
RULING

TAT CASE NO: TAT/0932/4590
Date: 2025-07-06

CORAM: Hon. Justice C. Wanjiku

BETWEEN
MULLEN INC  ................. APPELLANT
AND
KENYA REVENUE AUTHORITY  ................. RESPONDENT

Having considered the submissions of both parties and the evidence on record, this Tribunal finds that Section 47 of the Income Tax Act was correctly applied by the Respondent.

DECISION: APPEAL DISMISSED.

Signed: Hon. Justice B. Ochieng"
DOC-RUL-00148,Tribunal Ruling,"TAX APPEALS TRIBUNAL
RULING

TAT CASE NO: TAT/4028/9189
Date: 2025-03-06

CORAM: Hon. Justice C. Wanjiku

BETWEEN
HERNANDEZ, SINGH AND OWENS  ................. APPELLANT
AND
KENYA REVENUE AUTHORITY  ................. RESPONDENT

Having considered the submissions of both parties and the evidence on record, this Tribunal finds that Regulation 15 of the VAT Regulations 2017 was incorrectly applied by the Respondent.

DECISION: APPEAL PARTIALLY ALLOWED.

Signed: Hon. J. Kariuki (TAT Member)"
DOC-RUL-00149,Tribunal Ruling,"TAX APPEALS TRIBUNAL
RULING

TAT CASE NO: TAT/8498/9018
Date: 2025-02-08

CORAM: Hon. R. Omondi (TAT Chair)

BETWEEN
GRAHAM PLC  ................. APPELLANT
AND
KENYA REVENUE AUTHORITY  ................. RESPONDENT

Having considered the submissions of both parties and the evidence on record, this Tribunal finds that Regulation 15 of the VAT Regulations 2017 was incorrectly applied by the Respondent.

DECISION: APPEAL ALLOWED.

Signed: Hon. J. Kariuki (TAT Member)"
DOC-RUL-00150,Tribunal Ruling,"TAX APPEALS TRIBUNAL
RULING

TAT CASE NO: TAT/0075/3154
Date: 2025-08-11

CORAM: Hon. Justice B. Ochieng

BETWEEN
ALEXANDER-FULLER  ................. APPELLANT
AND
KENYA REVENUE AUTHORITY  ................. RESPONDENT

Having considered the submissions of both parties and the evidence on record, this Tribunal finds that Section 37 of the Tax Procedures Act was correctly applied by the Respondent.

DECISION: APPEAL PARTIALLY ALLOWED.

Signed: Hon. Justice D. Kiprop"
DOC-RUL-00151,Tribunal Ruling,"TAX APPEALS TRIBUNAL
RULING

TAT CASE NO: TAT/6756/7116
Date: 2025-04-16

CORAM: Hon. Justice C. Wanjiku

BETWEEN
HERNANDEZ-WILLIAMS  ................. APPELLANT
AND
KENYA REVENUE AUTHORITY  ................. RESPONDENT

Having considered the submissions of both parties and the evidence on record, this Tribunal finds that Section 47 of the Income Tax Act was incorrectly applied by the Respondent.

DECISION: APPEAL PARTIALLY ALLOWED.

Signed: Hon. Justice A. Mwangi"
DOC-RUL-00152,Tribunal Ruling,"TAX APPEALS TRIBUNAL
RULING

TAT CASE NO: TAT/2593/9607
Date: 2024-07-23

CORAM: Hon. Justice A. Mwangi

BETWEEN
MORALES GROUP  ................. APPELLANT
AND
KENYA REVENUE AUTHORITY  ................. RESPONDENT

Having considered the submissions of both parties and the evidence on record, this Tribunal finds that Section 47 of the Income Tax Act was correctly applied by the Respondent.

DECISION: APPEAL ALLOWED.

Signed: Hon. Justice A. Mwangi"
DOC-RUL-00153,Tribunal Ruling,"TAX APPEALS TRIBUNAL
RULING

TAT CASE NO: TAT/9480/9204
Date: 2024-10-08

CORAM: Hon. Justice D. Kiprop

BETWEEN
REYES INC  ................. APPELLANT
AND
KENYA REVENUE AUTHORITY  ................. RESPONDENT

Having considered the submissions of both parties and the evidence on record, this Tribunal finds that Section 31 of the Value Added Tax Act was incorrectly applied by the Respondent.

DECISION: APPEAL PARTIALLY ALLOWED.

Signed: Hon. J. Kariuki (TAT Member)"
DOC-RUL-00154,Tribunal Ruling,"TAX APPEALS TRIBUNAL
RULING

TAT CASE NO: TAT/0763/4987
Date: 2026-04-17

CORAM: Hon. Justice B. Ochieng

BETWEEN
HOWARD, HERNANDEZ AND WILSON  ................. APPELLANT
AND
KENYA REVENUE AUTHORITY  ................. RESPONDENT

Having considered the submissions of both parties and the evidence on record, this Tribunal finds that Section 12 of the Tax Appeals Tribunal Act was correctly applied by the Respondent.

DECISION: APPEAL ALLOWED.

Signed: Hon. Justice C. Wanjiku"
DOC-RUL-00155,Tribunal Ruling,"TAX APPEALS TRIBUNAL
RULING

TAT CASE NO: TAT/3388/9421
Date: 2025-05-26

CORAM: Hon. Justice A. Mwangi

BETWEEN
HEBERT INC  ................. APPELLANT
AND
KENYA REVENUE AUTHORITY  ................. RESPONDENT

Having considered the submissions of both parties and the evidence on record, this Tribunal finds that Section 47 of the Income Tax Act was correctly applied by the Respondent.

DECISION: APPEAL ALLOWED.

Signed: Hon. Justice A. Mwangi"
DOC-RUL-00156,Tribunal Ruling,"TAX APPEALS TRIBUNAL
RULING

TAT CASE NO: TAT/3188/8102
Date: 2024-11-25

CORAM: Hon. Justice C. Wanjiku

BETWEEN
RUSSELL, COOKE AND REYNOLDS  ................. APPELLANT
AND
KENYA REVENUE AUTHORITY  ................. RESPONDENT

Having considered the submissions of both parties and the evidence on record, this Tribunal finds that Section 31 of the Value Added Tax Act was incorrectly applied by the Respondent.

DECISION: APPEAL PARTIALLY ALLOWED.

Signed: Hon. R. Omondi (TAT Chair)"
DOC-RUL-00157,Tribunal Ruling,"TAX APPEALS TRIBUNAL
RULING

TAT CASE NO: TAT/9779/3342
Date: 2024-08-16

CORAM: Hon. Justice D. Kiprop

BETWEEN
BURKE PLC  ................. APPELLANT
AND
KENYA REVENUE AUTHORITY  ................. RESPONDENT

Having considered the submissions of both parties and the evidence on record, this Tribunal finds that Section 37 of the Tax Procedures Act was correctly applied by the Respondent.

DECISION: APPEAL PARTIALLY ALLOWED.

Signed: Hon. Justice C. Wanjiku"
DOC-RUL-00158,Tribunal Ruling,"TAX APPEALS TRIBUNAL
RULING

TAT CASE NO: TAT/0568/7425
Date: 2024-12-26

CORAM: Hon. Justice C. Wanjiku

BETWEEN
SPEARS PLC  ................. APPELLANT
AND
KENYA REVENUE AUTHORITY  ................. RESPONDENT

Having considered the submissions of both parties and the evidence on record, this Tribunal finds that Section 47 of the Income Tax Act was correctly applied by the Respondent.

DECISION: APPEAL DISMISSED.

Signed: Hon. R. Omondi (TAT Chair)"
DOC-RUL-00159,Tribunal Ruling,"TAX APPEALS TRIBUNAL
RULING

TAT CASE NO: TAT/2465/2417
Date: 2024-09-23

CORAM: Hon. R. Omondi (TAT Chair)

BETWEEN
BYRD-HOUSTON  ................. APPELLANT
AND
KENYA REVENUE AUTHORITY  ................. RESPONDENT

Having considered the submissions of both parties and the evidence on record, this Tribunal finds that Section 58 of the East African Customs Management Act was incorrectly applied by the Respondent.

DECISION: APPEAL DISMISSED.

Signed: Hon. Justice B. Ochieng"
DOC-RUL-00160,Tribunal Ruling,"TAX APPEALS TRIBUNAL
RULING

TAT CASE NO: TAT/6371/0574
Date: 2024-07-20

CORAM: Hon. J. Kariuki (TAT Member)

BETWEEN
PHAM, OLIVER AND PUGH  ................. APPELLANT
AND
KENYA REVENUE AUTHORITY  ................. RESPONDENT

Having considered the submissions of both parties and the evidence on record, this Tribunal finds that Regulation 15 of the VAT Regulations 2017 was incorrectly applied by the Respondent.

DECISION: APPEAL PARTIALLY ALLOWED.

Signed: Hon. Justice B. Ochieng"
DOC-RUL-00161,Tribunal Ruling,"TAX APPEALS TRIBUNAL
RULING

TAT CASE NO: TAT/5034/3059
Date: 2025-06-01

CORAM: Hon. J. Kariuki (TAT Member)

BETWEEN
MARQUEZ-LAWRENCE  ................. APPELLANT
AND
KENYA REVENUE AUTHORITY  ................. RESPONDENT

Having considered the submissions of both parties and the evidence on record, this Tribunal finds that Section 47 of the Income Tax Act was incorrectly applied by the Respondent.

DECISION: APPEAL PARTIALLY ALLOWED.

Signed: Hon. Justice C. Wanjiku"
DOC-RUL-00162,Tribunal Ruling,"TAX APPEALS TRIBUNAL
RULING

TAT CASE NO: TAT/7945/9829
Date: 2024-08-14

CORAM: Hon. R. Omondi (TAT Chair)

BETWEEN
EVANS LLC  ................. APPELLANT
AND
KENYA REVENUE AUTHORITY  ................. RESPONDENT

Having considered the submissions of both parties and the evidence on record, this Tribunal finds that Section 12 of the Tax Appeals Tribunal Act was correctly applied by the Respondent.

DECISION: APPEAL PARTIALLY ALLOWED.

Signed: Hon. Justice B. Ochieng"
DOC-RUL-00163,Tribunal Ruling,"TAX APPEALS TRIBUNAL
RULING

TAT CASE NO: TAT/6105/3393
Date: 2025-05-16

CORAM: Hon. Justice A. Mwangi

BETWEEN
ELLISON-GARCIA  ................. APPELLANT
AND
KENYA REVENUE AUTHORITY  ................. RESPONDENT

Having considered the submissions of both parties and the evidence on record, this Tribunal finds that Regulation 15 of the VAT Regulations 2017 was incorrectly applied by the Respondent.

DECISION: APPEAL PARTIALLY ALLOWED.

Signed: Hon. J. Kariuki (TAT Member)"
DOC-RUL-00164,Tribunal Ruling,"TAX APPEALS TRIBUNAL
RULING

TAT CASE NO: TAT/2207/5758
Date: 2024-11-09

CORAM: Hon. Justice B. Ochieng

BETWEEN
HENSON GROUP  ................. APPELLANT
AND
KENYA REVENUE AUTHORITY  ................. RESPONDENT

Having considered the submissions of both parties and the evidence on record, this Tribunal finds that Section 37 of the Tax Procedures Act was incorrectly applied by the Respondent.

DECISION: APPEAL ALLOWED.

Signed: Hon. J. Kariuki (TAT Member)"
DOC-RUL-00165,Tribunal Ruling,"TAX APPEALS TRIBUNAL
RULING

TAT CASE NO: TAT/0282/2831
Date: 2025-02-11

CORAM: Hon. R. Omondi (TAT Chair)

BETWEEN
CONLEY, KELLER AND HERNANDEZ  ................. APPELLANT
AND
KENYA REVENUE AUTHORITY  ................. RESPONDENT

Having considered the submissions of both parties and the evidence on record, this Tribunal finds that Section 37 of the Tax Procedures Act was correctly applied by the Respondent.

DECISION: APPEAL ALLOWED.

Signed: Hon. Justice D. Kiprop"
DOC-RUL-00166,Tribunal Ruling,"TAX APPEALS TRIBUNAL
RULING

TAT CASE NO: TAT/9857/5172
Date: 2026-05-12

CORAM: Hon. Justice C. Wanjiku

BETWEEN
DIAZ, FISHER AND ROMAN  ................. APPELLANT
AND
KENYA REVENUE AUTHORITY  ................. RESPONDENT

Having considered the submissions of both parties and the evidence on record, this Tribunal finds that Regulation 15 of the VAT Regulations 2017 was correctly applied by the Respondent.

DECISION: APPEAL ALLOWED.

Signed: Hon. Justice B. Ochieng"
DOC-RUL-00167,Tribunal Ruling,"TAX APPEALS TRIBUNAL
RULING

TAT CASE NO: TAT/1913/3951
Date: 2025-12-15

CORAM: Hon. Justice C. Wanjiku

BETWEEN
STOKES GROUP  ................. APPELLANT
AND
KENYA REVENUE AUTHORITY  ................. RESPONDENT

Having considered the submissions of both parties and the evidence on record, this Tribunal finds that Section 47 of the Income Tax Act was correctly applied by the Respondent.

DECISION: APPEAL DISMISSED.

Signed: Hon. R. Omondi (TAT Chair)"
DOC-RUL-00168,Tribunal Ruling,"TAX APPEALS TRIBUNAL
RULING

TAT CASE NO: TAT/5083/5078
Date: 2024-08-01

CORAM: Hon. R. Omondi (TAT Chair)

BETWEEN
TAYLOR-JONES  ................. APPELLANT
AND
KENYA REVENUE AUTHORITY  ................. RESPONDENT

Having considered the submissions of both parties and the evidence on record, this Tribunal finds that Regulation 15 of the VAT Regulations 2017 was incorrectly applied by the Respondent.

DECISION: APPEAL PARTIALLY ALLOWED.

Signed: Hon. Justice D. Kiprop"
DOC-RUL-00169,Tribunal Ruling,"TAX APPEALS TRIBUNAL
RULING

TAT CASE NO: TAT/7085/9487
Date: 2025-04-28

CORAM: Hon. Justice C. Wanjiku

BETWEEN
ALVAREZ-MEDINA  ................. APPELLANT
AND
KENYA REVENUE AUTHORITY  ................. RESPONDENT

Having considered the submissions of both parties and the evidence on record, this Tribunal finds that Section 47 of the Income Tax Act was correctly applied by the Respondent.

DECISION: APPEAL ALLOWED.

Signed: Hon. R. Omondi (TAT Chair)"
DOC-RUL-00170,Tribunal Ruling,"TAX APPEALS TRIBUNAL
RULING

TAT CASE NO: TAT/4753/8430
Date: 2024-09-05

CORAM: Hon. Justice C. Wanjiku

BETWEEN
BAILEY, WEST AND HAMILTON  ................. APPELLANT
AND
KENYA REVENUE AUTHORITY  ................. RESPONDENT

Having considered the submissions of both parties and the evidence on record, this Tribunal finds that Section 12 of the Tax Appeals Tribunal Act was correctly applied by the Respondent.

DECISION: APPEAL ALLOWED.

Signed: Hon. R. Omondi (TAT Chair)"
DOC-RUL-00171,Tribunal Ruling,"TAX APPEALS TRIBUNAL
RULING

TAT CASE NO: TAT/5028/6093
Date: 2025-11-22

CORAM: Hon. Justice A. Mwangi

BETWEEN
WOODS-PERRY  ................. APPELLANT
AND
KENYA REVENUE AUTHORITY  ................. RESPONDENT

Having considered the submissions of both parties and the evidence on record, this Tribunal finds that Section 58 of the East African Customs Management Act was incorrectly applied by the Respondent.

DECISION: APPEAL ALLOWED.

Signed: Hon. R. Omondi (TAT Chair)"
DOC-RUL-00172,Tribunal Ruling,"TAX APPEALS TRIBUNAL
RULING

TAT CASE NO: TAT/0846/8262
Date: 2025-03-17

CORAM: Hon. Justice B. Ochieng

BETWEEN
OSBORN, WALKER AND LEONARD  ................. APPELLANT
AND
KENYA REVENUE AUTHORITY  ................. RESPONDENT

Having considered the submissions of both parties and the evidence on record, this Tribunal finds that Section 58 of the East African Customs Management Act was incorrectly applied by the Respondent.

DECISION: APPEAL DISMISSED.

Signed: Hon. Justice D. Kiprop"
DOC-RUL-00173,Tribunal Ruling,"TAX APPEALS TRIBUNAL
RULING

TAT CASE NO: TAT/2313/4557
Date: 2026-04-27

CORAM: Hon. J. Kariuki (TAT Member)

BETWEEN
WILSON-JOHNSON  ................. APPELLANT
AND
KENYA REVENUE AUTHORITY  ................. RESPONDENT

Having considered the submissions of both parties and the evidence on record, this Tribunal finds that Section 58 of the East African Customs Management Act was correctly applied by the Respondent.

DECISION: APPEAL DISMISSED.

Signed: Hon. Justice D. Kiprop"
DOC-RUL-00174,Tribunal Ruling,"TAX APPEALS TRIBUNAL
RULING

TAT CASE NO: TAT/7787/5799
Date: 2025-12-11

CORAM: Hon. R. Omondi (TAT Chair)

BETWEEN
GUERRERO-DELEON  ................. APPELLANT
AND
KENYA REVENUE AUTHORITY  ................. RESPONDENT

Having considered the submissions of both parties and the evidence on record, this Tribunal finds that Regulation 15 of the VAT Regulations 2017 was correctly applied by the Respondent.

DECISION: APPEAL PARTIALLY ALLOWED.

Signed: Hon. Justice B. Ochieng"
DOC-RUL-00175,Tribunal Ruling,"TAX APPEALS TRIBUNAL
RULING

TAT CASE NO: TAT/0002/3964
Date: 2025-04-22

CORAM: Hon. Justice A. Mwangi

BETWEEN
LEE-PHILLIPS  ................. APPELLANT
AND
KENYA REVENUE AUTHORITY  ................. RESPONDENT

Having considered the submissions of both parties and the evidence on record, this Tribunal finds that Section 31 of the Value Added Tax Act was incorrectly applied by the Respondent.

DECISION: APPEAL DISMISSED.

Signed: Hon. Justice A. Mwangi"
DOC-RUL-00176,Tribunal Ruling,"TAX APPEALS TRIBUNAL
RULING

TAT CASE NO: TAT/9008/8085
Date: 2024-09-14

CORAM: Hon. Justice C. Wanjiku

BETWEEN
QUINN GROUP  ................. APPELLANT
AND
KENYA REVENUE AUTHORITY  ................. RESPONDENT

Having considered the submissions of both parties and the evidence on record, this Tribunal finds that Section 31 of the Value Added Tax Act was correctly applied by the Respondent.

DECISION: APPEAL DISMISSED.

Signed: Hon. Justice C. Wanjiku"
DOC-RUL-00177,Tribunal Ruling,"TAX APPEALS TRIBUNAL
RULING

TAT CASE NO: TAT/1252/2398
Date: 2025-10-09

CORAM: Hon. Justice D. Kiprop

BETWEEN
MCCALL PLC  ................. APPELLANT
AND
KENYA REVENUE AUTHORITY  ................. RESPONDENT

Having considered the submissions of both parties and the evidence on record, this Tribunal finds that Section 47 of the Income Tax Act was correctly applied by the Respondent.

DECISION: APPEAL ALLOWED.

Signed: Hon. J. Kariuki (TAT Member)"
DOC-RUL-00178,Tribunal Ruling,"TAX APPEALS TRIBUNAL
RULING

TAT CASE NO: TAT/2300/5738
Date: 2025-12-02

CORAM: Hon. Justice C. Wanjiku

BETWEEN
WILKINS LLC  ................. APPELLANT
AND
KENYA REVENUE AUTHORITY  ................. RESPONDENT

Having considered the submissions of both parties and the evidence on record, this Tribunal finds that Section 37 of the Tax Procedures Act was incorrectly applied by the Respondent.

DECISION: APPEAL ALLOWED.

Signed: Hon. R. Omondi (TAT Chair)"
DOC-RUL-00179,Tribunal Ruling,"TAX APPEALS TRIBUNAL
RULING

TAT CASE NO: TAT/7011/8043
Date: 2024-10-13

CORAM: Hon. Justice D. Kiprop

BETWEEN
SMITH LLC  ................. APPELLANT
AND
KENYA REVENUE AUTHORITY  ................. RESPONDENT

Having considered the submissions of both parties and the evidence on record, this Tribunal finds that Regulation 15 of the VAT Regulations 2017 was correctly applied by the Respondent.

DECISION: APPEAL ALLOWED.

Signed: Hon. J. Kariuki (TAT Member)"
DOC-RUL-00180,Tribunal Ruling,"TAX APPEALS TRIBUNAL
RULING

TAT CASE NO: TAT/2087/4430
Date: 2026-01-19

CORAM: Hon. Justice B. Ochieng

BETWEEN
STOUT-ATKINS  ................. APPELLANT
AND
KENYA REVENUE AUTHORITY  ................. RESPONDENT

Having considered the submissions of both parties and the evidence on record, this Tribunal finds that Section 31 of the Value Added Tax Act was correctly applied by the Respondent.

DECISION: APPEAL DISMISSED.

Signed: Hon. Justice C. Wanjiku"
DOC-RUL-00181,Tribunal Ruling,"TAX APPEALS TRIBUNAL
RULING

TAT CASE NO: TAT/8407/6185
Date: 2026-03-13

CORAM: Hon. Justice B. Ochieng

BETWEEN
RITTER-WALKER  ................. APPELLANT
AND
KENYA REVENUE AUTHORITY  ................. RESPONDENT

Having considered the submissions of both parties and the evidence on record, this Tribunal finds that Section 58 of the East African Customs Management Act was incorrectly applied by the Respondent.

DECISION: APPEAL ALLOWED.

Signed: Hon. R. Omondi (TAT Chair)"
DOC-RUL-00182,Tribunal Ruling,"TAX APPEALS TRIBUNAL
RULING

TAT CASE NO: TAT/1228/1691
Date: 2025-06-04

CORAM: Hon. Justice C. Wanjiku

BETWEEN
JENSEN-HUYNH  ................. APPELLANT
AND
KENYA REVENUE AUTHORITY  ................. RESPONDENT

Having considered the submissions of both parties and the evidence on record, this Tribunal finds that Section 47 of the Income Tax Act was correctly applied by the Respondent.

DECISION: APPEAL DISMISSED.

Signed: Hon. Justice A. Mwangi"
DOC-RUL-00183,Tribunal Ruling,"TAX APPEALS TRIBUNAL
RULING

TAT CASE NO: TAT/2788/4587
Date: 2025-05-11

CORAM: Hon. J. Kariuki (TAT Member)

BETWEEN
MENDOZA PLC  ................. APPELLANT
AND
KENYA REVENUE AUTHORITY  ................. RESPONDENT

Having considered the submissions of both parties and the evidence on record, this Tribunal finds that Section 37 of the Tax Procedures Act was incorrectly applied by the Respondent.

DECISION: APPEAL DISMISSED.

Signed: Hon. Justice B. Ochieng"
DOC-RUL-00184,Tribunal Ruling,"TAX APPEALS TRIBUNAL
RULING

TAT CASE NO: TAT/3332/5122
Date: 2026-01-02

CORAM: Hon. Justice C. Wanjiku

BETWEEN
LAMBERT LLC  ................. APPELLANT
AND
KENYA REVENUE AUTHORITY  ................. RESPONDENT

Having considered the submissions of both parties and the evidence on record, this Tribunal finds that Section 31 of the Value Added Tax Act was incorrectly applied by the Respondent.

DECISION: APPEAL ALLOWED.

Signed: Hon. Justice A. Mwangi"
DOC-RUL-00185,Tribunal Ruling,"TAX APPEALS TRIBUNAL
RULING

TAT CASE NO: TAT/5458/1864
Date: 2024-11-13

CORAM: Hon. R. Omondi (TAT Chair)

BETWEEN
WASHINGTON-HOPKINS  ................. APPELLANT
AND
KENYA REVENUE AUTHORITY  ................. RESPONDENT

Having considered the submissions of both parties and the evidence on record, this Tribunal finds that Regulation 15 of the VAT Regulations 2017 was incorrectly applied by the Respondent.

DECISION: APPEAL DISMISSED.

Signed: Hon. Justice B. Ochieng"
DOC-RUL-00186,Tribunal Ruling,"TAX APPEALS TRIBUNAL
RULING

TAT CASE NO: TAT/8402/6624
Date: 2025-01-26

CORAM: Hon. Justice A. Mwangi

BETWEEN
BOYD LLC  ................. APPELLANT
AND
KENYA REVENUE AUTHORITY  ................. RESPONDENT

Having considered the submissions of both parties and the evidence on record, this Tribunal finds that Section 47 of the Income Tax Act was correctly applied by the Respondent.

DECISION: APPEAL ALLOWED.

Signed: Hon. R. Omondi (TAT Chair)"
DOC-RUL-00187,Tribunal Ruling,"TAX APPEALS TRIBUNAL
RULING

TAT CASE NO: TAT/2540/4365
Date: 2025-10-02

CORAM: Hon. Justice A. Mwangi

BETWEEN
MILLER, BAILEY AND FLOYD  ................. APPELLANT
AND
KENYA REVENUE AUTHORITY  ................. RESPONDENT

Having considered the submissions of both parties and the evidence on record, this Tribunal finds that Section 58 of the East African Customs Management Act was correctly applied by the Respondent.

DECISION: APPEAL DISMISSED.

Signed: Hon. Justice C. Wanjiku"
DOC-RUL-00188,Tribunal Ruling,"TAX APPEALS TRIBUNAL
RULING

TAT CASE NO: TAT/2203/0110
Date: 2026-02-25

CORAM: Hon. Justice D. Kiprop

BETWEEN
HERRING GROUP  ................. APPELLANT
AND
KENYA REVENUE AUTHORITY  ................. RESPONDENT

Having considered the submissions of both parties and the evidence on record, this Tribunal finds that Section 58 of the East African Customs Management Act was incorrectly applied by the Respondent.

DECISION: APPEAL DISMISSED.

Signed: Hon. Justice A. Mwangi"
DOC-RUL-00189,Tribunal Ruling,"TAX APPEALS TRIBUNAL
RULING

TAT CASE NO: TAT/0156/6868
Date: 2026-02-19

CORAM: Hon. J. Kariuki (TAT Member)

BETWEEN
YOUNG-RICHARDSON  ................. APPELLANT
AND
KENYA REVENUE AUTHORITY  ................. RESPONDENT

Having considered the submissions of both parties and the evidence on record, this Tribunal finds that Section 58 of the East African Customs Management Act was correctly applied by the Respondent.

DECISION: APPEAL PARTIALLY ALLOWED.

Signed: Hon. Justice C. Wanjiku"
DOC-RUL-00190,Tribunal Ruling,"TAX APPEALS TRIBUNAL
RULING

TAT CASE NO: TAT/4283/7861
Date: 2025-04-14

CORAM: Hon. Justice C. Wanjiku

BETWEEN
HALL, CARPENTER AND SMITH  ................. APPELLANT
AND
KENYA REVENUE AUTHORITY  ................. RESPONDENT

Having considered the submissions of both parties and the evidence on record, this Tribunal finds that Section 47 of the Income Tax Act was incorrectly applied by the Respondent.

DECISION: APPEAL DISMISSED.

Signed: Hon. Justice A. Mwangi"
DOC-RUL-00191,Tribunal Ruling,"TAX APPEALS TRIBUNAL
RULING

TAT CASE NO: TAT/5892/0708
Date: 2025-05-16

CORAM: Hon. Justice D. Kiprop

BETWEEN
MENDEZ, RODRIGUEZ AND GROSS  ................. APPELLANT
AND
KENYA REVENUE AUTHORITY  ................. RESPONDENT

Having considered the submissions of both parties and the evidence on record, this Tribunal finds that Section 58 of the East African Customs Management Act was incorrectly applied by the Respondent.

DECISION: APPEAL DISMISSED.

Signed: Hon. Justice B. Ochieng"
DOC-RUL-00192,Tribunal Ruling,"TAX APPEALS TRIBUNAL
RULING

TAT CASE NO: TAT/4570/6182
Date: 2025-01-23

CORAM: Hon. J. Kariuki (TAT Member)

BETWEEN
JONES-NICHOLS  ................. APPELLANT
AND
KENYA REVENUE AUTHORITY  ................. RESPONDENT

Having considered the submissions of both parties and the evidence on record, this Tribunal finds that Section 31 of the Value Added Tax Act was correctly applied by the Respondent.

DECISION: APPEAL DISMISSED.

Signed: Hon. R. Omondi (TAT Chair)"
DOC-RUL-00193,Tribunal Ruling,"TAX APPEALS TRIBUNAL
RULING

TAT CASE NO: TAT/0666/9884
Date: 2025-10-16

CORAM: Hon. Justice A. Mwangi

BETWEEN
JACOBS, YATES AND FREEMAN  ................. APPELLANT
AND
KENYA REVENUE AUTHORITY  ................. RESPONDENT

Having considered the submissions of both parties and the evidence on record, this Tribunal finds that Section 31 of the Value Added Tax Act was incorrectly applied by the Respondent.

DECISION: APPEAL PARTIALLY ALLOWED.

Signed: Hon. J. Kariuki (TAT Member)"
DOC-RUL-00194,Tribunal Ruling,"TAX APPEALS TRIBUNAL
RULING

TAT CASE NO: TAT/8755/3539
Date: 2024-12-20

CORAM: Hon. J. Kariuki (TAT Member)

BETWEEN
SCHWARTZ INC  ................. APPELLANT
AND
KENYA REVENUE AUTHORITY  ................. RESPONDENT

Having considered the submissions of both parties and the evidence on record, this Tribunal finds that Section 47 of the Income Tax Act was correctly applied by the Respondent.

DECISION: APPEAL DISMISSED.

Signed: Hon. Justice D. Kiprop"
DOC-RUL-00195,Tribunal Ruling,"TAX APPEALS TRIBUNAL
RULING

TAT CASE NO: TAT/4309/8457
Date: 2024-12-24

CORAM: Hon. Justice D. Kiprop

BETWEEN
PIERCE LLC  ................. APPELLANT
AND
KENYA REVENUE AUTHORITY  ................. RESPONDENT

Having considered the submissions of both parties and the evidence on record, this Tribunal finds that Section 37 of the Tax Procedures Act was incorrectly applied by the Respondent.

DECISION: APPEAL PARTIALLY ALLOWED.

Signed: Hon. J. Kariuki (TAT Member)"
DOC-RUL-00196,Tribunal Ruling,"TAX APPEALS TRIBUNAL
RULING

TAT CASE NO: TAT/2719/7690
Date: 2024-11-06

CORAM: Hon. Justice D. Kiprop

BETWEEN
HARMON, WADE AND TAPIA  ................. APPELLANT
AND
KENYA REVENUE AUTHORITY  ................. RESPONDENT

Having considered the submissions of both parties and the evidence on record, this Tribunal finds that Section 12 of the Tax Appeals Tribunal Act was correctly applied by the Respondent.

DECISION: APPEAL ALLOWED.

Signed: Hon. Justice D. Kiprop"
DOC-RUL-00197,Tribunal Ruling,"TAX APPEALS TRIBUNAL
RULING

TAT CASE NO: TAT/6472/8992
Date: 2026-06-09

CORAM: Hon. Justice A. Mwangi

BETWEEN
SMITH-SMITH  ................. APPELLANT
AND
KENYA REVENUE AUTHORITY  ................. RESPONDENT

Having considered the submissions of both parties and the evidence on record, this Tribunal finds that Section 37 of the Tax Procedures Act was correctly applied by the Respondent.

DECISION: APPEAL PARTIALLY ALLOWED.

Signed: Hon. Justice A. Mwangi"
DOC-RUL-00198,Tribunal Ruling,"TAX APPEALS TRIBUNAL
RULING

TAT CASE NO: TAT/7056/4234
Date: 2025-12-23

CORAM: Hon. Justice B. Ochieng

BETWEEN
SCHNEIDER LLC  ................. APPELLANT
AND
KENYA REVENUE AUTHORITY  ................. RESPONDENT

Having considered the submissions of both parties and the evidence on record, this Tribunal finds that Section 47 of the Income Tax Act was correctly applied by the Respondent.

DECISION: APPEAL DISMISSED.

Signed: Hon. Justice B. Ochieng"
DOC-RUL-00199,Tribunal Ruling,"TAX APPEALS TRIBUNAL
RULING

TAT CASE NO: TAT/8513/6101
Date: 2024-09-08

CORAM: Hon. Justice A. Mwangi

BETWEEN
WILLIAMS-WILSON  ................. APPELLANT
AND
KENYA REVENUE AUTHORITY  ................. RESPONDENT

Having considered the submissions of both parties and the evidence on record, this Tribunal finds that Section 58 of the East African Customs Management Act was correctly applied by the Respondent.

DECISION: APPEAL ALLOWED.

Signed: Hon. R. Omondi (TAT Chair)"
DOC-RUL-00200,Tribunal Ruling,"TAX APPEALS TRIBUNAL
RULING

TAT CASE NO: TAT/5548/5770
Date: 2024-07-11

CORAM: Hon. Justice B. Ochieng

BETWEEN
PEREZ, DAVIS AND MILLER  ................. APPELLANT
AND
KENYA REVENUE AUTHORITY  ................. RESPONDENT

Having considered the submissions of both parties and the evidence on record, this Tribunal finds that Regulation 15 of the VAT Regulations 2017 was correctly applied by the Respondent.

DECISION: APPEAL DISMISSED.

Signed: Hon. J. Kariuki (TAT Member)"
DOC-RUL-00201,Tribunal Ruling,"TAX APPEALS TRIBUNAL
RULING

TAT CASE NO: TAT/3903/2457
Date: 2025-10-06

CORAM: Hon. Justice C. Wanjiku

BETWEEN
WISE, HERNANDEZ AND PUGH  ................. APPELLANT
AND
KENYA REVENUE AUTHORITY  ................. RESPONDENT

Having considered the submissions of both parties and the evidence on record, this Tribunal finds that Regulation 15 of the VAT Regulations 2017 was correctly applied by the Respondent.

DECISION: APPEAL DISMISSED.

Signed: Hon. Justice A. Mwangi"
DOC-RUL-00202,Tribunal Ruling,"TAX APPEALS TRIBUNAL
RULING

TAT CASE NO: TAT/1554/4149
Date: 2024-10-27

CORAM: Hon. J. Kariuki (TAT Member)

BETWEEN
JONES PLC  ................. APPELLANT
AND
KENYA REVENUE AUTHORITY  ................. RESPONDENT

Having considered the submissions of both parties and the evidence on record, this Tribunal finds that Section 58 of the East African Customs Management Act was incorrectly applied by the Respondent.

DECISION: APPEAL DISMISSED.

Signed: Hon. Justice C. Wanjiku"
DOC-RUL-00203,Tribunal Ruling,"TAX APPEALS TRIBUNAL
RULING

TAT CASE NO: TAT/1789/1936
Date: 2025-12-25

CORAM: Hon. Justice D. Kiprop

BETWEEN
MARSH, MARKS AND SALINAS  ................. APPELLANT
AND
KENYA REVENUE AUTHORITY  ................. RESPONDENT

Having considered the submissions of both parties and the evidence on record, this Tribunal finds that Section 31 of the Value Added Tax Act was incorrectly applied by the Respondent.

DECISION: APPEAL PARTIALLY ALLOWED.

Signed: Hon. Justice A. Mwangi"
DOC-RUL-00204,Tribunal Ruling,"TAX APPEALS TRIBUNAL
RULING

TAT CASE NO: TAT/1770/5904
Date: 2026-05-05

CORAM: Hon. Justice B. Ochieng

BETWEEN
HOWARD GROUP  ................. APPELLANT
AND
KENYA REVENUE AUTHORITY  ................. RESPONDENT

Having considered the submissions of both parties and the evidence on record, this Tribunal finds that Section 47 of the Income Tax Act was correctly applied by the Respondent.

DECISION: APPEAL DISMISSED.

Signed: Hon. Justice A. Mwangi"
DOC-RUL-00205,Tribunal Ruling,"TAX APPEALS TRIBUNAL
RULING

TAT CASE NO: TAT/9443/3541
Date: 2026-05-20

CORAM: Hon. Justice A. Mwangi

BETWEEN
JONES AND SONS  ................. APPELLANT
AND
KENYA REVENUE AUTHORITY  ................. RESPONDENT

Having considered the submissions of both parties and the evidence on record, this Tribunal finds that Section 12 of the Tax Appeals Tribunal Act was incorrectly applied by the Respondent.

DECISION: APPEAL PARTIALLY ALLOWED.

Signed: Hon. Justice D. Kiprop"
DOC-RUL-00206,Tribunal Ruling,"TAX APPEALS TRIBUNAL
RULING

TAT CASE NO: TAT/1914/7491
Date: 2024-09-05

CORAM: Hon. Justice D. Kiprop

BETWEEN
HOFFMAN PLC  ................. APPELLANT
AND
KENYA REVENUE AUTHORITY  ................. RESPONDENT

Having considered the submissions of both parties and the evidence on record, this Tribunal finds that Regulation 15 of the VAT Regulations 2017 was incorrectly applied by the Respondent.

DECISION: APPEAL DISMISSED.

Signed: Hon. J. Kariuki (TAT Member)"
DOC-RUL-00207,Tribunal Ruling,"TAX APPEALS TRIBUNAL
RULING

TAT CASE NO: TAT/8683/9985
Date: 2026-03-01

CORAM: Hon. Justice D. Kiprop

BETWEEN
PARKS-PITTS  ................. APPELLANT
AND
KENYA REVENUE AUTHORITY  ................. RESPONDENT

Having considered the submissions of both parties and the evidence on record, this Tribunal finds that Section 31 of the Value Added Tax Act was correctly applied by the Respondent.

DECISION: APPEAL PARTIALLY ALLOWED.

Signed: Hon. Justice C. Wanjiku"
DOC-RUL-00208,Tribunal Ruling,"TAX APPEALS TRIBUNAL
RULING

TAT CASE NO: TAT/9837/3509
Date: 2025-06-28

CORAM: Hon. Justice B. Ochieng

BETWEEN
RAY AND SONS  ................. APPELLANT
AND
KENYA REVENUE AUTHORITY  ................. RESPONDENT

Having considered the submissions of both parties and the evidence on record, this Tribunal finds that Section 37 of the Tax Procedures Act was incorrectly applied by the Respondent.

DECISION: APPEAL DISMISSED.

Signed: Hon. Justice A. Mwangi"
DOC-RUL-00209,Tribunal Ruling,"TAX APPEALS TRIBUNAL
RULING

TAT CASE NO: TAT/7805/9123
Date: 2024-12-03

CORAM: Hon. Justice C. Wanjiku

BETWEEN
WALTERS LLC  ................. APPELLANT
AND
KENYA REVENUE AUTHORITY  ................. RESPONDENT

Having considered the submissions of both parties and the evidence on record, this Tribunal finds that Regulation 15 of the VAT Regulations 2017 was correctly applied by the Respondent.

DECISION: APPEAL DISMISSED.

Signed: Hon. Justice A. Mwangi"
DOC-RUL-00210,Tribunal Ruling,"TAX APPEALS TRIBUNAL
RULING

TAT CASE NO: TAT/1504/3563
Date: 2025-10-26

CORAM: Hon. Justice D. Kiprop

BETWEEN
MILLER-BROWN  ................. APPELLANT
AND
KENYA REVENUE AUTHORITY  ................. RESPONDENT

Having considered the submissions of both parties and the evidence on record, this Tribunal finds that Section 12 of the Tax Appeals Tribunal Act was incorrectly applied by the Respondent.

DECISION: APPEAL PARTIALLY ALLOWED.

Signed: Hon. Justice A. Mwangi"
DOC-RUL-00211,Tribunal Ruling,"TAX APPEALS TRIBUNAL
RULING

TAT CASE NO: TAT/8100/0488
Date: 2025-09-07

CORAM: Hon. Justice C. Wanjiku

BETWEEN
VELASQUEZ, WEBB AND BAKER  ................. APPELLANT
AND
KENYA REVENUE AUTHORITY  ................. RESPONDENT

Having considered the submissions of both parties and the evidence on record, this Tribunal finds that Section 12 of the Tax Appeals Tribunal Act was incorrectly applied by the Respondent.

DECISION: APPEAL DISMISSED.

Signed: Hon. Justice D. Kiprop"
DOC-RUL-00212,Tribunal Ruling,"TAX APPEALS TRIBUNAL
RULING

TAT CASE NO: TAT/1981/1915
Date: 2025-02-26

CORAM: Hon. R. Omondi (TAT Chair)

BETWEEN
LAWSON-JOHNSON  ................. APPELLANT
AND
KENYA REVENUE AUTHORITY  ................. RESPONDENT

Having considered the submissions of both parties and the evidence on record, this Tribunal finds that Section 31 of the Value Added Tax Act was correctly applied by the Respondent.

DECISION: APPEAL PARTIALLY ALLOWED.

Signed: Hon. Justice B. Ochieng"
DOC-RUL-00213,Tribunal Ruling,"TAX APPEALS TRIBUNAL
RULING

TAT CASE NO: TAT/6388/5017
Date: 2025-09-11

CORAM: Hon. R. Omondi (TAT Chair)

BETWEEN
CLAYTON AND SONS  ................. APPELLANT
AND
KENYA REVENUE AUTHORITY  ................. RESPONDENT

Having considered the submissions of both parties and the evidence on record, this Tribunal finds that Section 58 of the East African Customs Management Act was incorrectly applied by the Respondent.

DECISION: APPEAL DISMISSED.

Signed: Hon. Justice C. Wanjiku"
DOC-RUL-00214,Tribunal Ruling,"TAX APPEALS TRIBUNAL
RULING

TAT CASE NO: TAT/1564/9735
Date: 2025-07-14

CORAM: Hon. Justice D. Kiprop

BETWEEN
SELLERS, BENTON AND ANDERSON  ................. APPELLANT
AND
KENYA REVENUE AUTHORITY  ................. RESPONDENT

Having considered the submissions of both parties and the evidence on record, this Tribunal finds that Section 37 of the Tax Procedures Act was correctly applied by the Respondent.

DECISION: APPEAL PARTIALLY ALLOWED.

Signed: Hon. Justice B. Ochieng"
DOC-RUL-00215,Tribunal Ruling,"TAX APPEALS TRIBUNAL
RULING

TAT CASE NO: TAT/4436/6050
Date: 2025-11-04

CORAM: Hon. Justice B. Ochieng

BETWEEN
MORA PLC  ................. APPELLANT
AND
KENYA REVENUE AUTHORITY  ................. RESPONDENT

Having considered the submissions of both parties and the evidence on record, this Tribunal finds that Section 58 of the East African Customs Management Act was incorrectly applied by the Respondent.

DECISION: APPEAL DISMISSED.

Signed: Hon. J. Kariuki (TAT Member)"
DOC-RUL-00216,Tribunal Ruling,"TAX APPEALS TRIBUNAL
RULING

TAT CASE NO: TAT/3628/6039
Date: 2025-08-19

CORAM: Hon. Justice A. Mwangi

BETWEEN
KLEIN, HALL AND WILLIAMS  ................. APPELLANT
AND
KENYA REVENUE AUTHORITY  ................. RESPONDENT

Having considered the submissions of both parties and the evidence on record, this Tribunal finds that Section 37 of the Tax Procedures Act was correctly applied by the Respondent.

DECISION: APPEAL DISMISSED.

Signed: Hon. Justice A. Mwangi"
DOC-RUL-00217,Tribunal Ruling,"TAX APPEALS TRIBUNAL
RULING

TAT CASE NO: TAT/4693/9113
Date: 2025-01-18

CORAM: Hon. R. Omondi (TAT Chair)

BETWEEN
LE PLC  ................. APPELLANT
AND
KENYA REVENUE AUTHORITY  ................. RESPONDENT

Having considered the submissions of both parties and the evidence on record, this Tribunal finds that Section 37 of the Tax Procedures Act was incorrectly applied by the Respondent.

DECISION: APPEAL DISMISSED.

Signed: Hon. Justice B. Ochieng"
DOC-RUL-00218,Tribunal Ruling,"TAX APPEALS TRIBUNAL
RULING

TAT CASE NO: TAT/9174/6160
Date: 2025-02-26

CORAM: Hon. J. Kariuki (TAT Member)

BETWEEN
MITCHELL-DAVENPORT  ................. APPELLANT
AND
KENYA REVENUE AUTHORITY  ................. RESPONDENT

Having considered the submissions of both parties and the evidence on record, this Tribunal finds that Section 31 of the Value Added Tax Act was correctly applied by the Respondent.

DECISION: APPEAL PARTIALLY ALLOWED.

Signed: Hon. Justice B. Ochieng"
DOC-RUL-00219,Tribunal Ruling,"TAX APPEALS TRIBUNAL
RULING

TAT CASE NO: TAT/1733/3892
Date: 2024-08-23

CORAM: Hon. Justice A. Mwangi

BETWEEN
LANE, RIVERS AND BENDER  ................. APPELLANT
AND
KENYA REVENUE AUTHORITY  ................. RESPONDENT

Having considered the submissions of both parties and the evidence on record, this Tribunal finds that Section 47 of the Income Tax Act was correctly applied by the Respondent.

DECISION: APPEAL ALLOWED.

Signed: Hon. Justice D. Kiprop"
DOC-RUL-00220,Tribunal Ruling,"TAX APPEALS TRIBUNAL
RULING

TAT CASE NO: TAT/5460/8632
Date: 2026-06-18

CORAM: Hon. Justice C. Wanjiku

BETWEEN
MOORE, MCGEE AND GARCIA  ................. APPELLANT
AND
KENYA REVENUE AUTHORITY  ................. RESPONDENT

Having considered the submissions of both parties and the evidence on record, this Tribunal finds that Regulation 15 of the VAT Regulations 2017 was correctly applied by the Respondent.

DECISION: APPEAL ALLOWED.

Signed: Hon. Justice C. Wanjiku"
DOC-RUL-00221,Tribunal Ruling,"TAX APPEALS TRIBUNAL
RULING

TAT CASE NO: TAT/2051/9010
Date: 2024-10-06

CORAM: Hon. Justice D. Kiprop

BETWEEN
FLETCHER LTD  ................. APPELLANT
AND
KENYA REVENUE AUTHORITY  ................. RESPONDENT

Having considered the submissions of both parties and the evidence on record, this Tribunal finds that Section 37 of the Tax Procedures Act was incorrectly applied by the Respondent.

DECISION: APPEAL DISMISSED.

Signed: Hon. R. Omondi (TAT Chair)"
DOC-RUL-00222,Tribunal Ruling,"TAX APPEALS TRIBUNAL
RULING

TAT CASE NO: TAT/7352/9464
Date: 2024-07-08

CORAM: Hon. R. Omondi (TAT Chair)

BETWEEN
MASON-ROBINSON  ................. APPELLANT
AND
KENYA REVENUE AUTHORITY  ................. RESPONDENT

Having considered the submissions of both parties and the evidence on record, this Tribunal finds that Section 31 of the Value Added Tax Act was correctly applied by the Respondent.

DECISION: APPEAL ALLOWED.

Signed: Hon. Justice C. Wanjiku"
DOC-RUL-00223,Tribunal Ruling,"TAX APPEALS TRIBUNAL
RULING

TAT CASE NO: TAT/8280/7434
Date: 2025-07-06

CORAM: Hon. J. Kariuki (TAT Member)

BETWEEN
ANDERSON AND SONS  ................. APPELLANT
AND
KENYA REVENUE AUTHORITY  ................. RESPONDENT

Having considered the submissions of both parties and the evidence on record, this Tribunal finds that Section 58 of the East African Customs Management Act was correctly applied by the Respondent.

DECISION: APPEAL DISMISSED.

Signed: Hon. Justice D. Kiprop"
DOC-RUL-00224,Tribunal Ruling,"TAX APPEALS TRIBUNAL
RULING

TAT CASE NO: TAT/5922/6856
Date: 2025-03-22

CORAM: Hon. J. Kariuki (TAT Member)

BETWEEN
GARRETT, EATON AND REID  ................. APPELLANT
AND
KENYA REVENUE AUTHORITY  ................. RESPONDENT

Having considered the submissions of both parties and the evidence on record, this Tribunal finds that Section 12 of the Tax Appeals Tribunal Act was incorrectly applied by the Respondent.

DECISION: APPEAL PARTIALLY ALLOWED.

Signed: Hon. Justice B. Ochieng"
DOC-RUL-00225,Tribunal Ruling,"TAX APPEALS TRIBUNAL
RULING

TAT CASE NO: TAT/6552/3640
Date: 2024-12-15

CORAM: Hon. R. Omondi (TAT Chair)

BETWEEN
WALLACE AND SONS  ................. APPELLANT
AND
KENYA REVENUE AUTHORITY  ................. RESPONDENT

Having considered the submissions of both parties and the evidence on record, this Tribunal finds that Regulation 15 of the VAT Regulations 2017 was correctly applied by the Respondent.

DECISION: APPEAL DISMISSED.

Signed: Hon. Justice C. Wanjiku"
DOC-RUL-00226,Tribunal Ruling,"TAX APPEALS TRIBUNAL
RULING

TAT CASE NO: TAT/2938/5753
Date: 2025-01-20

CORAM: Hon. Justice D. Kiprop

BETWEEN
DAUGHERTY-MARTIN  ................. APPELLANT
AND
KENYA REVENUE AUTHORITY  ................. RESPONDENT

Having considered the submissions of both parties and the evidence on record, this Tribunal finds that Section 31 of the Value Added Tax Act was correctly applied by the Respondent.

DECISION: APPEAL ALLOWED.

Signed: Hon. J. Kariuki (TAT Member)"
DOC-RUL-00227,Tribunal Ruling,"TAX APPEALS TRIBUNAL
RULING

TAT CASE NO: TAT/4239/1268
Date: 2026-01-23

CORAM: Hon. Justice B. Ochieng

BETWEEN
RICHARDSON, HILL AND EVANS  ................. APPELLANT
AND
KENYA REVENUE AUTHORITY  ................. RESPONDENT

Having considered the submissions of both parties and the evidence on record, this Tribunal finds that Regulation 15 of the VAT Regulations 2017 was correctly applied by the Respondent.

DECISION: APPEAL ALLOWED.

Signed: Hon. R. Omondi (TAT Chair)"
DOC-RUL-00228,Tribunal Ruling,"TAX APPEALS TRIBUNAL
RULING

TAT CASE NO: TAT/3841/1560
Date: 2025-02-13

CORAM: Hon. Justice C. Wanjiku

BETWEEN
GILBERT GROUP  ................. APPELLANT
AND
KENYA REVENUE AUTHORITY  ................. RESPONDENT

Having considered the submissions of both parties and the evidence on record, this Tribunal finds that Regulation 15 of the VAT Regulations 2017 was incorrectly applied by the Respondent.

DECISION: APPEAL ALLOWED.

Signed: Hon. J. Kariuki (TAT Member)"
DOC-RUL-00229,Tribunal Ruling,"TAX APPEALS TRIBUNAL
RULING

TAT CASE NO: TAT/5285/6683
Date: 2025-01-05

CORAM: Hon. R. Omondi (TAT Chair)

BETWEEN
CHAPMAN, MEADOWS AND HAMMOND  ................. APPELLANT
AND
KENYA REVENUE AUTHORITY  ................. RESPONDENT

Having considered the submissions of both parties and the evidence on record, this Tribunal finds that Section 31 of the Value Added Tax Act was incorrectly applied by the Respondent.

DECISION: APPEAL ALLOWED.

Signed: Hon. Justice B. Ochieng"
DOC-RUL-00230,Tribunal Ruling,"TAX APPEALS TRIBUNAL
RULING

TAT CASE NO: TAT/7424/7458
Date: 2024-10-17

CORAM: Hon. Justice B. Ochieng

BETWEEN
LONG LTD  ................. APPELLANT
AND
KENYA REVENUE AUTHORITY  ................. RESPONDENT

Having considered the submissions of both parties and the evidence on record, this Tribunal finds that Section 37 of the Tax Procedures Act was correctly applied by the Respondent.

DECISION: APPEAL PARTIALLY ALLOWED.

Signed: Hon. Justice B. Ochieng"
DOC-RUL-00231,Tribunal Ruling,"TAX APPEALS TRIBUNAL
RULING

TAT CASE NO: TAT/8180/2038
Date: 2026-04-22

CORAM: Hon. J. Kariuki (TAT Member)

BETWEEN
NELSON-BROWN  ................. APPELLANT
AND
KENYA REVENUE AUTHORITY  ................. RESPONDENT

Having considered the submissions of both parties and the evidence on record, this Tribunal finds that Section 12 of the Tax Appeals Tribunal Act was incorrectly applied by the Respondent.

DECISION: APPEAL DISMISSED.

Signed: Hon. Justice D. Kiprop"
DOC-RUL-00232,Tribunal Ruling,"TAX APPEALS TRIBUNAL
RULING

TAT CASE NO: TAT/2852/4726
Date: 2025-07-22

CORAM: Hon. Justice C. Wanjiku

BETWEEN
SCHWARTZ, POWELL AND SMITH  ................. APPELLANT
AND
KENYA REVENUE AUTHORITY  ................. RESPONDENT

Having considered the submissions of both parties and the evidence on record, this Tribunal finds that Section 58 of the East African Customs Management Act was incorrectly applied by the Respondent.

DECISION: APPEAL DISMISSED.

Signed: Hon. Justice B. Ochieng"
DOC-RUL-00233,Tribunal Ruling,"TAX APPEALS TRIBUNAL
RULING

TAT CASE NO: TAT/4626/9213
Date: 2025-01-07

CORAM: Hon. Justice C. Wanjiku

BETWEEN
HILL GROUP  ................. APPELLANT
AND
KENYA REVENUE AUTHORITY  ................. RESPONDENT

Having considered the submissions of both parties and the evidence on record, this Tribunal finds that Regulation 15 of the VAT Regulations 2017 was incorrectly applied by the Respondent.

DECISION: APPEAL DISMISSED.

Signed: Hon. J. Kariuki (TAT Member)"
DOC-RUL-00234,Tribunal Ruling,"TAX APPEALS TRIBUNAL
RULING

TAT CASE NO: TAT/5848/2761
Date: 2025-12-08

CORAM: Hon. Justice A. Mwangi

BETWEEN
ROMERO LLC  ................. APPELLANT
AND
KENYA REVENUE AUTHORITY  ................. RESPONDENT

Having considered the submissions of both parties and the evidence on record, this Tribunal finds that Section 37 of the Tax Procedures Act was incorrectly applied by the Respondent.

DECISION: APPEAL ALLOWED.

Signed: Hon. J. Kariuki (TAT Member)"
DOC-RUL-00235,Tribunal Ruling,"TAX APPEALS TRIBUNAL
RULING

TAT CASE NO: TAT/3966/4530
Date: 2024-12-26

CORAM: Hon. J. Kariuki (TAT Member)

BETWEEN
SANTOS INC  ................. APPELLANT
AND
KENYA REVENUE AUTHORITY  ................. RESPONDENT

Having considered the submissions of both parties and the evidence on record, this Tribunal finds that Section 37 of the Tax Procedures Act was incorrectly applied by the Respondent.

DECISION: APPEAL PARTIALLY ALLOWED.

Signed: Hon. Justice C. Wanjiku"
DOC-RUL-00236,Tribunal Ruling,"TAX APPEALS TRIBUNAL
RULING

TAT CASE NO: TAT/1986/4050
Date: 2026-06-26

CORAM: Hon. Justice A. Mwangi

BETWEEN
ABBOTT-BRADLEY  ................. APPELLANT
AND
KENYA REVENUE AUTHORITY  ................. RESPONDENT

Having considered the submissions of both parties and the evidence on record, this Tribunal finds that Section 58 of the East African Customs Management Act was correctly applied by the Respondent.

DECISION: APPEAL PARTIALLY ALLOWED.

Signed: Hon. Justice C. Wanjiku"
DOC-RUL-00237,Tribunal Ruling,"TAX APPEALS TRIBUNAL
RULING

TAT CASE NO: TAT/8031/9410
Date: 2025-08-28

CORAM: Hon. R. Omondi (TAT Chair)

BETWEEN
TURNER-CARLSON  ................. APPELLANT
AND
KENYA REVENUE AUTHORITY  ................. RESPONDENT

Having considered the submissions of both parties and the evidence on record, this Tribunal finds that Section 12 of the Tax Appeals Tribunal Act was incorrectly applied by the Respondent.

DECISION: APPEAL DISMISSED.

Signed: Hon. Justice C. Wanjiku"
DOC-RUL-00238,Tribunal Ruling,"TAX APPEALS TRIBUNAL
RULING

TAT CASE NO: TAT/2193/8129
Date: 2026-01-16

CORAM: Hon. R. Omondi (TAT Chair)

BETWEEN
HULL, HARRISON AND FLORES  ................. APPELLANT
AND
KENYA REVENUE AUTHORITY  ................. RESPONDENT

Having considered the submissions of both parties and the evidence on record, this Tribunal finds that Regulation 15 of the VAT Regulations 2017 was incorrectly applied by the Respondent.

DECISION: APPEAL PARTIALLY ALLOWED.

Signed: Hon. Justice B. Ochieng"
DOC-RUL-00239,Tribunal Ruling,"TAX APPEALS TRIBUNAL
RULING

TAT CASE NO: TAT/9515/4361
Date: 2026-01-17

CORAM: Hon. J. Kariuki (TAT Member)

BETWEEN
SMITH-JACKSON  ................. APPELLANT
AND
KENYA REVENUE AUTHORITY  ................. RESPONDENT

Having considered the submissions of both parties and the evidence on record, this Tribunal finds that Section 47 of the Income Tax Act was correctly applied by the Respondent.

DECISION: APPEAL ALLOWED.

Signed: Hon. J. Kariuki (TAT Member)"
DOC-RUL-00240,Tribunal Ruling,"TAX APPEALS TRIBUNAL
RULING

TAT CASE NO: TAT/1954/8255
Date: 2025-05-13

CORAM: Hon. R. Omondi (TAT Chair)

BETWEEN
HART-PATTON  ................. APPELLANT
AND
KENYA REVENUE AUTHORITY  ................. RESPONDENT

Having considered the submissions of both parties and the evidence on record, this Tribunal finds that Section 12 of the Tax Appeals Tribunal Act was correctly applied by the Respondent.

DECISION: APPEAL DISMISSED.

Signed: Hon. R. Omondi (TAT Chair)"
DOC-RUL-00241,Tribunal Ruling,"TAX APPEALS TRIBUNAL
RULING

TAT CASE NO: TAT/8063/6242
Date: 2024-12-02

CORAM: Hon. R. Omondi (TAT Chair)

BETWEEN
MELTON-WELLS  ................. APPELLANT
AND
KENYA REVENUE AUTHORITY  ................. RESPONDENT

Having considered the submissions of both parties and the evidence on record, this Tribunal finds that Section 58 of the East African Customs Management Act was incorrectly applied by the Respondent.

DECISION: APPEAL ALLOWED.

Signed: Hon. Justice C. Wanjiku"
DOC-RUL-00242,Tribunal Ruling,"TAX APPEALS TRIBUNAL
RULING

TAT CASE NO: TAT/4032/5136
Date: 2025-05-09

CORAM: Hon. Justice D. Kiprop

BETWEEN
JACOBS LLC  ................. APPELLANT
AND
KENYA REVENUE AUTHORITY  ................. RESPONDENT

Having considered the submissions of both parties and the evidence on record, this Tribunal finds that Section 58 of the East African Customs Management Act was correctly applied by the Respondent.

DECISION: APPEAL DISMISSED.

Signed: Hon. J. Kariuki (TAT Member)"
DOC-RUL-00243,Tribunal Ruling,"TAX APPEALS TRIBUNAL
RULING

TAT CASE NO: TAT/3279/5725
Date: 2025-10-02

CORAM: Hon. J. Kariuki (TAT Member)

BETWEEN
WALKER, LYNCH AND LAWRENCE  ................. APPELLANT
AND
KENYA REVENUE AUTHORITY  ................. RESPONDENT

Having considered the submissions of both parties and the evidence on record, this Tribunal finds that Section 47 of the Income Tax Act was incorrectly applied by the Respondent.

DECISION: APPEAL PARTIALLY ALLOWED.

Signed: Hon. R. Omondi (TAT Chair)"
DOC-RUL-00244,Tribunal Ruling,"TAX APPEALS TRIBUNAL
RULING

TAT CASE NO: TAT/0860/7814
Date: 2025-08-18

CORAM: Hon. Justice B. Ochieng

BETWEEN
JENKINS, GUTIERREZ AND REILLY  ................. APPELLANT
AND
KENYA REVENUE AUTHORITY  ................. RESPONDENT

Having considered the submissions of both parties and the evidence on record, this Tribunal finds that Regulation 15 of the VAT Regulations 2017 was incorrectly applied by the Respondent.

DECISION: APPEAL PARTIALLY ALLOWED.

Signed: Hon. R. Omondi (TAT Chair)"
DOC-RUL-00245,Tribunal Ruling,"TAX APPEALS TRIBUNAL
RULING

TAT CASE NO: TAT/1469/7816
Date: 2025-11-01

CORAM: Hon. J. Kariuki (TAT Member)

BETWEEN
ALEXANDER-SIMS  ................. APPELLANT
AND
KENYA REVENUE AUTHORITY  ................. RESPONDENT

Having considered the submissions of both parties and the evidence on record, this Tribunal finds that Section 12 of the Tax Appeals Tribunal Act was correctly applied by the Respondent.

DECISION: APPEAL DISMISSED.

Signed: Hon. R. Omondi (TAT Chair)"
DOC-RUL-00246,Tribunal Ruling,"TAX APPEALS TRIBUNAL
RULING

TAT CASE NO: TAT/4901/4654
Date: 2024-12-23

CORAM: Hon. Justice B. Ochieng

BETWEEN
MURILLO-COX  ................. APPELLANT
AND
KENYA REVENUE AUTHORITY  ................. RESPONDENT

Having considered the submissions of both parties and the evidence on record, this Tribunal finds that Section 12 of the Tax Appeals Tribunal Act was correctly applied by the Respondent.

DECISION: APPEAL PARTIALLY ALLOWED.

Signed: Hon. Justice D. Kiprop"
DOC-RUL-00247,Tribunal Ruling,"TAX APPEALS TRIBUNAL
RULING

TAT CASE NO: TAT/9246/3214
Date: 2024-08-09

CORAM: Hon. R. Omondi (TAT Chair)

BETWEEN
PARK PLC  ................. APPELLANT
AND
KENYA REVENUE AUTHORITY  ................. RESPONDENT

Having considered the submissions of both parties and the evidence on record, this Tribunal finds that Section 12 of the Tax Appeals Tribunal Act was correctly applied by the Respondent.

DECISION: APPEAL ALLOWED.

Signed: Hon. R. Omondi (TAT Chair)"
DOC-RUL-00248,Tribunal Ruling,"TAX APPEALS TRIBUNAL
RULING

TAT CASE NO: TAT/0257/8041
Date: 2024-07-13

CORAM: Hon. R. Omondi (TAT Chair)

BETWEEN
FRIEDMAN LLC  ................. APPELLANT
AND
KENYA REVENUE AUTHORITY  ................. RESPONDENT

Having considered the submissions of both parties and the evidence on record, this Tribunal finds that Section 31 of the Value Added Tax Act was correctly applied by the Respondent.

DECISION: APPEAL DISMISSED.

Signed: Hon. Justice C. Wanjiku"
DOC-RUL-00249,Tribunal Ruling,"TAX APPEALS TRIBUNAL
RULING

TAT CASE NO: TAT/4966/6740
Date: 2024-09-20

CORAM: Hon. R. Omondi (TAT Chair)

BETWEEN
FIELDS-MENDEZ  ................. APPELLANT
AND
KENYA REVENUE AUTHORITY  ................. RESPONDENT

Having considered the submissions of both parties and the evidence on record, this Tribunal finds that Section 12 of the Tax Appeals Tribunal Act was incorrectly applied by the Respondent.

DECISION: APPEAL ALLOWED.

Signed: Hon. Justice C. Wanjiku"
DOC-APP-00000,Appeal Notice,"NOTICE OF APPEAL

TO: The Registrar, Tax Appeals Tribunal
FROM: Anderson, Evans and Carter (PIN: A38040464964B)
Date: 2026-03-14
Original Case Ref: TAT/3308/3992

TAKE NOTICE that the Appellant, being dissatisfied with the ruling delivered on 2026-05-04, hereby appeals to the High Court of Kenya on the following grounds:

1. The Tribunal erred in law in its interpretation of Section 12 of the Tax Appeals Tribunal Act.
2. The Tribunal failed to consider material evidence submitted by the Appellant.
3. The decision is against the weight of evidence.

Signed: Dr. Michael Williams, Advocate for the Appellant"
DOC-APP-00001,Appeal Notice,"NOTICE OF APPEAL

TO: The Registrar, Tax Appeals Tribunal
FROM: Marquez Group (PIN: A87742338001B)
Date: 2025-12-12
Original Case Ref: TAT/2646/2473

TAKE NOTICE that the Appellant, being dissatisfied with the ruling delivered on 2026-04-17, hereby appeals to the High Court of Kenya on the following grounds:

1. The Tribunal erred in law in its interpretation of Section 12 of the Tax Appeals Tribunal Act.
2. The Tribunal failed to consider material evidence submitted by the Appellant.
3. The decision is against the weight of evidence.

Signed: Matthew Kelly, Advocate for the Appellant"
DOC-APP-00002,Appeal Notice,"NOTICE OF APPEAL

TO: The Registrar, Tax Appeals Tribunal
FROM: Garcia, Smith and Ross (PIN: A40528224267B)
Date: 2026-01-23
Original Case Ref: TAT/3539/5499

TAKE NOTICE that the Appellant, being dissatisfied with the ruling delivered on 2026-03-18, hereby appeals to the High Court of Kenya on the following grounds:

1. The Tribunal erred in law in its interpretation of Section 37 of the Tax Procedures Act.
2. The Tribunal failed to consider material evidence submitted by the Appellant.
3. The decision is against the weight of evidence.

Signed: Cynthia Peck, Advocate for the Appellant"
DOC-APP-00003,Appeal Notice,"NOTICE OF APPEAL

TO: The Registrar, Tax Appeals Tribunal
FROM: Palmer, Schultz and Hanson (PIN: A52969103981B)
Date: 2025-09-26
Original Case Ref: TAT/8385/3028

TAKE NOTICE that the Appellant, being dissatisfied with the ruling delivered on 2026-05-12, hereby appeals to the High Court of Kenya on the following grounds:

1. The Tribunal erred in law in its interpretation of Section 12 of the Tax Appeals Tribunal Act.
2. The Tribunal failed to consider material evidence submitted by the Appellant.
3. The decision is against the weight of evidence.

Signed: Michael Simpson, Advocate for the Appellant"
DOC-APP-00004,Appeal Notice,"NOTICE OF APPEAL

TO: The Registrar, Tax Appeals Tribunal
FROM: Reid-Boyd (PIN: A13059790884B)
Date: 2026-03-20
Original Case Ref: TAT/4300/8213

TAKE NOTICE that the Appellant, being dissatisfied with the ruling delivered on 2026-01-16, hereby appeals to the High Court of Kenya on the following grounds:

1. The Tribunal erred in law in its interpretation of Section 58 of the East African Customs Management Act.
2. The Tribunal failed to consider material evidence submitted by the Appellant.
3. The decision is against the weight of evidence.

Signed: Cody Wheeler, Advocate for the Appellant"
DOC-APP-00005,Appeal Notice,"NOTICE OF APPEAL

TO: The Registrar, Tax Appeals Tribunal
FROM: Fleming, Baker and Johnson (PIN: A80954788887B)
Date: 2025-11-10
Original Case Ref: TAT/1486/6845

TAKE NOTICE that the Appellant, being dissatisfied with the ruling delivered on 2026-04-01, hereby appeals to the High Court of Kenya on the following grounds:

1. The Tribunal erred in law in its interpretation of Section 31 of the Value Added Tax Act.
2. The Tribunal failed to consider material evidence submitted by the Appellant.
3. The decision is against the weight of evidence.

Signed: Bethany Carney, Advocate for the Appellant"
DOC-APP-00006,Appeal Notice,"NOTICE OF APPEAL

TO: The Registrar, Tax Appeals Tribunal
FROM: Harris, Rosario and Reed (PIN: A18702151886B)
Date: 2025-08-14
Original Case Ref: TAT/3945/2534

TAKE NOTICE that the Appellant, being dissatisfied with the ruling delivered on 2026-05-17, hereby appeals to the High Court of Kenya on the following grounds:

1. The Tribunal erred in law in its interpretation of Section 58 of the East African Customs Management Act.
2. The Tribunal failed to consider material evidence submitted by the Appellant.
3. The decision is against the weight of evidence.

Signed: Todd Bridges, Advocate for the Appellant"
DOC-APP-00007,Appeal Notice,"NOTICE OF APPEAL

TO: The Registrar, Tax Appeals Tribunal
FROM: Turner PLC (PIN: A43827063981B)
Date: 2025-12-14
Original Case Ref: TAT/1336/9048

TAKE NOTICE that the Appellant, being dissatisfied with the ruling delivered on 2026-01-02, hereby appeals to the High Court of Kenya on the following grounds:

1. The Tribunal erred in law in its interpretation of Section 31 of the Value Added Tax Act.
2. The Tribunal failed to consider material evidence submitted by the Appellant.
3. The decision is against the weight of evidence.

Signed: Frank Black, Advocate for the Appellant"
DOC-APP-00008,Appeal Notice,"NOTICE OF APPEAL

TO: The Registrar, Tax Appeals Tribunal
FROM: Gregory PLC (PIN: A20784648802B)
Date: 2026-06-17
Original Case Ref: TAT/4909/5733

TAKE NOTICE that the Appellant, being dissatisfied with the ruling delivered on 2026-01-03, hereby appeals to the High Court of Kenya on the following grounds:

1. The Tribunal erred in law in its interpretation of Regulation 15 of the VAT Regulations 2017.
2. The Tribunal failed to consider material evidence submitted by the Appellant.
3. The decision is against the weight of evidence.

Signed: Peter Johnson, Advocate for the Appellant"
DOC-APP-00009,Appeal Notice,"NOTICE OF APPEAL

TO: The Registrar, Tax Appeals Tribunal
FROM: Craig, Hamilton and Booker (PIN: A95187026672B)
Date: 2026-02-21
Original Case Ref: TAT/9233/9506

TAKE NOTICE that the Appellant, being dissatisfied with the ruling delivered on 2026-01-11, hereby appeals to the High Court of Kenya on the following grounds:

1. The Tribunal erred in law in its interpretation of Section 37 of the Tax Procedures Act.
2. The Tribunal failed to consider material evidence submitted by the Appellant.
3. The decision is against the weight of evidence.

Signed: Samuel Rivera, Advocate for the Appellant"
DOC-APP-00010,Appeal Notice,"NOTICE OF APPEAL

TO: The Registrar, Tax Appeals Tribunal
FROM: Marshall-Barrera (PIN: A01256562590B)
Date: 2026-03-23
Original Case Ref: TAT/2067/9408

TAKE NOTICE that the Appellant, being dissatisfied with the ruling delivered on 2026-03-14, hereby appeals to the High Court of Kenya on the following grounds:

1. The Tribunal erred in law in its interpretation of Section 37 of the Tax Procedures Act.
2. The Tribunal failed to consider material evidence submitted by the Appellant.
3. The decision is against the weight of evidence.

Signed: Austin Arellano, Advocate for the Appellant"
DOC-APP-00011,Appeal Notice,"NOTICE OF APPEAL

TO: The Registrar, Tax Appeals Tribunal
FROM: Anderson-Daniels (PIN: A31575262803B)
Date: 2025-07-20
Original Case Ref: TAT/7242/3913

TAKE NOTICE that the Appellant, being dissatisfied with the ruling delivered on 2026-04-27, hereby appeals to the High Court of Kenya on the following grounds:

1. The Tribunal erred in law in its interpretation of Section 37 of the Tax Procedures Act.
2. The Tribunal failed to consider material evidence submitted by the Appellant.
3. The decision is against the weight of evidence.

Signed: Lisa Lopez, Advocate for the Appellant"
DOC-APP-00012,Appeal Notice,"NOTICE OF APPEAL

TO: The Registrar, Tax Appeals Tribunal
FROM: Page-Randall (PIN: A25766346067B)
Date: 2026-01-25
Original Case Ref: TAT/1698/3078

TAKE NOTICE that the Appellant, being dissatisfied with the ruling delivered on 2026-04-24, hereby appeals to the High Court of Kenya on the following grounds:

1. The Tribunal erred in law in its interpretation of Section 31 of the Value Added Tax Act.
2. The Tribunal failed to consider material evidence submitted by the Appellant.
3. The decision is against the weight of evidence.

Signed: Bradley Moran, Advocate for the Appellant"
DOC-APP-00013,Appeal Notice,"NOTICE OF APPEAL

TO: The Registrar, Tax Appeals Tribunal
FROM: Todd-Alvarez (PIN: A78479945083B)
Date: 2025-12-22
Original Case Ref: TAT/5138/6208

TAKE NOTICE that the Appellant, being dissatisfied with the ruling delivered on 2026-03-07, hereby appeals to the High Court of Kenya on the following grounds:

1. The Tribunal erred in law in its interpretation of Section 58 of the East African Customs Management Act.
2. The Tribunal failed to consider material evidence submitted by the Appellant.
3. The decision is against the weight of evidence.

Signed: Jamie Waller, Advocate for the Appellant"
DOC-APP-00014,Appeal Notice,"NOTICE OF APPEAL

TO: The Registrar, Tax Appeals Tribunal
FROM: Ramirez, Ellison and Ramos (PIN: A90007517558B)
Date: 2025-12-09
Original Case Ref: TAT/0804/4849

TAKE NOTICE that the Appellant, being dissatisfied with the ruling delivered on 2026-05-04, hereby appeals to the High Court of Kenya on the following grounds:

1. The Tribunal erred in law in its interpretation of Section 47 of the Income Tax Act.
2. The Tribunal failed to consider material evidence submitted by the Appellant.
3. The decision is against the weight of evidence.

Signed: Steven Kelly, Advocate for the Appellant"
DOC-APP-00015,Appeal Notice,"NOTICE OF APPEAL

TO: The Registrar, Tax Appeals Tribunal
FROM: Henry Group (PIN: A96965016861B)
Date: 2026-02-16
Original Case Ref: TAT/4255/0478

TAKE NOTICE that the Appellant, being dissatisfied with the ruling delivered on 2026-03-02, hereby appeals to the High Court of Kenya on the following grounds:

1. The Tribunal erred in law in its interpretation of Section 37 of the Tax Procedures Act.
2. The Tribunal failed to consider material evidence submitted by the Appellant.
3. The decision is against the weight of evidence.

Signed: Tyler Norris, Advocate for the Appellant"
DOC-APP-00016,Appeal Notice,"NOTICE OF APPEAL

TO: The Registrar, Tax Appeals Tribunal
FROM: Raymond, Meyer and Sanders (PIN: A37070038449B)
Date: 2025-09-23
Original Case Ref: TAT/4387/7681

TAKE NOTICE that the Appellant, being dissatisfied with the ruling delivered on 2026-05-08, hereby appeals to the High Court of Kenya on the following grounds:

1. The Tribunal erred in law in its interpretation of Section 31 of the Value Added Tax Act.
2. The Tribunal failed to consider material evidence submitted by the Appellant.
3. The decision is against the weight of evidence.

Signed: Erica Christian, Advocate for the Appellant"
DOC-APP-00017,Appeal Notice,"NOTICE OF APPEAL

TO: The Registrar, Tax Appeals Tribunal
FROM: Moore-Abbott (PIN: A48077562126B)
Date: 2025-07-20
Original Case Ref: TAT/7468/8051

TAKE NOTICE that the Appellant, being dissatisfied with the ruling delivered on 2026-02-02, hereby appeals to the High Court of Kenya on the following grounds:

1. The Tribunal erred in law in its interpretation of Regulation 15 of the VAT Regulations 2017.
2. The Tribunal failed to consider material evidence submitted by the Appellant.
3. The decision is against the weight of evidence.

Signed: Tina Whitaker, Advocate for the Appellant"
DOC-APP-00018,Appeal Notice,"NOTICE OF APPEAL

TO: The Registrar, Tax Appeals Tribunal
FROM: Nielsen-Davis (PIN: A26441900259B)
Date: 2025-08-27
Original Case Ref: TAT/8593/7552

TAKE NOTICE that the Appellant, being dissatisfied with the ruling delivered on 2026-03-24, hereby appeals to the High Court of Kenya on the following grounds:

1. The Tribunal erred in law in its interpretation of Section 58 of the East African Customs Management Act.
2. The Tribunal failed to consider material evidence submitted by the Appellant.
3. The decision is against the weight of evidence.

Signed: William Stevens, Advocate for the Appellant"
DOC-APP-00019,Appeal Notice,"NOTICE OF APPEAL

TO: The Registrar, Tax Appeals Tribunal
FROM: Palmer Ltd (PIN: A72839062722B)
Date: 2025-09-12
Original Case Ref: TAT/6310/9977

TAKE NOTICE that the Appellant, being dissatisfied with the ruling delivered on 2026-01-06, hereby appeals to the High Court of Kenya on the following grounds:

1. The Tribunal erred in law in its interpretation of Section 37 of the Tax Procedures Act.
2. The Tribunal failed to consider material evidence submitted by the Appellant.
3. The decision is against the weight of evidence.

Signed: Samantha Turner, Advocate for the Appellant"
DOC-APP-00020,Appeal Notice,"NOTICE OF APPEAL

TO: The Registrar, Tax Appeals Tribunal
FROM: Alvarez-Rose (PIN: A18875507074B)
Date: 2025-07-12
Original Case Ref: TAT/5947/5114

TAKE NOTICE that the Appellant, being dissatisfied with the ruling delivered on 2026-03-02, hereby appeals to the High Court of Kenya on the following grounds:

1. The Tribunal erred in law in its interpretation of Section 12 of the Tax Appeals Tribunal Act.
2. The Tribunal failed to consider material evidence submitted by the Appellant.
3. The decision is against the weight of evidence.

Signed: Stephen Molina, Advocate for the Appellant"
DOC-APP-00021,Appeal Notice,"NOTICE OF APPEAL

TO: The Registrar, Tax Appeals Tribunal
FROM: Johnson PLC (PIN: A86082545474B)
Date: 2025-08-17
Original Case Ref: TAT/4453/3564

TAKE NOTICE that the Appellant, being dissatisfied with the ruling delivered on 2026-01-30, hereby appeals to the High Court of Kenya on the following grounds:

1. The Tribunal erred in law in its interpretation of Section 58 of the East African Customs Management Act.
2. The Tribunal failed to consider material evidence submitted by the Appellant.
3. The decision is against the weight of evidence.

Signed: Rachel Espinoza, Advocate for the Appellant"
DOC-APP-00022,Appeal Notice,"NOTICE OF APPEAL

TO: The Registrar, Tax Appeals Tribunal
FROM: Schwartz Ltd (PIN: A19041931522B)
Date: 2025-12-04
Original Case Ref: TAT/9466/1638

TAKE NOTICE that the Appellant, being dissatisfied with the ruling delivered on 2026-02-28, hereby appeals to the High Court of Kenya on the following grounds:

1. The Tribunal erred in law in its interpretation of Section 31 of the Value Added Tax Act.
2. The Tribunal failed to consider material evidence submitted by the Appellant.
3. The decision is against the weight of evidence.

Signed: Kevin Coleman, Advocate for the Appellant"
DOC-APP-00023,Appeal Notice,"NOTICE OF APPEAL

TO: The Registrar, Tax Appeals Tribunal
FROM: Hill, Miller and Durham (PIN: A00323818564B)
Date: 2025-11-02
Original Case Ref: TAT/9702/0687

TAKE NOTICE that the Appellant, being dissatisfied with the ruling delivered on 2026-04-24, hereby appeals to the High Court of Kenya on the following grounds:

1. The Tribunal erred in law in its interpretation of Section 47 of the Income Tax Act.
2. The Tribunal failed to consider material evidence submitted by the Appellant.
3. The decision is against the weight of evidence.

Signed: Stephen Hardy, Advocate for the Appellant"
DOC-APP-00024,Appeal Notice,"NOTICE OF APPEAL

TO: The Registrar, Tax Appeals Tribunal
FROM: Ray Inc (PIN: A84073766104B)
Date: 2026-04-02
Original Case Ref: TAT/4887/2960

TAKE NOTICE that the Appellant, being dissatisfied with the ruling delivered on 2026-02-11, hereby appeals to the High Court of Kenya on the following grounds:

1. The Tribunal erred in law in its interpretation of Section 47 of the Income Tax Act.
2. The Tribunal failed to consider material evidence submitted by the Appellant.
3. The decision is against the weight of evidence.

Signed: Robert Myers, Advocate for the Appellant"
DOC-APP-00025,Appeal Notice,"NOTICE OF APPEAL

TO: The Registrar, Tax Appeals Tribunal
FROM: Walsh, Williams and Conner (PIN: A67449007014B)
Date: 2026-01-28
Original Case Ref: TAT/8664/0195

TAKE NOTICE that the Appellant, being dissatisfied with the ruling delivered on 2026-05-11, hereby appeals to the High Court of Kenya on the following grounds:

1. The Tribunal erred in law in its interpretation of Section 47 of the Income Tax Act.
2. The Tribunal failed to consider material evidence submitted by the Appellant.
3. The decision is against the weight of evidence.

Signed: Mike Wells, Advocate for the Appellant"
DOC-APP-00026,Appeal Notice,"NOTICE OF APPEAL

TO: The Registrar, Tax Appeals Tribunal
FROM: Hodge Group (PIN: A04007828800B)
Date: 2025-08-12
Original Case Ref: TAT/3288/8942

TAKE NOTICE that the Appellant, being dissatisfied with the ruling delivered on 2026-05-13, hereby appeals to the High Court of Kenya on the following grounds:

1. The Tribunal erred in law in its interpretation of Section 12 of the Tax Appeals Tribunal Act.
2. The Tribunal failed to consider material evidence submitted by the Appellant.
3. The decision is against the weight of evidence.

Signed: James Long, Advocate for the Appellant"
DOC-APP-00027,Appeal Notice,"NOTICE OF APPEAL

TO: The Registrar, Tax Appeals Tribunal
FROM: Bennett PLC (PIN: A03900480073B)
Date: 2025-08-08
Original Case Ref: TAT/4332/1288

TAKE NOTICE that the Appellant, being dissatisfied with the ruling delivered on 2026-03-01, hereby appeals to the High Court of Kenya on the following grounds:

1. The Tribunal erred in law in its interpretation of Section 58 of the East African Customs Management Act.
2. The Tribunal failed to consider material evidence submitted by the Appellant.
3. The decision is against the weight of evidence.

Signed: Joseph Ward, Advocate for the Appellant"
DOC-APP-00028,Appeal Notice,"NOTICE OF APPEAL

TO: The Registrar, Tax Appeals Tribunal
FROM: Strong LLC (PIN: A99081491771B)
Date: 2025-08-27
Original Case Ref: TAT/0311/1485

TAKE NOTICE that the Appellant, being dissatisfied with the ruling delivered on 2026-05-22, hereby appeals to the High Court of Kenya on the following grounds:

1. The Tribunal erred in law in its interpretation of Section 37 of the Tax Procedures Act.
2. The Tribunal failed to consider material evidence submitted by the Appellant.
3. The decision is against the weight of evidence.

Signed: Eric Taylor, Advocate for the Appellant"
DOC-APP-00029,Appeal Notice,"NOTICE OF APPEAL

TO: The Registrar, Tax Appeals Tribunal
FROM: Dean-Morris (PIN: A94939988637B)
Date: 2026-04-09
Original Case Ref: TAT/9063/2007

TAKE NOTICE that the Appellant, being dissatisfied with the ruling delivered on 2026-01-04, hereby appeals to the High Court of Kenya on the following grounds:

1. The Tribunal erred in law in its interpretation of Section 58 of the East African Customs Management Act.
2. The Tribunal failed to consider material evidence submitted by the Appellant.
3. The decision is against the weight of evidence.

Signed: Alexander Sweeney, Advocate for the Appellant"
DOC-APP-00030,Appeal Notice,"NOTICE OF APPEAL

TO: The Registrar, Tax Appeals Tribunal
FROM: Evans, Pollard and Chen (PIN: A12575149712B)
Date: 2026-04-15
Original Case Ref: TAT/6762/5594

TAKE NOTICE that the Appellant, being dissatisfied with the ruling delivered on 2026-05-12, hereby appeals to the High Court of Kenya on the following grounds:

1. The Tribunal erred in law in its interpretation of Section 47 of the Income Tax Act.
2. The Tribunal failed to consider material evidence submitted by the Appellant.
3. The decision is against the weight of evidence.

Signed: Gregory Oneill, Advocate for the Appellant"
DOC-APP-00031,Appeal Notice,"NOTICE OF APPEAL

TO: The Registrar, Tax Appeals Tribunal
FROM: Murphy, Rivera and Nichols (PIN: A74240184362B)
Date: 2026-03-04
Original Case Ref: TAT/5476/5688

TAKE NOTICE that the Appellant, being dissatisfied with the ruling delivered on 2026-03-21, hereby appeals to the High Court of Kenya on the following grounds:

1. The Tribunal erred in law in its interpretation of Section 12 of the Tax Appeals Tribunal Act.
2. The Tribunal failed to consider material evidence submitted by the Appellant.
3. The decision is against the weight of evidence.

Signed: Emily Rivas, Advocate for the Appellant"
DOC-APP-00032,Appeal Notice,"NOTICE OF APPEAL

TO: The Registrar, Tax Appeals Tribunal
FROM: Brown, Page and Farrell (PIN: A66735015808B)
Date: 2026-01-29
Original Case Ref: TAT/0081/0672

TAKE NOTICE that the Appellant, being dissatisfied with the ruling delivered on 2026-03-25, hereby appeals to the High Court of Kenya on the following grounds:

1. The Tribunal erred in law in its interpretation of Regulation 15 of the VAT Regulations 2017.
2. The Tribunal failed to consider material evidence submitted by the Appellant.
3. The decision is against the weight of evidence.

Signed: Patrick Spencer, Advocate for the Appellant"
DOC-APP-00033,Appeal Notice,"NOTICE OF APPEAL

TO: The Registrar, Tax Appeals Tribunal
FROM: Frey, Bray and Frost (PIN: A96948614731B)
Date: 2025-08-09
Original Case Ref: TAT/1163/9171

TAKE NOTICE that the Appellant, being dissatisfied with the ruling delivered on 2026-04-27, hereby appeals to the High Court of Kenya on the following grounds:

1. The Tribunal erred in law in its interpretation of Section 47 of the Income Tax Act.
2. The Tribunal failed to consider material evidence submitted by the Appellant.
3. The decision is against the weight of evidence.

Signed: Emma Banks, Advocate for the Appellant"
DOC-APP-00034,Appeal Notice,"NOTICE OF APPEAL

TO: The Registrar, Tax Appeals Tribunal
FROM: Bailey, Paul and Adams (PIN: A18003797827B)
Date: 2025-09-27
Original Case Ref: TAT/1654/6325

TAKE NOTICE that the Appellant, being dissatisfied with the ruling delivered on 2026-03-18, hereby appeals to the High Court of Kenya on the following grounds:

1. The Tribunal erred in law in its interpretation of Section 31 of the Value Added Tax Act.
2. The Tribunal failed to consider material evidence submitted by the Appellant.
3. The decision is against the weight of evidence.

Signed: Austin Williams, Advocate for the Appellant"
DOC-APP-00035,Appeal Notice,"NOTICE OF APPEAL

TO: The Registrar, Tax Appeals Tribunal
FROM: Duran, Bailey and Stuart (PIN: A64847921515B)
Date: 2026-01-03
Original Case Ref: TAT/8918/1696

TAKE NOTICE that the Appellant, being dissatisfied with the ruling delivered on 2026-05-10, hereby appeals to the High Court of Kenya on the following grounds:

1. The Tribunal erred in law in its interpretation of Section 58 of the East African Customs Management Act.
2. The Tribunal failed to consider material evidence submitted by the Appellant.
3. The decision is against the weight of evidence.

Signed: Andrew Lam, Advocate for the Appellant"
DOC-APP-00036,Appeal Notice,"NOTICE OF APPEAL

TO: The Registrar, Tax Appeals Tribunal
FROM: Stone PLC (PIN: A62697430225B)
Date: 2026-04-29
Original Case Ref: TAT/5619/5905

TAKE NOTICE that the Appellant, being dissatisfied with the ruling delivered on 2026-01-04, hereby appeals to the High Court of Kenya on the following grounds:

1. The Tribunal erred in law in its interpretation of Section 12 of the Tax Appeals Tribunal Act.
2. The Tribunal failed to consider material evidence submitted by the Appellant.
3. The decision is against the weight of evidence.

Signed: Alfred Juarez, Advocate for the Appellant"
DOC-APP-00037,Appeal Notice,"NOTICE OF APPEAL

TO: The Registrar, Tax Appeals Tribunal
FROM: Burgess PLC (PIN: A59707782899B)
Date: 2026-01-07
Original Case Ref: TAT/4717/6762

TAKE NOTICE that the Appellant, being dissatisfied with the ruling delivered on 2026-05-22, hereby appeals to the High Court of Kenya on the following grounds:

1. The Tribunal erred in law in its interpretation of Regulation 15 of the VAT Regulations 2017.
2. The Tribunal failed to consider material evidence submitted by the Appellant.
3. The decision is against the weight of evidence.

Signed: Savannah Walker, Advocate for the Appellant"
DOC-APP-00038,Appeal Notice,"NOTICE OF APPEAL

TO: The Registrar, Tax Appeals Tribunal
FROM: Dominguez-Schmidt (PIN: A87984833715B)
Date: 2025-12-17
Original Case Ref: TAT/6644/1647

TAKE NOTICE that the Appellant, being dissatisfied with the ruling delivered on 2026-05-24, hereby appeals to the High Court of Kenya on the following grounds:

1. The Tribunal erred in law in its interpretation of Section 47 of the Income Tax Act.
2. The Tribunal failed to consider material evidence submitted by the Appellant.
3. The decision is against the weight of evidence.

Signed: Susan Jones, Advocate for the Appellant"
DOC-APP-00039,Appeal Notice,"NOTICE OF APPEAL

TO: The Registrar, Tax Appeals Tribunal
FROM: Kelly Group (PIN: A41828893231B)
Date: 2026-02-16
Original Case Ref: TAT/3878/2146

TAKE NOTICE that the Appellant, being dissatisfied with the ruling delivered on 2026-01-12, hereby appeals to the High Court of Kenya on the following grounds:

1. The Tribunal erred in law in its interpretation of Section 12 of the Tax Appeals Tribunal Act.
2. The Tribunal failed to consider material evidence submitted by the Appellant.
3. The decision is against the weight of evidence.

Signed: Cameron Rivera, Advocate for the Appellant"
DOC-APP-00040,Appeal Notice,"NOTICE OF APPEAL

TO: The Registrar, Tax Appeals Tribunal
FROM: Mcclure LLC (PIN: A95577593126B)
Date: 2026-06-09
Original Case Ref: TAT/4473/3139

TAKE NOTICE that the Appellant, being dissatisfied with the ruling delivered on 2026-01-15, hereby appeals to the High Court of Kenya on the following grounds:

1. The Tribunal erred in law in its interpretation of Regulation 15 of the VAT Regulations 2017.
2. The Tribunal failed to consider material evidence submitted by the Appellant.
3. The decision is against the weight of evidence.

Signed: Cassandra Stewart, Advocate for the Appellant"
DOC-APP-00041,Appeal Notice,"NOTICE OF APPEAL

TO: The Registrar, Tax Appeals Tribunal
FROM: Pruitt LLC (PIN: A85873117589B)
Date: 2025-12-10
Original Case Ref: TAT/5605/7681

TAKE NOTICE that the Appellant, being dissatisfied with the ruling delivered on 2026-03-06, hereby appeals to the High Court of Kenya on the following grounds:

1. The Tribunal erred in law in its interpretation of Section 31 of the Value Added Tax Act.
2. The Tribunal failed to consider material evidence submitted by the Appellant.
3. The decision is against the weight of evidence.

Signed: Stephen Crawford, Advocate for the Appellant"
DOC-APP-00042,Appeal Notice,"NOTICE OF APPEAL

TO: The Registrar, Tax Appeals Tribunal
FROM: Hughes-Pope (PIN: A06779437642B)
Date: 2026-03-08
Original Case Ref: TAT/9576/8875

TAKE NOTICE that the Appellant, being dissatisfied with the ruling delivered on 2026-02-15, hereby appeals to the High Court of Kenya on the following grounds:

1. The Tribunal erred in law in its interpretation of Section 31 of the Value Added Tax Act.
2. The Tribunal failed to consider material evidence submitted by the Appellant.
3. The decision is against the weight of evidence.

Signed: Dr. Samuel Smith, Advocate for the Appellant"
DOC-APP-00043,Appeal Notice,"NOTICE OF APPEAL

TO: The Registrar, Tax Appeals Tribunal
FROM: Wong-Howell (PIN: A57973396910B)
Date: 2026-05-22
Original Case Ref: TAT/9903/7341

TAKE NOTICE that the Appellant, being dissatisfied with the ruling delivered on 2026-05-22, hereby appeals to the High Court of Kenya on the following grounds:

1. The Tribunal erred in law in its interpretation of Section 58 of the East African Customs Management Act.
2. The Tribunal failed to consider material evidence submitted by the Appellant.
3. The decision is against the weight of evidence.

Signed: John Burke, Advocate for the Appellant"
DOC-APP-00044,Appeal Notice,"NOTICE OF APPEAL

TO: The Registrar, Tax Appeals Tribunal
FROM: Schmidt-Mitchell (PIN: A29628915990B)
Date: 2026-05-23
Original Case Ref: TAT/8830/5600

TAKE NOTICE that the Appellant, being dissatisfied with the ruling delivered on 2026-05-26, hereby appeals to the High Court of Kenya on the following grounds:

1. The Tribunal erred in law in its interpretation of Section 12 of the Tax Appeals Tribunal Act.
2. The Tribunal failed to consider material evidence submitted by the Appellant.
3. The decision is against the weight of evidence.

Signed: Ryan Fox, Advocate for the Appellant"
DOC-APP-00045,Appeal Notice,"NOTICE OF APPEAL

TO: The Registrar, Tax Appeals Tribunal
FROM: Ellison PLC (PIN: A43476347423B)
Date: 2026-05-04
Original Case Ref: TAT/8631/9755

TAKE NOTICE that the Appellant, being dissatisfied with the ruling delivered on 2026-03-29, hereby appeals to the High Court of Kenya on the following grounds:

1. The Tribunal erred in law in its interpretation of Section 47 of the Income Tax Act.
2. The Tribunal failed to consider material evidence submitted by the Appellant.
3. The decision is against the weight of evidence.

Signed: Chloe Brown, Advocate for the Appellant"
DOC-APP-00046,Appeal Notice,"NOTICE OF APPEAL

TO: The Registrar, Tax Appeals Tribunal
FROM: Barker-Silva (PIN: A97809029259B)
Date: 2026-01-27
Original Case Ref: TAT/2898/1464

TAKE NOTICE that the Appellant, being dissatisfied with the ruling delivered on 2026-02-28, hereby appeals to the High Court of Kenya on the following grounds:

1. The Tribunal erred in law in its interpretation of Section 47 of the Income Tax Act.
2. The Tribunal failed to consider material evidence submitted by the Appellant.
3. The decision is against the weight of evidence.

Signed: Amanda Knight, Advocate for the Appellant"
DOC-APP-00047,Appeal Notice,"NOTICE OF APPEAL

TO: The Registrar, Tax Appeals Tribunal
FROM: Taylor LLC (PIN: A60324696686B)
Date: 2026-05-29
Original Case Ref: TAT/3444/8603

TAKE NOTICE that the Appellant, being dissatisfied with the ruling delivered on 2026-04-24, hereby appeals to the High Court of Kenya on the following grounds:

1. The Tribunal erred in law in its interpretation of Section 37 of the Tax Procedures Act.
2. The Tribunal failed to consider material evidence submitted by the Appellant.
3. The decision is against the weight of evidence.

Signed: Jason Smith, Advocate for the Appellant"
DOC-APP-00048,Appeal Notice,"NOTICE OF APPEAL

TO: The Registrar, Tax Appeals Tribunal
FROM: Cunningham and Sons (PIN: A65570876718B)
Date: 2026-02-01
Original Case Ref: TAT/2329/2646

TAKE NOTICE that the Appellant, being dissatisfied with the ruling delivered on 2026-01-16, hereby appeals to the High Court of Kenya on the following grounds:

1. The Tribunal erred in law in its interpretation of Section 47 of the Income Tax Act.
2. The Tribunal failed to consider material evidence submitted by the Appellant.
3. The decision is against the weight of evidence.

Signed: Richard Berry, Advocate for the Appellant"
DOC-APP-00049,Appeal Notice,"NOTICE OF APPEAL

TO: The Registrar, Tax Appeals Tribunal
FROM: Church, Jones and Molina (PIN: A55529268478B)
Date: 2025-09-27
Original Case Ref: TAT/8515/6287

TAKE NOTICE that the Appellant, being dissatisfied with the ruling delivered on 2026-03-25, hereby appeals to the High Court of Kenya on the following grounds:

1. The Tribunal erred in law in its interpretation of Section 58 of the East African Customs Management Act.
2. The Tribunal failed to consider material evidence submitted by the Appellant.
3. The decision is against the weight of evidence.

Signed: Melanie King, Advocate for the Appellant"
DOC-APP-00050,Appeal Notice,"NOTICE OF APPEAL

TO: The Registrar, Tax Appeals Tribunal
FROM: Trevino and Sons (PIN: A10675742755B)
Date: 2026-03-11
Original Case Ref: TAT/3553/5892

TAKE NOTICE that the Appellant, being dissatisfied with the ruling delivered on 2026-02-23, hereby appeals to the High Court of Kenya on the following grounds:

1. The Tribunal erred in law in its interpretation of Section 31 of the Value Added Tax Act.
2. The Tribunal failed to consider material evidence submitted by the Appellant.
3. The decision is against the weight of evidence.

Signed: William Cabrera, Advocate for the Appellant"
DOC-APP-00051,Appeal Notice,"NOTICE OF APPEAL

TO: The Registrar, Tax Appeals Tribunal
FROM: Fitzpatrick-Martin (PIN: A71531592573B)
Date: 2026-02-20
Original Case Ref: TAT/8446/5812

TAKE NOTICE that the Appellant, being dissatisfied with the ruling delivered on 2026-04-22, hereby appeals to the High Court of Kenya on the following grounds:

1. The Tribunal erred in law in its interpretation of Section 47 of the Income Tax Act.
2. The Tribunal failed to consider material evidence submitted by the Appellant.
3. The decision is against the weight of evidence.

Signed: Alan Conner, Advocate for the Appellant"
DOC-APP-00052,Appeal Notice,"NOTICE OF APPEAL

TO: The Registrar, Tax Appeals Tribunal
FROM: Barton-Gill (PIN: A82835992808B)
Date: 2026-03-16
Original Case Ref: TAT/7477/8906

TAKE NOTICE that the Appellant, being dissatisfied with the ruling delivered on 2026-01-14, hereby appeals to the High Court of Kenya on the following grounds:

1. The Tribunal erred in law in its interpretation of Section 37 of the Tax Procedures Act.
2. The Tribunal failed to consider material evidence submitted by the Appellant.
3. The decision is against the weight of evidence.

Signed: Steven Smith, Advocate for the Appellant"
DOC-APP-00053,Appeal Notice,"NOTICE OF APPEAL

TO: The Registrar, Tax Appeals Tribunal
FROM: Mercer LLC (PIN: A59258958300B)
Date: 2025-10-01
Original Case Ref: TAT/8021/6536

TAKE NOTICE that the Appellant, being dissatisfied with the ruling delivered on 2026-02-22, hereby appeals to the High Court of Kenya on the following grounds:

1. The Tribunal erred in law in its interpretation of Section 58 of the East African Customs Management Act.
2. The Tribunal failed to consider material evidence submitted by the Appellant.
3. The decision is against the weight of evidence.

Signed: Christopher Anderson, Advocate for the Appellant"
DOC-APP-00054,Appeal Notice,"NOTICE OF APPEAL

TO: The Registrar, Tax Appeals Tribunal
FROM: Phillips-Hunter (PIN: A57101600373B)
Date: 2026-03-01
Original Case Ref: TAT/1096/8710

TAKE NOTICE that the Appellant, being dissatisfied with the ruling delivered on 2026-02-23, hereby appeals to the High Court of Kenya on the following grounds:

1. The Tribunal erred in law in its interpretation of Regulation 15 of the VAT Regulations 2017.
2. The Tribunal failed to consider material evidence submitted by the Appellant.
3. The decision is against the weight of evidence.

Signed: Kimberly Robertson, Advocate for the Appellant"
DOC-APP-00055,Appeal Notice,"NOTICE OF APPEAL

TO: The Registrar, Tax Appeals Tribunal
FROM: Clark Ltd (PIN: A21877407551B)
Date: 2026-04-15
Original Case Ref: TAT/5613/6991

TAKE NOTICE that the Appellant, being dissatisfied with the ruling delivered on 2026-03-23, hereby appeals to the High Court of Kenya on the following grounds:

1. The Tribunal erred in law in its interpretation of Section 58 of the East African Customs Management Act.
2. The Tribunal failed to consider material evidence submitted by the Appellant.
3. The decision is against the weight of evidence.

Signed: Michelle Nichols, Advocate for the Appellant"
DOC-APP-00056,Appeal Notice,"NOTICE OF APPEAL

TO: The Registrar, Tax Appeals Tribunal
FROM: Massey PLC (PIN: A03593133061B)
Date: 2025-09-18
Original Case Ref: TAT/9378/8992

TAKE NOTICE that the Appellant, being dissatisfied with the ruling delivered on 2026-01-12, hereby appeals to the High Court of Kenya on the following grounds:

1. The Tribunal erred in law in its interpretation of Section 58 of the East African Customs Management Act.
2. The Tribunal failed to consider material evidence submitted by the Appellant.
3. The decision is against the weight of evidence.

Signed: Ashley Jensen, Advocate for the Appellant"
DOC-APP-00057,Appeal Notice,"NOTICE OF APPEAL

TO: The Registrar, Tax Appeals Tribunal
FROM: Perez-Gay (PIN: A28549613257B)
Date: 2025-08-07
Original Case Ref: TAT/7469/1360

TAKE NOTICE that the Appellant, being dissatisfied with the ruling delivered on 2026-03-07, hereby appeals to the High Court of Kenya on the following grounds:

1. The Tribunal erred in law in its interpretation of Section 58 of the East African Customs Management Act.
2. The Tribunal failed to consider material evidence submitted by the Appellant.
3. The decision is against the weight of evidence.

Signed: Lance Lopez, Advocate for the Appellant"
DOC-APP-00058,Appeal Notice,"NOTICE OF APPEAL

TO: The Registrar, Tax Appeals Tribunal
FROM: Hernandez, Avery and Medina (PIN: A98654717067B)
Date: 2025-11-08
Original Case Ref: TAT/4482/1427

TAKE NOTICE that the Appellant, being dissatisfied with the ruling delivered on 2026-04-05, hereby appeals to the High Court of Kenya on the following grounds:

1. The Tribunal erred in law in its interpretation of Section 58 of the East African Customs Management Act.
2. The Tribunal failed to consider material evidence submitted by the Appellant.
3. The decision is against the weight of evidence.

Signed: Jim Dunn, Advocate for the Appellant"
DOC-APP-00059,Appeal Notice,"NOTICE OF APPEAL

TO: The Registrar, Tax Appeals Tribunal
FROM: Garcia LLC (PIN: A60010008058B)
Date: 2025-11-19
Original Case Ref: TAT/1882/9947

TAKE NOTICE that the Appellant, being dissatisfied with the ruling delivered on 2026-01-12, hereby appeals to the High Court of Kenya on the following grounds:

1. The Tribunal erred in law in its interpretation of Section 58 of the East African Customs Management Act.
2. The Tribunal failed to consider material evidence submitted by the Appellant.
3. The decision is against the weight of evidence.

Signed: Aaron Collins, Advocate for the Appellant"
DOC-APP-00060,Appeal Notice,"NOTICE OF APPEAL

TO: The Registrar, Tax Appeals Tribunal
FROM: Wilson-Valenzuela (PIN: A76950657282B)
Date: 2026-06-21
Original Case Ref: TAT/8280/2898

TAKE NOTICE that the Appellant, being dissatisfied with the ruling delivered on 2026-03-19, hereby appeals to the High Court of Kenya on the following grounds:

1. The Tribunal erred in law in its interpretation of Section 31 of the Value Added Tax Act.
2. The Tribunal failed to consider material evidence submitted by the Appellant.
3. The decision is against the weight of evidence.

Signed: Nicholas Christensen, Advocate for the Appellant"
DOC-APP-00061,Appeal Notice,"NOTICE OF APPEAL

TO: The Registrar, Tax Appeals Tribunal
FROM: Robbins LLC (PIN: A56988124755B)
Date: 2026-03-30
Original Case Ref: TAT/7652/9266

TAKE NOTICE that the Appellant, being dissatisfied with the ruling delivered on 2026-05-02, hereby appeals to the High Court of Kenya on the following grounds:

1. The Tribunal erred in law in its interpretation of Section 31 of the Value Added Tax Act.
2. The Tribunal failed to consider material evidence submitted by the Appellant.
3. The decision is against the weight of evidence.

Signed: Susan Marquez, Advocate for the Appellant"
DOC-APP-00062,Appeal Notice,"NOTICE OF APPEAL

TO: The Registrar, Tax Appeals Tribunal
FROM: Weeks, Walls and Garcia (PIN: A92472296966B)
Date: 2026-06-28
Original Case Ref: TAT/1456/4938

TAKE NOTICE that the Appellant, being dissatisfied with the ruling delivered on 2026-01-28, hereby appeals to the High Court of Kenya on the following grounds:

1. The Tribunal erred in law in its interpretation of Section 37 of the Tax Procedures Act.
2. The Tribunal failed to consider material evidence submitted by the Appellant.
3. The decision is against the weight of evidence.

Signed: April Contreras, Advocate for the Appellant"
DOC-APP-00063,Appeal Notice,"NOTICE OF APPEAL

TO: The Registrar, Tax Appeals Tribunal
FROM: Bruce, Cooper and Jackson (PIN: A10366387378B)
Date: 2026-05-22
Original Case Ref: TAT/8589/6703

TAKE NOTICE that the Appellant, being dissatisfied with the ruling delivered on 2026-01-08, hereby appeals to the High Court of Kenya on the following grounds:

1. The Tribunal erred in law in its interpretation of Section 47 of the Income Tax Act.
2. The Tribunal failed to consider material evidence submitted by the Appellant.
3. The decision is against the weight of evidence.

Signed: Robert Conner, Advocate for the Appellant"
DOC-APP-00064,Appeal Notice,"NOTICE OF APPEAL

TO: The Registrar, Tax Appeals Tribunal
FROM: Monroe Group (PIN: A97804144235B)
Date: 2026-02-01
Original Case Ref: TAT/3473/1399

TAKE NOTICE that the Appellant, being dissatisfied with the ruling delivered on 2026-02-04, hereby appeals to the High Court of Kenya on the following grounds:

1. The Tribunal erred in law in its interpretation of Regulation 15 of the VAT Regulations 2017.
2. The Tribunal failed to consider material evidence submitted by the Appellant.
3. The decision is against the weight of evidence.

Signed: John Wu, Advocate for the Appellant"
DOC-APP-00065,Appeal Notice,"NOTICE OF APPEAL

TO: The Registrar, Tax Appeals Tribunal
FROM: Ruiz-Wang (PIN: A92652391479B)
Date: 2026-06-22
Original Case Ref: TAT/0601/3100

TAKE NOTICE that the Appellant, being dissatisfied with the ruling delivered on 2026-04-11, hereby appeals to the High Court of Kenya on the following grounds:

1. The Tribunal erred in law in its interpretation of Section 12 of the Tax Appeals Tribunal Act.
2. The Tribunal failed to consider material evidence submitted by the Appellant.
3. The decision is against the weight of evidence.

Signed: Susan Schwartz, Advocate for the Appellant"
DOC-APP-00066,Appeal Notice,"NOTICE OF APPEAL

TO: The Registrar, Tax Appeals Tribunal
FROM: Pearson-Hart (PIN: A14434635209B)
Date: 2026-06-15
Original Case Ref: TAT/5804/6227

TAKE NOTICE that the Appellant, being dissatisfied with the ruling delivered on 2026-01-08, hereby appeals to the High Court of Kenya on the following grounds:

1. The Tribunal erred in law in its interpretation of Section 31 of the Value Added Tax Act.
2. The Tribunal failed to consider material evidence submitted by the Appellant.
3. The decision is against the weight of evidence.

Signed: Michael Parker, Advocate for the Appellant"
DOC-APP-00067,Appeal Notice,"NOTICE OF APPEAL

TO: The Registrar, Tax Appeals Tribunal
FROM: Gallagher-Vaughn (PIN: A54376282523B)
Date: 2026-01-08
Original Case Ref: TAT/3063/9641

TAKE NOTICE that the Appellant, being dissatisfied with the ruling delivered on 2026-05-23, hereby appeals to the High Court of Kenya on the following grounds:

1. The Tribunal erred in law in its interpretation of Section 12 of the Tax Appeals Tribunal Act.
2. The Tribunal failed to consider material evidence submitted by the Appellant.
3. The decision is against the weight of evidence.

Signed: Micheal Nelson, Advocate for the Appellant"
DOC-APP-00068,Appeal Notice,"NOTICE OF APPEAL

TO: The Registrar, Tax Appeals Tribunal
FROM: Sanchez-Shelton (PIN: A39780116188B)
Date: 2025-10-15
Original Case Ref: TAT/0027/2814

TAKE NOTICE that the Appellant, being dissatisfied with the ruling delivered on 2026-03-05, hereby appeals to the High Court of Kenya on the following grounds:

1. The Tribunal erred in law in its interpretation of Section 37 of the Tax Procedures Act.
2. The Tribunal failed to consider material evidence submitted by the Appellant.
3. The decision is against the weight of evidence.

Signed: Mr. Anthony Evans Jr., Advocate for the Appellant"
DOC-APP-00069,Appeal Notice,"NOTICE OF APPEAL

TO: The Registrar, Tax Appeals Tribunal
FROM: Davis Ltd (PIN: A42681338062B)
Date: 2025-09-19
Original Case Ref: TAT/1880/0728

TAKE NOTICE that the Appellant, being dissatisfied with the ruling delivered on 2026-05-16, hereby appeals to the High Court of Kenya on the following grounds:

1. The Tribunal erred in law in its interpretation of Section 47 of the Income Tax Act.
2. The Tribunal failed to consider material evidence submitted by the Appellant.
3. The decision is against the weight of evidence.

Signed: Anthony Hunt, Advocate for the Appellant"
DOC-APP-00070,Appeal Notice,"NOTICE OF APPEAL

TO: The Registrar, Tax Appeals Tribunal
FROM: Gross LLC (PIN: A85789290369B)
Date: 2025-10-30
Original Case Ref: TAT/9590/1633

TAKE NOTICE that the Appellant, being dissatisfied with the ruling delivered on 2026-04-17, hereby appeals to the High Court of Kenya on the following grounds:

1. The Tribunal erred in law in its interpretation of Section 31 of the Value Added Tax Act.
2. The Tribunal failed to consider material evidence submitted by the Appellant.
3. The decision is against the weight of evidence.

Signed: Danielle Stephens, Advocate for the Appellant"
DOC-APP-00071,Appeal Notice,"NOTICE OF APPEAL

TO: The Registrar, Tax Appeals Tribunal
FROM: Johnson Inc (PIN: A46222587013B)
Date: 2026-03-03
Original Case Ref: TAT/5111/9599

TAKE NOTICE that the Appellant, being dissatisfied with the ruling delivered on 2026-02-16, hereby appeals to the High Court of Kenya on the following grounds:

1. The Tribunal erred in law in its interpretation of Regulation 15 of the VAT Regulations 2017.
2. The Tribunal failed to consider material evidence submitted by the Appellant.
3. The decision is against the weight of evidence.

Signed: Ryan Shaw, Advocate for the Appellant"
DOC-APP-00072,Appeal Notice,"NOTICE OF APPEAL

TO: The Registrar, Tax Appeals Tribunal
FROM: Charles and Sons (PIN: A50966815802B)
Date: 2026-01-25
Original Case Ref: TAT/0513/3017

TAKE NOTICE that the Appellant, being dissatisfied with the ruling delivered on 2026-03-09, hereby appeals to the High Court of Kenya on the following grounds:

1. The Tribunal erred in law in its interpretation of Section 31 of the Value Added Tax Act.
2. The Tribunal failed to consider material evidence submitted by the Appellant.
3. The decision is against the weight of evidence.

Signed: Paul Hernandez, Advocate for the Appellant"
DOC-APP-00073,Appeal Notice,"NOTICE OF APPEAL

TO: The Registrar, Tax Appeals Tribunal
FROM: Reeves, Wilkerson and Clark (PIN: A77050694240B)
Date: 2025-10-29
Original Case Ref: TAT/4421/0204

TAKE NOTICE that the Appellant, being dissatisfied with the ruling delivered on 2026-02-15, hereby appeals to the High Court of Kenya on the following grounds:

1. The Tribunal erred in law in its interpretation of Regulation 15 of the VAT Regulations 2017.
2. The Tribunal failed to consider material evidence submitted by the Appellant.
3. The decision is against the weight of evidence.

Signed: Matthew Daugherty, Advocate for the Appellant"
DOC-APP-00074,Appeal Notice,"NOTICE OF APPEAL

TO: The Registrar, Tax Appeals Tribunal
FROM: Nguyen-Gardner (PIN: A04328394655B)
Date: 2026-03-25
Original Case Ref: TAT/8139/8974

TAKE NOTICE that the Appellant, being dissatisfied with the ruling delivered on 2026-03-12, hereby appeals to the High Court of Kenya on the following grounds:

1. The Tribunal erred in law in its interpretation of Regulation 15 of the VAT Regulations 2017.
2. The Tribunal failed to consider material evidence submitted by the Appellant.
3. The decision is against the weight of evidence.

Signed: Catherine Watson, Advocate for the Appellant"
DOC-APP-00075,Appeal Notice,"NOTICE OF APPEAL

TO: The Registrar, Tax Appeals Tribunal
FROM: Norman Inc (PIN: A28621932712B)
Date: 2026-02-06
Original Case Ref: TAT/7906/9113

TAKE NOTICE that the Appellant, being dissatisfied with the ruling delivered on 2026-05-09, hereby appeals to the High Court of Kenya on the following grounds:

1. The Tribunal erred in law in its interpretation of Section 47 of the Income Tax Act.
2. The Tribunal failed to consider material evidence submitted by the Appellant.
3. The decision is against the weight of evidence.

Signed: Logan Walton, Advocate for the Appellant"
DOC-APP-00076,Appeal Notice,"NOTICE OF APPEAL

TO: The Registrar, Tax Appeals Tribunal
FROM: Marks LLC (PIN: A49725386674B)
Date: 2026-04-06
Original Case Ref: TAT/1075/2729

TAKE NOTICE that the Appellant, being dissatisfied with the ruling delivered on 2026-03-08, hereby appeals to the High Court of Kenya on the following grounds:

1. The Tribunal erred in law in its interpretation of Section 47 of the Income Tax Act.
2. The Tribunal failed to consider material evidence submitted by the Appellant.
3. The decision is against the weight of evidence.

Signed: Denise Russell, Advocate for the Appellant"
DOC-APP-00077,Appeal Notice,"NOTICE OF APPEAL

TO: The Registrar, Tax Appeals Tribunal
FROM: Carey-Scott (PIN: A43368078259B)
Date: 2025-11-06
Original Case Ref: TAT/6088/7374

TAKE NOTICE that the Appellant, being dissatisfied with the ruling delivered on 2026-05-25, hereby appeals to the High Court of Kenya on the following grounds:

1. The Tribunal erred in law in its interpretation of Regulation 15 of the VAT Regulations 2017.
2. The Tribunal failed to consider material evidence submitted by the Appellant.
3. The decision is against the weight of evidence.

Signed: Rebekah Lawrence, Advocate for the Appellant"
DOC-APP-00078,Appeal Notice,"NOTICE OF APPEAL

TO: The Registrar, Tax Appeals Tribunal
FROM: Poole-Garcia (PIN: A48105280332B)
Date: 2026-01-05
Original Case Ref: TAT/9273/1007

TAKE NOTICE that the Appellant, being dissatisfied with the ruling delivered on 2026-01-23, hereby appeals to the High Court of Kenya on the following grounds:

1. The Tribunal erred in law in its interpretation of Section 12 of the Tax Appeals Tribunal Act.
2. The Tribunal failed to consider material evidence submitted by the Appellant.
3. The decision is against the weight of evidence.

Signed: Stephanie Porter, Advocate for the Appellant"
DOC-APP-00079,Appeal Notice,"NOTICE OF APPEAL

TO: The Registrar, Tax Appeals Tribunal
FROM: Taylor-Harmon (PIN: A70593657607B)
Date: 2026-05-09
Original Case Ref: TAT/9497/4200

TAKE NOTICE that the Appellant, being dissatisfied with the ruling delivered on 2026-01-18, hereby appeals to the High Court of Kenya on the following grounds:

1. The Tribunal erred in law in its interpretation of Section 12 of the Tax Appeals Tribunal Act.
2. The Tribunal failed to consider material evidence submitted by the Appellant.
3. The decision is against the weight of evidence.

Signed: Jennifer Hines, Advocate for the Appellant"
DOC-APP-00080,Appeal Notice,"NOTICE OF APPEAL

TO: The Registrar, Tax Appeals Tribunal
FROM: Davis PLC (PIN: A32623370992B)
Date: 2025-11-30
Original Case Ref: TAT/6801/0233

TAKE NOTICE that the Appellant, being dissatisfied with the ruling delivered on 2026-01-07, hereby appeals to the High Court of Kenya on the following grounds:

1. The Tribunal erred in law in its interpretation of Section 47 of the Income Tax Act.
2. The Tribunal failed to consider material evidence submitted by the Appellant.
3. The decision is against the weight of evidence.

Signed: Ross Whitaker, Advocate for the Appellant"
DOC-APP-00081,Appeal Notice,"NOTICE OF APPEAL

TO: The Registrar, Tax Appeals Tribunal
FROM: Ramos-Rivera (PIN: A01792268933B)
Date: 2025-09-30
Original Case Ref: TAT/5786/6215

TAKE NOTICE that the Appellant, being dissatisfied with the ruling delivered on 2026-01-05, hereby appeals to the High Court of Kenya on the following grounds:

1. The Tribunal erred in law in its interpretation of Section 31 of the Value Added Tax Act.
2. The Tribunal failed to consider material evidence submitted by the Appellant.
3. The decision is against the weight of evidence.

Signed: Brandy Ramirez, Advocate for the Appellant"
DOC-APP-00082,Appeal Notice,"NOTICE OF APPEAL

TO: The Registrar, Tax Appeals Tribunal
FROM: Shields-Duarte (PIN: A04725915084B)
Date: 2026-02-14
Original Case Ref: TAT/6988/8131

TAKE NOTICE that the Appellant, being dissatisfied with the ruling delivered on 2026-04-08, hereby appeals to the High Court of Kenya on the following grounds:

1. The Tribunal erred in law in its interpretation of Section 58 of the East African Customs Management Act.
2. The Tribunal failed to consider material evidence submitted by the Appellant.
3. The decision is against the weight of evidence.

Signed: Dwayne Ford, Advocate for the Appellant"
DOC-APP-00083,Appeal Notice,"NOTICE OF APPEAL

TO: The Registrar, Tax Appeals Tribunal
FROM: Alexander LLC (PIN: A89253455656B)
Date: 2026-03-06
Original Case Ref: TAT/3705/7112

TAKE NOTICE that the Appellant, being dissatisfied with the ruling delivered on 2026-03-06, hereby appeals to the High Court of Kenya on the following grounds:

1. The Tribunal erred in law in its interpretation of Section 37 of the Tax Procedures Act.
2. The Tribunal failed to consider material evidence submitted by the Appellant.
3. The decision is against the weight of evidence.

Signed: Susan Webster, Advocate for the Appellant"
DOC-APP-00084,Appeal Notice,"NOTICE OF APPEAL

TO: The Registrar, Tax Appeals Tribunal
FROM: Morris-Vargas (PIN: A75120272618B)
Date: 2026-01-30
Original Case Ref: TAT/4777/9721

TAKE NOTICE that the Appellant, being dissatisfied with the ruling delivered on 2026-03-25, hereby appeals to the High Court of Kenya on the following grounds:

1. The Tribunal erred in law in its interpretation of Section 37 of the Tax Procedures Act.
2. The Tribunal failed to consider material evidence submitted by the Appellant.
3. The decision is against the weight of evidence.

Signed: Monica Savage, Advocate for the Appellant"
DOC-APP-00085,Appeal Notice,"NOTICE OF APPEAL

TO: The Registrar, Tax Appeals Tribunal
FROM: Chapman Inc (PIN: A88960776640B)
Date: 2025-10-02
Original Case Ref: TAT/9861/8636

TAKE NOTICE that the Appellant, being dissatisfied with the ruling delivered on 2026-04-10, hereby appeals to the High Court of Kenya on the following grounds:

1. The Tribunal erred in law in its interpretation of Section 12 of the Tax Appeals Tribunal Act.
2. The Tribunal failed to consider material evidence submitted by the Appellant.
3. The decision is against the weight of evidence.

Signed: Joshua Davis, Advocate for the Appellant"
DOC-APP-00086,Appeal Notice,"NOTICE OF APPEAL

TO: The Registrar, Tax Appeals Tribunal
FROM: Scott Group (PIN: A03958704328B)
Date: 2025-08-26
Original Case Ref: TAT/2765/4092

TAKE NOTICE that the Appellant, being dissatisfied with the ruling delivered on 2026-02-05, hereby appeals to the High Court of Kenya on the following grounds:

1. The Tribunal erred in law in its interpretation of Section 47 of the Income Tax Act.
2. The Tribunal failed to consider material evidence submitted by the Appellant.
3. The decision is against the weight of evidence.

Signed: Amy Lee, Advocate for the Appellant"
DOC-APP-00087,Appeal Notice,"NOTICE OF APPEAL

TO: The Registrar, Tax Appeals Tribunal
FROM: Jones Group (PIN: A97059861068B)
Date: 2025-07-08
Original Case Ref: TAT/2082/0771

TAKE NOTICE that the Appellant, being dissatisfied with the ruling delivered on 2026-04-09, hereby appeals to the High Court of Kenya on the following grounds:

1. The Tribunal erred in law in its interpretation of Section 31 of the Value Added Tax Act.
2. The Tribunal failed to consider material evidence submitted by the Appellant.
3. The decision is against the weight of evidence.

Signed: Sarah Griffin, Advocate for the Appellant"
DOC-APP-00088,Appeal Notice,"NOTICE OF APPEAL

TO: The Registrar, Tax Appeals Tribunal
FROM: Martin-Savage (PIN: A39147820066B)
Date: 2026-01-11
Original Case Ref: TAT/7870/5423

TAKE NOTICE that the Appellant, being dissatisfied with the ruling delivered on 2026-02-19, hereby appeals to the High Court of Kenya on the following grounds:

1. The Tribunal erred in law in its interpretation of Section 31 of the Value Added Tax Act.
2. The Tribunal failed to consider material evidence submitted by the Appellant.
3. The decision is against the weight of evidence.

Signed: Anthony Rodriguez, Advocate for the Appellant"
DOC-APP-00089,Appeal Notice,"NOTICE OF APPEAL

TO: The Registrar, Tax Appeals Tribunal
FROM: Ibarra, Green and Bates (PIN: A11250919308B)
Date: 2025-09-14
Original Case Ref: TAT/5628/3714

TAKE NOTICE that the Appellant, being dissatisfied with the ruling delivered on 2026-03-31, hereby appeals to the High Court of Kenya on the following grounds:

1. The Tribunal erred in law in its interpretation of Section 12 of the Tax Appeals Tribunal Act.
2. The Tribunal failed to consider material evidence submitted by the Appellant.
3. The decision is against the weight of evidence.

Signed: Nicholas Martinez, Advocate for the Appellant"
DOC-APP-00090,Appeal Notice,"NOTICE OF APPEAL

TO: The Registrar, Tax Appeals Tribunal
FROM: Jackson, Williams and Harris (PIN: A93971771747B)
Date: 2026-03-13
Original Case Ref: TAT/4476/9350

TAKE NOTICE that the Appellant, being dissatisfied with the ruling delivered on 2026-03-22, hereby appeals to the High Court of Kenya on the following grounds:

1. The Tribunal erred in law in its interpretation of Section 12 of the Tax Appeals Tribunal Act.
2. The Tribunal failed to consider material evidence submitted by the Appellant.
3. The decision is against the weight of evidence.

Signed: Randy Gaines, Advocate for the Appellant"
DOC-APP-00091,Appeal Notice,"NOTICE OF APPEAL

TO: The Registrar, Tax Appeals Tribunal
FROM: Mccann-Barton (PIN: A30116766422B)
Date: 2026-06-14
Original Case Ref: TAT/8284/9276

TAKE NOTICE that the Appellant, being dissatisfied with the ruling delivered on 2026-04-01, hereby appeals to the High Court of Kenya on the following grounds:

1. The Tribunal erred in law in its interpretation of Section 58 of the East African Customs Management Act.
2. The Tribunal failed to consider material evidence submitted by the Appellant.
3. The decision is against the weight of evidence.

Signed: Jade Phelps, Advocate for the Appellant"
DOC-APP-00092,Appeal Notice,"NOTICE OF APPEAL

TO: The Registrar, Tax Appeals Tribunal
FROM: Hicks Ltd (PIN: A11067170104B)
Date: 2026-02-15
Original Case Ref: TAT/4640/2343

TAKE NOTICE that the Appellant, being dissatisfied with the ruling delivered on 2026-04-09, hereby appeals to the High Court of Kenya on the following grounds:

1. The Tribunal erred in law in its interpretation of Regulation 15 of the VAT Regulations 2017.
2. The Tribunal failed to consider material evidence submitted by the Appellant.
3. The decision is against the weight of evidence.

Signed: Cameron Dunlap, Advocate for the Appellant"
DOC-APP-00093,Appeal Notice,"NOTICE OF APPEAL

TO: The Registrar, Tax Appeals Tribunal
FROM: Barnett Ltd (PIN: A85631361797B)
Date: 2025-08-21
Original Case Ref: TAT/3796/7930

TAKE NOTICE that the Appellant, being dissatisfied with the ruling delivered on 2026-04-27, hereby appeals to the High Court of Kenya on the following grounds:

1. The Tribunal erred in law in its interpretation of Section 37 of the Tax Procedures Act.
2. The Tribunal failed to consider material evidence submitted by the Appellant.
3. The decision is against the weight of evidence.

Signed: Sabrina Gardner, Advocate for the Appellant"
DOC-APP-00094,Appeal Notice,"NOTICE OF APPEAL

TO: The Registrar, Tax Appeals Tribunal
FROM: Reed-Ramirez (PIN: A06285606346B)
Date: 2025-10-30
Original Case Ref: TAT/9043/9796

TAKE NOTICE that the Appellant, being dissatisfied with the ruling delivered on 2026-05-11, hereby appeals to the High Court of Kenya on the following grounds:

1. The Tribunal erred in law in its interpretation of Section 37 of the Tax Procedures Act.
2. The Tribunal failed to consider material evidence submitted by the Appellant.
3. The decision is against the weight of evidence.

Signed: Jonathan Flynn, Advocate for the Appellant"
DOC-APP-00095,Appeal Notice,"NOTICE OF APPEAL

TO: The Registrar, Tax Appeals Tribunal
FROM: Mcguire PLC (PIN: A10231749997B)
Date: 2025-07-31
Original Case Ref: TAT/3639/5301

TAKE NOTICE that the Appellant, being dissatisfied with the ruling delivered on 2026-02-22, hereby appeals to the High Court of Kenya on the following grounds:

1. The Tribunal erred in law in its interpretation of Section 37 of the Tax Procedures Act.
2. The Tribunal failed to consider material evidence submitted by the Appellant.
3. The decision is against the weight of evidence.

Signed: Cynthia Hudson, Advocate for the Appellant"
DOC-APP-00096,Appeal Notice,"NOTICE OF APPEAL

TO: The Registrar, Tax Appeals Tribunal
FROM: Kane, Patterson and Miles (PIN: A21554794313B)
Date: 2026-06-03
Original Case Ref: TAT/2664/7701

TAKE NOTICE that the Appellant, being dissatisfied with the ruling delivered on 2026-02-01, hereby appeals to the High Court of Kenya on the following grounds:

1. The Tribunal erred in law in its interpretation of Section 12 of the Tax Appeals Tribunal Act.
2. The Tribunal failed to consider material evidence submitted by the Appellant.
3. The decision is against the weight of evidence.

Signed: Misty Cox, Advocate for the Appellant"
DOC-APP-00097,Appeal Notice,"NOTICE OF APPEAL

TO: The Registrar, Tax Appeals Tribunal
FROM: Snow-Perry (PIN: A11546138189B)
Date: 2026-03-14
Original Case Ref: TAT/7099/0586

TAKE NOTICE that the Appellant, being dissatisfied with the ruling delivered on 2026-01-06, hereby appeals to the High Court of Kenya on the following grounds:

1. The Tribunal erred in law in its interpretation of Section 58 of the East African Customs Management Act.
2. The Tribunal failed to consider material evidence submitted by the Appellant.
3. The decision is against the weight of evidence.

Signed: Gina Rose, Advocate for the Appellant"
DOC-APP-00098,Appeal Notice,"NOTICE OF APPEAL

TO: The Registrar, Tax Appeals Tribunal
FROM: Kelley PLC (PIN: A42601263538B)
Date: 2026-05-11
Original Case Ref: TAT/0073/6628

TAKE NOTICE that the Appellant, being dissatisfied with the ruling delivered on 2026-02-20, hereby appeals to the High Court of Kenya on the following grounds:

1. The Tribunal erred in law in its interpretation of Regulation 15 of the VAT Regulations 2017.
2. The Tribunal failed to consider material evidence submitted by the Appellant.
3. The decision is against the weight of evidence.

Signed: Kevin Evans, Advocate for the Appellant"
DOC-APP-00099,Appeal Notice,"NOTICE OF APPEAL

TO: The Registrar, Tax Appeals Tribunal
FROM: Miller-Schmidt (PIN: A90555571218B)
Date: 2025-11-17
Original Case Ref: TAT/5992/5620

TAKE NOTICE that the Appellant, being dissatisfied with the ruling delivered on 2026-05-10, hereby appeals to the High Court of Kenya on the following grounds:

1. The Tribunal erred in law in its interpretation of Section 47 of the Income Tax Act.
2. The Tribunal failed to consider material evidence submitted by the Appellant.
3. The decision is against the weight of evidence.

Signed: Stephen Smith, Advocate for the Appellant"
DOC-APP-00100,Appeal Notice,"NOTICE OF APPEAL

TO: The Registrar, Tax Appeals Tribunal
FROM: Fisher-Ferguson (PIN: A69768185052B)
Date: 2026-04-22
Original Case Ref: TAT/3639/0261

TAKE NOTICE that the Appellant, being dissatisfied with the ruling delivered on 2026-01-18, hereby appeals to the High Court of Kenya on the following grounds:

1. The Tribunal erred in law in its interpretation of Section 12 of the Tax Appeals Tribunal Act.
2. The Tribunal failed to consider material evidence submitted by the Appellant.
3. The decision is against the weight of evidence.

Signed: Stacy Graves, Advocate for the Appellant"
DOC-APP-00101,Appeal Notice,"NOTICE OF APPEAL

TO: The Registrar, Tax Appeals Tribunal
FROM: Holt Inc (PIN: A93428636688B)
Date: 2026-05-23
Original Case Ref: TAT/5554/6301

TAKE NOTICE that the Appellant, being dissatisfied with the ruling delivered on 2026-02-27, hereby appeals to the High Court of Kenya on the following grounds:

1. The Tribunal erred in law in its interpretation of Section 58 of the East African Customs Management Act.
2. The Tribunal failed to consider material evidence submitted by the Appellant.
3. The decision is against the weight of evidence.

Signed: Caitlin Hendrix, Advocate for the Appellant"
DOC-APP-00102,Appeal Notice,"NOTICE OF APPEAL

TO: The Registrar, Tax Appeals Tribunal
FROM: Jones-Kim (PIN: A47690940176B)
Date: 2025-07-02
Original Case Ref: TAT/3454/9069

TAKE NOTICE that the Appellant, being dissatisfied with the ruling delivered on 2026-02-10, hereby appeals to the High Court of Kenya on the following grounds:

1. The Tribunal erred in law in its interpretation of Section 12 of the Tax Appeals Tribunal Act.
2. The Tribunal failed to consider material evidence submitted by the Appellant.
3. The decision is against the weight of evidence.

Signed: Brendan West, Advocate for the Appellant"
DOC-APP-00103,Appeal Notice,"NOTICE OF APPEAL

TO: The Registrar, Tax Appeals Tribunal
FROM: Martin and Sons (PIN: A08739129892B)
Date: 2025-09-07
Original Case Ref: TAT/7269/4786

TAKE NOTICE that the Appellant, being dissatisfied with the ruling delivered on 2026-03-29, hereby appeals to the High Court of Kenya on the following grounds:

1. The Tribunal erred in law in its interpretation of Section 47 of the Income Tax Act.
2. The Tribunal failed to consider material evidence submitted by the Appellant.
3. The decision is against the weight of evidence.

Signed: Tammy Lee, Advocate for the Appellant"
DOC-APP-00104,Appeal Notice,"NOTICE OF APPEAL

TO: The Registrar, Tax Appeals Tribunal
FROM: Carpenter LLC (PIN: A60472804286B)
Date: 2025-09-21
Original Case Ref: TAT/5081/0347

TAKE NOTICE that the Appellant, being dissatisfied with the ruling delivered on 2026-02-13, hereby appeals to the High Court of Kenya on the following grounds:

1. The Tribunal erred in law in its interpretation of Section 47 of the Income Tax Act.
2. The Tribunal failed to consider material evidence submitted by the Appellant.
3. The decision is against the weight of evidence.

Signed: Thomas Garcia, Advocate for the Appellant"
DOC-APP-00105,Appeal Notice,"NOTICE OF APPEAL

TO: The Registrar, Tax Appeals Tribunal
FROM: Merritt-Young (PIN: A67952881917B)
Date: 2026-06-03
Original Case Ref: TAT/2040/6483

TAKE NOTICE that the Appellant, being dissatisfied with the ruling delivered on 2026-03-19, hereby appeals to the High Court of Kenya on the following grounds:

1. The Tribunal erred in law in its interpretation of Section 58 of the East African Customs Management Act.
2. The Tribunal failed to consider material evidence submitted by the Appellant.
3. The decision is against the weight of evidence.

Signed: Brooke Williams, Advocate for the Appellant"
DOC-APP-00106,Appeal Notice,"NOTICE OF APPEAL

TO: The Registrar, Tax Appeals Tribunal
FROM: Duncan LLC (PIN: A90461189147B)
Date: 2025-10-23
Original Case Ref: TAT/0572/9454

TAKE NOTICE that the Appellant, being dissatisfied with the ruling delivered on 2026-03-23, hereby appeals to the High Court of Kenya on the following grounds:

1. The Tribunal erred in law in its interpretation of Section 31 of the Value Added Tax Act.
2. The Tribunal failed to consider material evidence submitted by the Appellant.
3. The decision is against the weight of evidence.

Signed: Joseph Mcmillan, Advocate for the Appellant"
DOC-APP-00107,Appeal Notice,"NOTICE OF APPEAL

TO: The Registrar, Tax Appeals Tribunal
FROM: Collier, Wells and Smith (PIN: A30319908444B)
Date: 2026-05-02
Original Case Ref: TAT/2689/9403

TAKE NOTICE that the Appellant, being dissatisfied with the ruling delivered on 2026-03-15, hereby appeals to the High Court of Kenya on the following grounds:

1. The Tribunal erred in law in its interpretation of Section 47 of the Income Tax Act.
2. The Tribunal failed to consider material evidence submitted by the Appellant.
3. The decision is against the weight of evidence.

Signed: Dawn Allen, Advocate for the Appellant"
DOC-APP-00108,Appeal Notice,"NOTICE OF APPEAL

TO: The Registrar, Tax Appeals Tribunal
FROM: Hodges-Taylor (PIN: A66168425700B)
Date: 2026-04-02
Original Case Ref: TAT/3548/5622

TAKE NOTICE that the Appellant, being dissatisfied with the ruling delivered on 2026-05-11, hereby appeals to the High Court of Kenya on the following grounds:

1. The Tribunal erred in law in its interpretation of Section 47 of the Income Tax Act.
2. The Tribunal failed to consider material evidence submitted by the Appellant.
3. The decision is against the weight of evidence.

Signed: Kimberly Lee, Advocate for the Appellant"
DOC-APP-00109,Appeal Notice,"NOTICE OF APPEAL

TO: The Registrar, Tax Appeals Tribunal
FROM: Bender Ltd (PIN: A65466108460B)
Date: 2025-07-25
Original Case Ref: TAT/8705/4122

TAKE NOTICE that the Appellant, being dissatisfied with the ruling delivered on 2026-04-23, hereby appeals to the High Court of Kenya on the following grounds:

1. The Tribunal erred in law in its interpretation of Regulation 15 of the VAT Regulations 2017.
2. The Tribunal failed to consider material evidence submitted by the Appellant.
3. The decision is against the weight of evidence.

Signed: Michele Liu, Advocate for the Appellant"
DOC-APP-00110,Appeal Notice,"NOTICE OF APPEAL

TO: The Registrar, Tax Appeals Tribunal
FROM: Bernard Group (PIN: A82352616210B)
Date: 2025-08-06
Original Case Ref: TAT/7548/5065

TAKE NOTICE that the Appellant, being dissatisfied with the ruling delivered on 2026-03-25, hereby appeals to the High Court of Kenya on the following grounds:

1. The Tribunal erred in law in its interpretation of Section 47 of the Income Tax Act.
2. The Tribunal failed to consider material evidence submitted by the Appellant.
3. The decision is against the weight of evidence.

Signed: Eric Jordan, Advocate for the Appellant"
DOC-APP-00111,Appeal Notice,"NOTICE OF APPEAL

TO: The Registrar, Tax Appeals Tribunal
FROM: Anderson, Hart and Johnson (PIN: A34229371610B)
Date: 2026-07-02
Original Case Ref: TAT/0824/6972

TAKE NOTICE that the Appellant, being dissatisfied with the ruling delivered on 2026-01-03, hereby appeals to the High Court of Kenya on the following grounds:

1. The Tribunal erred in law in its interpretation of Section 47 of the Income Tax Act.
2. The Tribunal failed to consider material evidence submitted by the Appellant.
3. The decision is against the weight of evidence.

Signed: Sarah Dixon, Advocate for the Appellant"
DOC-APP-00112,Appeal Notice,"NOTICE OF APPEAL

TO: The Registrar, Tax Appeals Tribunal
FROM: Hart and Sons (PIN: A55345341819B)
Date: 2026-02-03
Original Case Ref: TAT/7686/7485

TAKE NOTICE that the Appellant, being dissatisfied with the ruling delivered on 2026-02-07, hereby appeals to the High Court of Kenya on the following grounds:

1. The Tribunal erred in law in its interpretation of Regulation 15 of the VAT Regulations 2017.
2. The Tribunal failed to consider material evidence submitted by the Appellant.
3. The decision is against the weight of evidence.

Signed: Ann Stewart, Advocate for the Appellant"
DOC-APP-00113,Appeal Notice,"NOTICE OF APPEAL

TO: The Registrar, Tax Appeals Tribunal
FROM: Hughes-Andersen (PIN: A37201633521B)
Date: 2026-04-14
Original Case Ref: TAT/1586/6466

TAKE NOTICE that the Appellant, being dissatisfied with the ruling delivered on 2026-04-19, hereby appeals to the High Court of Kenya on the following grounds:

1. The Tribunal erred in law in its interpretation of Section 31 of the Value Added Tax Act.
2. The Tribunal failed to consider material evidence submitted by the Appellant.
3. The decision is against the weight of evidence.

Signed: Carl Blackburn, Advocate for the Appellant"
DOC-APP-00114,Appeal Notice,"NOTICE OF APPEAL

TO: The Registrar, Tax Appeals Tribunal
FROM: Frank, Mata and Phillips (PIN: A09261550020B)
Date: 2026-04-09
Original Case Ref: TAT/3816/9274

TAKE NOTICE that the Appellant, being dissatisfied with the ruling delivered on 2026-05-05, hereby appeals to the High Court of Kenya on the following grounds:

1. The Tribunal erred in law in its interpretation of Section 37 of the Tax Procedures Act.
2. The Tribunal failed to consider material evidence submitted by the Appellant.
3. The decision is against the weight of evidence.

Signed: Emily Hubbard, Advocate for the Appellant"
DOC-APP-00115,Appeal Notice,"NOTICE OF APPEAL

TO: The Registrar, Tax Appeals Tribunal
FROM: Moore, Bruce and Berry (PIN: A18937516207B)
Date: 2026-02-12
Original Case Ref: TAT/4181/2403

TAKE NOTICE that the Appellant, being dissatisfied with the ruling delivered on 2026-03-30, hereby appeals to the High Court of Kenya on the following grounds:

1. The Tribunal erred in law in its interpretation of Section 37 of the Tax Procedures Act.
2. The Tribunal failed to consider material evidence submitted by the Appellant.
3. The decision is against the weight of evidence.

Signed: Carol Hart, Advocate for the Appellant"
DOC-APP-00116,Appeal Notice,"NOTICE OF APPEAL

TO: The Registrar, Tax Appeals Tribunal
FROM: Owens LLC (PIN: A01426487514B)
Date: 2025-08-07
Original Case Ref: TAT/2374/4362

TAKE NOTICE that the Appellant, being dissatisfied with the ruling delivered on 2026-03-31, hereby appeals to the High Court of Kenya on the following grounds:

1. The Tribunal erred in law in its interpretation of Section 47 of the Income Tax Act.
2. The Tribunal failed to consider material evidence submitted by the Appellant.
3. The decision is against the weight of evidence.

Signed: Taylor Anderson, Advocate for the Appellant"
DOC-APP-00117,Appeal Notice,"NOTICE OF APPEAL

TO: The Registrar, Tax Appeals Tribunal
FROM: Aguilar, Golden and Snyder (PIN: A50384840077B)
Date: 2026-05-17
Original Case Ref: TAT/4719/1730

TAKE NOTICE that the Appellant, being dissatisfied with the ruling delivered on 2026-02-17, hereby appeals to the High Court of Kenya on the following grounds:

1. The Tribunal erred in law in its interpretation of Section 31 of the Value Added Tax Act.
2. The Tribunal failed to consider material evidence submitted by the Appellant.
3. The decision is against the weight of evidence.

Signed: Heidi Rich, Advocate for the Appellant"
DOC-APP-00118,Appeal Notice,"NOTICE OF APPEAL

TO: The Registrar, Tax Appeals Tribunal
FROM: Cox-Thompson (PIN: A08604395628B)
Date: 2025-07-26
Original Case Ref: TAT/7078/0509

TAKE NOTICE that the Appellant, being dissatisfied with the ruling delivered on 2026-02-15, hereby appeals to the High Court of Kenya on the following grounds:

1. The Tribunal erred in law in its interpretation of Section 12 of the Tax Appeals Tribunal Act.
2. The Tribunal failed to consider material evidence submitted by the Appellant.
3. The decision is against the weight of evidence.

Signed: Nicholas Johnson, Advocate for the Appellant"
DOC-APP-00119,Appeal Notice,"NOTICE OF APPEAL

TO: The Registrar, Tax Appeals Tribunal
FROM: Bautista, Williams and Dorsey (PIN: A65458427338B)
Date: 2025-08-05
Original Case Ref: TAT/7037/4611

TAKE NOTICE that the Appellant, being dissatisfied with the ruling delivered on 2026-05-28, hereby appeals to the High Court of Kenya on the following grounds:

1. The Tribunal erred in law in its interpretation of Regulation 15 of the VAT Regulations 2017.
2. The Tribunal failed to consider material evidence submitted by the Appellant.
3. The decision is against the weight of evidence.

Signed: James Flores, Advocate for the Appellant"
DOC-APP-00120,Appeal Notice,"NOTICE OF APPEAL

TO: The Registrar, Tax Appeals Tribunal
FROM: Yang and Sons (PIN: A64813858425B)
Date: 2025-07-03
Original Case Ref: TAT/7835/4700

TAKE NOTICE that the Appellant, being dissatisfied with the ruling delivered on 2026-02-24, hereby appeals to the High Court of Kenya on the following grounds:

1. The Tribunal erred in law in its interpretation of Regulation 15 of the VAT Regulations 2017.
2. The Tribunal failed to consider material evidence submitted by the Appellant.
3. The decision is against the weight of evidence.

Signed: Adam Mcbride, Advocate for the Appellant"
DOC-APP-00121,Appeal Notice,"NOTICE OF APPEAL

TO: The Registrar, Tax Appeals Tribunal
FROM: Gray PLC (PIN: A38822592731B)
Date: 2025-07-18
Original Case Ref: TAT/3702/1497

TAKE NOTICE that the Appellant, being dissatisfied with the ruling delivered on 2026-04-16, hereby appeals to the High Court of Kenya on the following grounds:

1. The Tribunal erred in law in its interpretation of Section 31 of the Value Added Tax Act.
2. The Tribunal failed to consider material evidence submitted by the Appellant.
3. The decision is against the weight of evidence.

Signed: Teresa Shaw, Advocate for the Appellant"
DOC-APP-00122,Appeal Notice,"NOTICE OF APPEAL

TO: The Registrar, Tax Appeals Tribunal
FROM: Roberts PLC (PIN: A57898559975B)
Date: 2025-11-12
Original Case Ref: TAT/9883/2631

TAKE NOTICE that the Appellant, being dissatisfied with the ruling delivered on 2026-04-10, hereby appeals to the High Court of Kenya on the following grounds:

1. The Tribunal erred in law in its interpretation of Section 58 of the East African Customs Management Act.
2. The Tribunal failed to consider material evidence submitted by the Appellant.
3. The decision is against the weight of evidence.

Signed: Cassandra Ramos, Advocate for the Appellant"
DOC-APP-00123,Appeal Notice,"NOTICE OF APPEAL

TO: The Registrar, Tax Appeals Tribunal
FROM: Best-Santos (PIN: A39403143892B)
Date: 2025-09-11
Original Case Ref: TAT/3642/9921

TAKE NOTICE that the Appellant, being dissatisfied with the ruling delivered on 2026-02-28, hereby appeals to the High Court of Kenya on the following grounds:

1. The Tribunal erred in law in its interpretation of Regulation 15 of the VAT Regulations 2017.
2. The Tribunal failed to consider material evidence submitted by the Appellant.
3. The decision is against the weight of evidence.

Signed: Amanda Rodriguez, Advocate for the Appellant"
DOC-APP-00124,Appeal Notice,"NOTICE OF APPEAL

TO: The Registrar, Tax Appeals Tribunal
FROM: Lee, Hess and Adams (PIN: A36606645202B)
Date: 2025-10-23
Original Case Ref: TAT/6154/6654

TAKE NOTICE that the Appellant, being dissatisfied with the ruling delivered on 2026-03-28, hereby appeals to the High Court of Kenya on the following grounds:

1. The Tribunal erred in law in its interpretation of Section 12 of the Tax Appeals Tribunal Act.
2. The Tribunal failed to consider material evidence submitted by the Appellant.
3. The decision is against the weight of evidence.

Signed: Caitlyn Garcia, Advocate for the Appellant"
DOC-APP-00125,Appeal Notice,"NOTICE OF APPEAL

TO: The Registrar, Tax Appeals Tribunal
FROM: Larson Ltd (PIN: A50625632680B)
Date: 2025-12-26
Original Case Ref: TAT/7842/2714

TAKE NOTICE that the Appellant, being dissatisfied with the ruling delivered on 2026-02-12, hereby appeals to the High Court of Kenya on the following grounds:

1. The Tribunal erred in law in its interpretation of Section 37 of the Tax Procedures Act.
2. The Tribunal failed to consider material evidence submitted by the Appellant.
3. The decision is against the weight of evidence.

Signed: Mary Diaz, Advocate for the Appellant"
DOC-APP-00126,Appeal Notice,"NOTICE OF APPEAL

TO: The Registrar, Tax Appeals Tribunal
FROM: Chavez Inc (PIN: A25195841629B)
Date: 2026-05-30
Original Case Ref: TAT/9408/2592

TAKE NOTICE that the Appellant, being dissatisfied with the ruling delivered on 2026-04-04, hereby appeals to the High Court of Kenya on the following grounds:

1. The Tribunal erred in law in its interpretation of Section 37 of the Tax Procedures Act.
2. The Tribunal failed to consider material evidence submitted by the Appellant.
3. The decision is against the weight of evidence.

Signed: Erica Sullivan, Advocate for the Appellant"
DOC-APP-00127,Appeal Notice,"NOTICE OF APPEAL

TO: The Registrar, Tax Appeals Tribunal
FROM: Ochoa Inc (PIN: A73375011238B)
Date: 2026-05-24
Original Case Ref: TAT/7995/4133

TAKE NOTICE that the Appellant, being dissatisfied with the ruling delivered on 2026-05-18, hereby appeals to the High Court of Kenya on the following grounds:

1. The Tribunal erred in law in its interpretation of Section 31 of the Value Added Tax Act.
2. The Tribunal failed to consider material evidence submitted by the Appellant.
3. The decision is against the weight of evidence.

Signed: Daniel Bailey, Advocate for the Appellant"
DOC-APP-00128,Appeal Notice,"NOTICE OF APPEAL

TO: The Registrar, Tax Appeals Tribunal
FROM: Gibson, Clark and Scott (PIN: A63760012132B)
Date: 2025-08-26
Original Case Ref: TAT/0214/7186

TAKE NOTICE that the Appellant, being dissatisfied with the ruling delivered on 2026-03-28, hereby appeals to the High Court of Kenya on the following grounds:

1. The Tribunal erred in law in its interpretation of Section 37 of the Tax Procedures Act.
2. The Tribunal failed to consider material evidence submitted by the Appellant.
3. The decision is against the weight of evidence.

Signed: Hannah Ritter, Advocate for the Appellant"
DOC-APP-00129,Appeal Notice,"NOTICE OF APPEAL

TO: The Registrar, Tax Appeals Tribunal
FROM: Mercado, Nguyen and Williams (PIN: A15413713903B)
Date: 2025-11-19
Original Case Ref: TAT/2595/5375

TAKE NOTICE that the Appellant, being dissatisfied with the ruling delivered on 2026-05-03, hereby appeals to the High Court of Kenya on the following grounds:

1. The Tribunal erred in law in its interpretation of Section 31 of the Value Added Tax Act.
2. The Tribunal failed to consider material evidence submitted by the Appellant.
3. The decision is against the weight of evidence.

Signed: Kenneth Nelson, Advocate for the Appellant"
DOC-APP-00130,Appeal Notice,"NOTICE OF APPEAL

TO: The Registrar, Tax Appeals Tribunal
FROM: Perez-Fisher (PIN: A94876997994B)
Date: 2026-01-12
Original Case Ref: TAT/4973/7724

TAKE NOTICE that the Appellant, being dissatisfied with the ruling delivered on 2026-01-06, hereby appeals to the High Court of Kenya on the following grounds:

1. The Tribunal erred in law in its interpretation of Regulation 15 of the VAT Regulations 2017.
2. The Tribunal failed to consider material evidence submitted by the Appellant.
3. The decision is against the weight of evidence.

Signed: David Crawford, Advocate for the Appellant"
DOC-APP-00131,Appeal Notice,"NOTICE OF APPEAL

TO: The Registrar, Tax Appeals Tribunal
FROM: Curtis, Hall and Walters (PIN: A48368325474B)
Date: 2025-12-03
Original Case Ref: TAT/7544/5182

TAKE NOTICE that the Appellant, being dissatisfied with the ruling delivered on 2026-03-07, hereby appeals to the High Court of Kenya on the following grounds:

1. The Tribunal erred in law in its interpretation of Section 31 of the Value Added Tax Act.
2. The Tribunal failed to consider material evidence submitted by the Appellant.
3. The decision is against the weight of evidence.

Signed: Joe Wilson, Advocate for the Appellant"
DOC-APP-00132,Appeal Notice,"NOTICE OF APPEAL

TO: The Registrar, Tax Appeals Tribunal
FROM: Gomez-Johnson (PIN: A41220659576B)
Date: 2025-08-08
Original Case Ref: TAT/2723/5003

TAKE NOTICE that the Appellant, being dissatisfied with the ruling delivered on 2026-02-03, hereby appeals to the High Court of Kenya on the following grounds:

1. The Tribunal erred in law in its interpretation of Regulation 15 of the VAT Regulations 2017.
2. The Tribunal failed to consider material evidence submitted by the Appellant.
3. The decision is against the weight of evidence.

Signed: Jennifer Meza, Advocate for the Appellant"
DOC-APP-00133,Appeal Notice,"NOTICE OF APPEAL

TO: The Registrar, Tax Appeals Tribunal
FROM: Lopez Group (PIN: A05186369976B)
Date: 2025-12-17
Original Case Ref: TAT/4540/3198

TAKE NOTICE that the Appellant, being dissatisfied with the ruling delivered on 2026-02-10, hereby appeals to the High Court of Kenya on the following grounds:

1. The Tribunal erred in law in its interpretation of Section 31 of the Value Added Tax Act.
2. The Tribunal failed to consider material evidence submitted by the Appellant.
3. The decision is against the weight of evidence.

Signed: Pamela Gonzalez, Advocate for the Appellant"
DOC-APP-00134,Appeal Notice,"NOTICE OF APPEAL

TO: The Registrar, Tax Appeals Tribunal
FROM: Clark-Simpson (PIN: A99346355094B)
Date: 2025-11-23
Original Case Ref: TAT/3724/0880

TAKE NOTICE that the Appellant, being dissatisfied with the ruling delivered on 2026-04-13, hereby appeals to the High Court of Kenya on the following grounds:

1. The Tribunal erred in law in its interpretation of Section 31 of the Value Added Tax Act.
2. The Tribunal failed to consider material evidence submitted by the Appellant.
3. The decision is against the weight of evidence.

Signed: Samuel Jackson, Advocate for the Appellant"
DOC-APP-00135,Appeal Notice,"NOTICE OF APPEAL

TO: The Registrar, Tax Appeals Tribunal
FROM: Leonard, James and Ryan (PIN: A84023292596B)
Date: 2026-04-23
Original Case Ref: TAT/8823/2479

TAKE NOTICE that the Appellant, being dissatisfied with the ruling delivered on 2026-05-19, hereby appeals to the High Court of Kenya on the following grounds:

1. The Tribunal erred in law in its interpretation of Regulation 15 of the VAT Regulations 2017.
2. The Tribunal failed to consider material evidence submitted by the Appellant.
3. The decision is against the weight of evidence.

Signed: Chloe Callahan, Advocate for the Appellant"
DOC-APP-00136,Appeal Notice,"NOTICE OF APPEAL

TO: The Registrar, Tax Appeals Tribunal
FROM: Flynn-Butler (PIN: A12457065383B)
Date: 2026-03-12
Original Case Ref: TAT/4231/6024

TAKE NOTICE that the Appellant, being dissatisfied with the ruling delivered on 2026-01-14, hereby appeals to the High Court of Kenya on the following grounds:

1. The Tribunal erred in law in its interpretation of Section 31 of the Value Added Tax Act.
2. The Tribunal failed to consider material evidence submitted by the Appellant.
3. The decision is against the weight of evidence.

Signed: Michael Nelson, Advocate for the Appellant"
DOC-APP-00137,Appeal Notice,"NOTICE OF APPEAL

TO: The Registrar, Tax Appeals Tribunal
FROM: Gonzales Ltd (PIN: A15613648445B)
Date: 2026-06-12
Original Case Ref: TAT/7662/1326

TAKE NOTICE that the Appellant, being dissatisfied with the ruling delivered on 2026-05-30, hereby appeals to the High Court of Kenya on the following grounds:

1. The Tribunal erred in law in its interpretation of Section 58 of the East African Customs Management Act.
2. The Tribunal failed to consider material evidence submitted by the Appellant.
3. The decision is against the weight of evidence.

Signed: Elizabeth Sims, Advocate for the Appellant"
DOC-APP-00138,Appeal Notice,"NOTICE OF APPEAL

TO: The Registrar, Tax Appeals Tribunal
FROM: Whitehead, Gonzalez and Carroll (PIN: A88116307004B)
Date: 2025-10-15
Original Case Ref: TAT/6752/3494

TAKE NOTICE that the Appellant, being dissatisfied with the ruling delivered on 2026-05-30, hereby appeals to the High Court of Kenya on the following grounds:

1. The Tribunal erred in law in its interpretation of Section 58 of the East African Customs Management Act.
2. The Tribunal failed to consider material evidence submitted by the Appellant.
3. The decision is against the weight of evidence.

Signed: Brittany Lewis, Advocate for the Appellant"
DOC-APP-00139,Appeal Notice,"NOTICE OF APPEAL

TO: The Registrar, Tax Appeals Tribunal
FROM: Ramos Inc (PIN: A67754193102B)
Date: 2026-03-09
Original Case Ref: TAT/9848/8398

TAKE NOTICE that the Appellant, being dissatisfied with the ruling delivered on 2026-03-11, hereby appeals to the High Court of Kenya on the following grounds:

1. The Tribunal erred in law in its interpretation of Section 58 of the East African Customs Management Act.
2. The Tribunal failed to consider material evidence submitted by the Appellant.
3. The decision is against the weight of evidence.

Signed: Kayla Moore, Advocate for the Appellant"
DOC-APP-00140,Appeal Notice,"NOTICE OF APPEAL

TO: The Registrar, Tax Appeals Tribunal
FROM: Benson-Gordon (PIN: A81425125310B)
Date: 2026-06-28
Original Case Ref: TAT/1116/3472

TAKE NOTICE that the Appellant, being dissatisfied with the ruling delivered on 2026-05-17, hereby appeals to the High Court of Kenya on the following grounds:

1. The Tribunal erred in law in its interpretation of Section 31 of the Value Added Tax Act.
2. The Tribunal failed to consider material evidence submitted by the Appellant.
3. The decision is against the weight of evidence.

Signed: April Guzman, Advocate for the Appellant"
DOC-APP-00141,Appeal Notice,"NOTICE OF APPEAL

TO: The Registrar, Tax Appeals Tribunal
FROM: Jones Group (PIN: A40632697697B)
Date: 2025-09-27
Original Case Ref: TAT/7707/9960

TAKE NOTICE that the Appellant, being dissatisfied with the ruling delivered on 2026-04-01, hereby appeals to the High Court of Kenya on the following grounds:

1. The Tribunal erred in law in its interpretation of Section 37 of the Tax Procedures Act.
2. The Tribunal failed to consider material evidence submitted by the Appellant.
3. The decision is against the weight of evidence.

Signed: Mark Mccoy, Advocate for the Appellant"
DOC-APP-00142,Appeal Notice,"NOTICE OF APPEAL

TO: The Registrar, Tax Appeals Tribunal
FROM: Taylor-Rodgers (PIN: A75833803656B)
Date: 2025-11-30
Original Case Ref: TAT/1034/9116

TAKE NOTICE that the Appellant, being dissatisfied with the ruling delivered on 2026-03-18, hereby appeals to the High Court of Kenya on the following grounds:

1. The Tribunal erred in law in its interpretation of Section 12 of the Tax Appeals Tribunal Act.
2. The Tribunal failed to consider material evidence submitted by the Appellant.
3. The decision is against the weight of evidence.

Signed: Cynthia Williamson, Advocate for the Appellant"
DOC-APP-00143,Appeal Notice,"NOTICE OF APPEAL

TO: The Registrar, Tax Appeals Tribunal
FROM: Johnson, Allen and Kramer (PIN: A00059310037B)
Date: 2025-07-28
Original Case Ref: TAT/8115/3262

TAKE NOTICE that the Appellant, being dissatisfied with the ruling delivered on 2026-04-04, hereby appeals to the High Court of Kenya on the following grounds:

1. The Tribunal erred in law in its interpretation of Section 58 of the East African Customs Management Act.
2. The Tribunal failed to consider material evidence submitted by the Appellant.
3. The decision is against the weight of evidence.

Signed: John Everett, Advocate for the Appellant"
DOC-APP-00144,Appeal Notice,"NOTICE OF APPEAL

TO: The Registrar, Tax Appeals Tribunal
FROM: Williams Ltd (PIN: A66760056439B)
Date: 2026-05-06
Original Case Ref: TAT/6909/5259

TAKE NOTICE that the Appellant, being dissatisfied with the ruling delivered on 2026-01-16, hereby appeals to the High Court of Kenya on the following grounds:

1. The Tribunal erred in law in its interpretation of Regulation 15 of the VAT Regulations 2017.
2. The Tribunal failed to consider material evidence submitted by the Appellant.
3. The decision is against the weight of evidence.

Signed: Brian Jenkins, Advocate for the Appellant"
DOC-APP-00145,Appeal Notice,"NOTICE OF APPEAL

TO: The Registrar, Tax Appeals Tribunal
FROM: Miller-Cooper (PIN: A69690521880B)
Date: 2026-04-28
Original Case Ref: TAT/8204/9382

TAKE NOTICE that the Appellant, being dissatisfied with the ruling delivered on 2026-03-01, hereby appeals to the High Court of Kenya on the following grounds:

1. The Tribunal erred in law in its interpretation of Section 47 of the Income Tax Act.
2. The Tribunal failed to consider material evidence submitted by the Appellant.
3. The decision is against the weight of evidence.

Signed: Curtis Jackson, Advocate for the Appellant"
DOC-APP-00146,Appeal Notice,"NOTICE OF APPEAL

TO: The Registrar, Tax Appeals Tribunal
FROM: Lopez, Lopez and Diaz (PIN: A84508144141B)
Date: 2025-08-25
Original Case Ref: TAT/0047/5582

TAKE NOTICE that the Appellant, being dissatisfied with the ruling delivered on 2026-01-19, hereby appeals to the High Court of Kenya on the following grounds:

1. The Tribunal erred in law in its interpretation of Section 47 of the Income Tax Act.
2. The Tribunal failed to consider material evidence submitted by the Appellant.
3. The decision is against the weight of evidence.

Signed: Nathan Diaz, Advocate for the Appellant"
DOC-APP-00147,Appeal Notice,"NOTICE OF APPEAL

TO: The Registrar, Tax Appeals Tribunal
FROM: Mcintosh PLC (PIN: A96649386566B)
Date: 2026-06-18
Original Case Ref: TAT/9560/4863

TAKE NOTICE that the Appellant, being dissatisfied with the ruling delivered on 2026-01-26, hereby appeals to the High Court of Kenya on the following grounds:

1. The Tribunal erred in law in its interpretation of Regulation 15 of the VAT Regulations 2017.
2. The Tribunal failed to consider material evidence submitted by the Appellant.
3. The decision is against the weight of evidence.

Signed: Maria Stephens, Advocate for the Appellant"
DOC-APP-00148,Appeal Notice,"NOTICE OF APPEAL

TO: The Registrar, Tax Appeals Tribunal
FROM: Harvey-Austin (PIN: A05481047670B)
Date: 2025-09-11
Original Case Ref: TAT/0508/3840

TAKE NOTICE that the Appellant, being dissatisfied with the ruling delivered on 2026-01-22, hereby appeals to the High Court of Kenya on the following grounds:

1. The Tribunal erred in law in its interpretation of Regulation 15 of the VAT Regulations 2017.
2. The Tribunal failed to consider material evidence submitted by the Appellant.
3. The decision is against the weight of evidence.

Signed: Derek Lopez, Advocate for the Appellant"
DOC-APP-00149,Appeal Notice,"NOTICE OF APPEAL

TO: The Registrar, Tax Appeals Tribunal
FROM: Castillo, Green and Murphy (PIN: A40583948886B)
Date: 2026-05-21
Original Case Ref: TAT/9244/5678

TAKE NOTICE that the Appellant, being dissatisfied with the ruling delivered on 2026-03-20, hereby appeals to the High Court of Kenya on the following grounds:

1. The Tribunal erred in law in its interpretation of Regulation 15 of the VAT Regulations 2017.
2. The Tribunal failed to consider material evidence submitted by the Appellant.
3. The decision is against the weight of evidence.

Signed: Sarah Jackson, Advocate for the Appellant"
DOC-APP-00150,Appeal Notice,"NOTICE OF APPEAL

TO: The Registrar, Tax Appeals Tribunal
FROM: Larsen, Martinez and Galloway (PIN: A97227708069B)
Date: 2025-11-01
Original Case Ref: TAT/9315/9397

TAKE NOTICE that the Appellant, being dissatisfied with the ruling delivered on 2026-02-07, hereby appeals to the High Court of Kenya on the following grounds:

1. The Tribunal erred in law in its interpretation of Section 31 of the Value Added Tax Act.
2. The Tribunal failed to consider material evidence submitted by the Appellant.
3. The decision is against the weight of evidence.

Signed: Brenda Brown, Advocate for the Appellant"
DOC-APP-00151,Appeal Notice,"NOTICE OF APPEAL

TO: The Registrar, Tax Appeals Tribunal
FROM: Bennett LLC (PIN: A18862752189B)
Date: 2026-01-23
Original Case Ref: TAT/7912/2495

TAKE NOTICE that the Appellant, being dissatisfied with the ruling delivered on 2026-05-10, hereby appeals to the High Court of Kenya on the following grounds:

1. The Tribunal erred in law in its interpretation of Section 12 of the Tax Appeals Tribunal Act.
2. The Tribunal failed to consider material evidence submitted by the Appellant.
3. The decision is against the weight of evidence.

Signed: Zachary George, Advocate for the Appellant"
DOC-APP-00152,Appeal Notice,"NOTICE OF APPEAL

TO: The Registrar, Tax Appeals Tribunal
FROM: Terry and Sons (PIN: A44296165743B)
Date: 2025-12-29
Original Case Ref: TAT/6132/8429

TAKE NOTICE that the Appellant, being dissatisfied with the ruling delivered on 2026-04-18, hereby appeals to the High Court of Kenya on the following grounds:

1. The Tribunal erred in law in its interpretation of Section 58 of the East African Customs Management Act.
2. The Tribunal failed to consider material evidence submitted by the Appellant.
3. The decision is against the weight of evidence.

Signed: James Jones, Advocate for the Appellant"
DOC-APP-00153,Appeal Notice,"NOTICE OF APPEAL

TO: The Registrar, Tax Appeals Tribunal
FROM: Jones-Peterson (PIN: A48656522233B)
Date: 2026-02-16
Original Case Ref: TAT/4301/7316

TAKE NOTICE that the Appellant, being dissatisfied with the ruling delivered on 2026-01-03, hereby appeals to the High Court of Kenya on the following grounds:

1. The Tribunal erred in law in its interpretation of Regulation 15 of the VAT Regulations 2017.
2. The Tribunal failed to consider material evidence submitted by the Appellant.
3. The decision is against the weight of evidence.

Signed: Jose Rojas, Advocate for the Appellant"
DOC-APP-00154,Appeal Notice,"NOTICE OF APPEAL

TO: The Registrar, Tax Appeals Tribunal
FROM: Larson-Douglas (PIN: A01430834315B)
Date: 2025-08-15
Original Case Ref: TAT/6780/5305

TAKE NOTICE that the Appellant, being dissatisfied with the ruling delivered on 2026-01-31, hereby appeals to the High Court of Kenya on the following grounds:

1. The Tribunal erred in law in its interpretation of Section 31 of the Value Added Tax Act.
2. The Tribunal failed to consider material evidence submitted by the Appellant.
3. The decision is against the weight of evidence.

Signed: John Burns, Advocate for the Appellant"
DOC-APP-00155,Appeal Notice,"NOTICE OF APPEAL

TO: The Registrar, Tax Appeals Tribunal
FROM: Barnett, Bradford and Garcia (PIN: A08113673439B)
Date: 2025-07-10
Original Case Ref: TAT/9565/0958

TAKE NOTICE that the Appellant, being dissatisfied with the ruling delivered on 2026-05-20, hereby appeals to the High Court of Kenya on the following grounds:

1. The Tribunal erred in law in its interpretation of Regulation 15 of the VAT Regulations 2017.
2. The Tribunal failed to consider material evidence submitted by the Appellant.
3. The decision is against the weight of evidence.

Signed: Jenny Goodwin, Advocate for the Appellant"
DOC-APP-00156,Appeal Notice,"NOTICE OF APPEAL

TO: The Registrar, Tax Appeals Tribunal
FROM: Herman-Dodson (PIN: A50315074146B)
Date: 2025-09-06
Original Case Ref: TAT/7016/3900

TAKE NOTICE that the Appellant, being dissatisfied with the ruling delivered on 2026-01-26, hereby appeals to the High Court of Kenya on the following grounds:

1. The Tribunal erred in law in its interpretation of Section 37 of the Tax Procedures Act.
2. The Tribunal failed to consider material evidence submitted by the Appellant.
3. The decision is against the weight of evidence.

Signed: Kristin Moore, Advocate for the Appellant"
DOC-APP-00157,Appeal Notice,"NOTICE OF APPEAL

TO: The Registrar, Tax Appeals Tribunal
FROM: Wallace PLC (PIN: A45338794683B)
Date: 2026-04-12
Original Case Ref: TAT/7914/2591

TAKE NOTICE that the Appellant, being dissatisfied with the ruling delivered on 2026-03-14, hereby appeals to the High Court of Kenya on the following grounds:

1. The Tribunal erred in law in its interpretation of Section 12 of the Tax Appeals Tribunal Act.
2. The Tribunal failed to consider material evidence submitted by the Appellant.
3. The decision is against the weight of evidence.

Signed: Harold Burke, Advocate for the Appellant"
DOC-APP-00158,Appeal Notice,"NOTICE OF APPEAL

TO: The Registrar, Tax Appeals Tribunal
FROM: Booth PLC (PIN: A94937174664B)
Date: 2025-12-22
Original Case Ref: TAT/2293/5033

TAKE NOTICE that the Appellant, being dissatisfied with the ruling delivered on 2026-02-26, hereby appeals to the High Court of Kenya on the following grounds:

1. The Tribunal erred in law in its interpretation of Section 37 of the Tax Procedures Act.
2. The Tribunal failed to consider material evidence submitted by the Appellant.
3. The decision is against the weight of evidence.

Signed: Gary Jackson, Advocate for the Appellant"
DOC-APP-00159,Appeal Notice,"NOTICE OF APPEAL

TO: The Registrar, Tax Appeals Tribunal
FROM: Mcneil Group (PIN: A24483800771B)
Date: 2025-11-03
Original Case Ref: TAT/7577/7523

TAKE NOTICE that the Appellant, being dissatisfied with the ruling delivered on 2026-05-20, hereby appeals to the High Court of Kenya on the following grounds:

1. The Tribunal erred in law in its interpretation of Section 37 of the Tax Procedures Act.
2. The Tribunal failed to consider material evidence submitted by the Appellant.
3. The decision is against the weight of evidence.

Signed: Breanna Gonzalez, Advocate for the Appellant"
DOC-APP-00160,Appeal Notice,"NOTICE OF APPEAL

TO: The Registrar, Tax Appeals Tribunal
FROM: Duncan Inc (PIN: A21954437593B)
Date: 2025-07-02
Original Case Ref: TAT/1925/2934

TAKE NOTICE that the Appellant, being dissatisfied with the ruling delivered on 2026-04-14, hereby appeals to the High Court of Kenya on the following grounds:

1. The Tribunal erred in law in its interpretation of Regulation 15 of the VAT Regulations 2017.
2. The Tribunal failed to consider material evidence submitted by the Appellant.
3. The decision is against the weight of evidence.

Signed: Drew Shields, Advocate for the Appellant"
DOC-APP-00161,Appeal Notice,"NOTICE OF APPEAL

TO: The Registrar, Tax Appeals Tribunal
FROM: Young-Morales (PIN: A05090455447B)
Date: 2026-02-12
Original Case Ref: TAT/3618/8405

TAKE NOTICE that the Appellant, being dissatisfied with the ruling delivered on 2026-04-02, hereby appeals to the High Court of Kenya on the following grounds:

1. The Tribunal erred in law in its interpretation of Section 47 of the Income Tax Act.
2. The Tribunal failed to consider material evidence submitted by the Appellant.
3. The decision is against the weight of evidence.

Signed: Brian Stephens, Advocate for the Appellant"
DOC-APP-00162,Appeal Notice,"NOTICE OF APPEAL

TO: The Registrar, Tax Appeals Tribunal
FROM: Lawrence-Davis (PIN: A87998742730B)
Date: 2025-11-13
Original Case Ref: TAT/1713/2427

TAKE NOTICE that the Appellant, being dissatisfied with the ruling delivered on 2026-01-05, hereby appeals to the High Court of Kenya on the following grounds:

1. The Tribunal erred in law in its interpretation of Section 58 of the East African Customs Management Act.
2. The Tribunal failed to consider material evidence submitted by the Appellant.
3. The decision is against the weight of evidence.

Signed: Sara Steele, Advocate for the Appellant"
DOC-APP-00163,Appeal Notice,"NOTICE OF APPEAL

TO: The Registrar, Tax Appeals Tribunal
FROM: Dawson, Patterson and Best (PIN: A32169516504B)
Date: 2026-04-07
Original Case Ref: TAT/5517/6885

TAKE NOTICE that the Appellant, being dissatisfied with the ruling delivered on 2026-04-06, hereby appeals to the High Court of Kenya on the following grounds:

1. The Tribunal erred in law in its interpretation of Section 31 of the Value Added Tax Act.
2. The Tribunal failed to consider material evidence submitted by the Appellant.
3. The decision is against the weight of evidence.

Signed: Ashley Conrad, Advocate for the Appellant"
DOC-APP-00164,Appeal Notice,"NOTICE OF APPEAL

TO: The Registrar, Tax Appeals Tribunal
FROM: Mcmahon, Thomas and Jones (PIN: A38410646727B)
Date: 2025-08-27
Original Case Ref: TAT/0301/0992

TAKE NOTICE that the Appellant, being dissatisfied with the ruling delivered on 2026-05-14, hereby appeals to the High Court of Kenya on the following grounds:

1. The Tribunal erred in law in its interpretation of Section 37 of the Tax Procedures Act.
2. The Tribunal failed to consider material evidence submitted by the Appellant.
3. The decision is against the weight of evidence.

Signed: Patrick Jones, Advocate for the Appellant"
DOC-APP-00165,Appeal Notice,"NOTICE OF APPEAL

TO: The Registrar, Tax Appeals Tribunal
FROM: Cruz, Johnson and Whitney (PIN: A80992847101B)
Date: 2026-03-28
Original Case Ref: TAT/7640/2181

TAKE NOTICE that the Appellant, being dissatisfied with the ruling delivered on 2026-02-13, hereby appeals to the High Court of Kenya on the following grounds:

1. The Tribunal erred in law in its interpretation of Regulation 15 of the VAT Regulations 2017.
2. The Tribunal failed to consider material evidence submitted by the Appellant.
3. The decision is against the weight of evidence.

Signed: Frank Hobbs, Advocate for the Appellant"
DOC-APP-00166,Appeal Notice,"NOTICE OF APPEAL

TO: The Registrar, Tax Appeals Tribunal
FROM: Hawkins-Reed (PIN: A64955633151B)
Date: 2025-11-14
Original Case Ref: TAT/1556/4439

TAKE NOTICE that the Appellant, being dissatisfied with the ruling delivered on 2026-04-17, hereby appeals to the High Court of Kenya on the following grounds:

1. The Tribunal erred in law in its interpretation of Section 37 of the Tax Procedures Act.
2. The Tribunal failed to consider material evidence submitted by the Appellant.
3. The decision is against the weight of evidence.

Signed: Kendra Lopez, Advocate for the Appellant"
DOC-APP-00167,Appeal Notice,"NOTICE OF APPEAL

TO: The Registrar, Tax Appeals Tribunal
FROM: Jensen-Patterson (PIN: A75954998109B)
Date: 2026-02-23
Original Case Ref: TAT/4094/4096

TAKE NOTICE that the Appellant, being dissatisfied with the ruling delivered on 2026-02-15, hereby appeals to the High Court of Kenya on the following grounds:

1. The Tribunal erred in law in its interpretation of Section 31 of the Value Added Tax Act.
2. The Tribunal failed to consider material evidence submitted by the Appellant.
3. The decision is against the weight of evidence.

Signed: Ethan Lindsey, Advocate for the Appellant"
DOC-APP-00168,Appeal Notice,"NOTICE OF APPEAL

TO: The Registrar, Tax Appeals Tribunal
FROM: Schneider Ltd (PIN: A32861674107B)
Date: 2026-05-31
Original Case Ref: TAT/0320/5893

TAKE NOTICE that the Appellant, being dissatisfied with the ruling delivered on 2026-03-07, hereby appeals to the High Court of Kenya on the following grounds:

1. The Tribunal erred in law in its interpretation of Section 12 of the Tax Appeals Tribunal Act.
2. The Tribunal failed to consider material evidence submitted by the Appellant.
3. The decision is against the weight of evidence.

Signed: Mark Smith, Advocate for the Appellant"
DOC-APP-00169,Appeal Notice,"NOTICE OF APPEAL

TO: The Registrar, Tax Appeals Tribunal
FROM: Munoz Group (PIN: A62053807287B)
Date: 2026-05-03
Original Case Ref: TAT/5282/4669

TAKE NOTICE that the Appellant, being dissatisfied with the ruling delivered on 2026-03-13, hereby appeals to the High Court of Kenya on the following grounds:

1. The Tribunal erred in law in its interpretation of Section 31 of the Value Added Tax Act.
2. The Tribunal failed to consider material evidence submitted by the Appellant.
3. The decision is against the weight of evidence.

Signed: Kristy Lopez, Advocate for the Appellant"
DOC-APP-00170,Appeal Notice,"NOTICE OF APPEAL

TO: The Registrar, Tax Appeals Tribunal
FROM: Johnston-Clarke (PIN: A41091763635B)
Date: 2026-01-16
Original Case Ref: TAT/3407/4788

TAKE NOTICE that the Appellant, being dissatisfied with the ruling delivered on 2026-04-13, hereby appeals to the High Court of Kenya on the following grounds:

1. The Tribunal erred in law in its interpretation of Section 31 of the Value Added Tax Act.
2. The Tribunal failed to consider material evidence submitted by the Appellant.
3. The decision is against the weight of evidence.

Signed: Martin James, Advocate for the Appellant"
DOC-APP-00171,Appeal Notice,"NOTICE OF APPEAL

TO: The Registrar, Tax Appeals Tribunal
FROM: Dillon, Carter and Edwards (PIN: A33742854005B)
Date: 2025-11-10
Original Case Ref: TAT/6529/7614

TAKE NOTICE that the Appellant, being dissatisfied with the ruling delivered on 2026-01-14, hereby appeals to the High Court of Kenya on the following grounds:

1. The Tribunal erred in law in its interpretation of Section 58 of the East African Customs Management Act.
2. The Tribunal failed to consider material evidence submitted by the Appellant.
3. The decision is against the weight of evidence.

Signed: Melissa Wright, Advocate for the Appellant"
DOC-APP-00172,Appeal Notice,"NOTICE OF APPEAL

TO: The Registrar, Tax Appeals Tribunal
FROM: Stout Inc (PIN: A63048522683B)
Date: 2026-06-14
Original Case Ref: TAT/6092/6793

TAKE NOTICE that the Appellant, being dissatisfied with the ruling delivered on 2026-03-04, hereby appeals to the High Court of Kenya on the following grounds:

1. The Tribunal erred in law in its interpretation of Section 47 of the Income Tax Act.
2. The Tribunal failed to consider material evidence submitted by the Appellant.
3. The decision is against the weight of evidence.

Signed: Stephanie Oconnor, Advocate for the Appellant"
DOC-APP-00173,Appeal Notice,"NOTICE OF APPEAL

TO: The Registrar, Tax Appeals Tribunal
FROM: Decker, Baird and Vargas (PIN: A67003169828B)
Date: 2025-08-25
Original Case Ref: TAT/7863/2092

TAKE NOTICE that the Appellant, being dissatisfied with the ruling delivered on 2026-02-08, hereby appeals to the High Court of Kenya on the following grounds:

1. The Tribunal erred in law in its interpretation of Section 37 of the Tax Procedures Act.
2. The Tribunal failed to consider material evidence submitted by the Appellant.
3. The decision is against the weight of evidence.

Signed: Kyle Bond, Advocate for the Appellant"
DOC-APP-00174,Appeal Notice,"NOTICE OF APPEAL

TO: The Registrar, Tax Appeals Tribunal
FROM: Herrera-Ray (PIN: A14399862787B)
Date: 2026-06-30
Original Case Ref: TAT/9920/1099

TAKE NOTICE that the Appellant, being dissatisfied with the ruling delivered on 2026-02-09, hereby appeals to the High Court of Kenya on the following grounds:

1. The Tribunal erred in law in its interpretation of Section 47 of the Income Tax Act.
2. The Tribunal failed to consider material evidence submitted by the Appellant.
3. The decision is against the weight of evidence.

Signed: Vincent Spencer, Advocate for the Appellant"
DOC-APP-00175,Appeal Notice,"NOTICE OF APPEAL

TO: The Registrar, Tax Appeals Tribunal
FROM: Mcbride LLC (PIN: A64165468016B)
Date: 2025-07-27
Original Case Ref: TAT/9638/6088

TAKE NOTICE that the Appellant, being dissatisfied with the ruling delivered on 2026-02-12, hereby appeals to the High Court of Kenya on the following grounds:

1. The Tribunal erred in law in its interpretation of Section 12 of the Tax Appeals Tribunal Act.
2. The Tribunal failed to consider material evidence submitted by the Appellant.
3. The decision is against the weight of evidence.

Signed: Casey Christian, Advocate for the Appellant"
DOC-APP-00176,Appeal Notice,"NOTICE OF APPEAL

TO: The Registrar, Tax Appeals Tribunal
FROM: Dalton, Ferrell and Reyes (PIN: A81590281454B)
Date: 2026-05-13
Original Case Ref: TAT/8353/8833

TAKE NOTICE that the Appellant, being dissatisfied with the ruling delivered on 2026-03-18, hereby appeals to the High Court of Kenya on the following grounds:

1. The Tribunal erred in law in its interpretation of Section 37 of the Tax Procedures Act.
2. The Tribunal failed to consider material evidence submitted by the Appellant.
3. The decision is against the weight of evidence.

Signed: Mark Buckley, Advocate for the Appellant"
DOC-APP-00177,Appeal Notice,"NOTICE OF APPEAL

TO: The Registrar, Tax Appeals Tribunal
FROM: Ward, Lee and Byrd (PIN: A04258254397B)
Date: 2025-07-05
Original Case Ref: TAT/9374/1460

TAKE NOTICE that the Appellant, being dissatisfied with the ruling delivered on 2026-04-15, hereby appeals to the High Court of Kenya on the following grounds:

1. The Tribunal erred in law in its interpretation of Section 47 of the Income Tax Act.
2. The Tribunal failed to consider material evidence submitted by the Appellant.
3. The decision is against the weight of evidence.

Signed: Jennifer Gonzales, Advocate for the Appellant"
DOC-APP-00178,Appeal Notice,"NOTICE OF APPEAL

TO: The Registrar, Tax Appeals Tribunal
FROM: Reed, Black and Espinoza (PIN: A82357330666B)
Date: 2025-07-30
Original Case Ref: TAT/5523/9934

TAKE NOTICE that the Appellant, being dissatisfied with the ruling delivered on 2026-03-15, hereby appeals to the High Court of Kenya on the following grounds:

1. The Tribunal erred in law in its interpretation of Section 12 of the Tax Appeals Tribunal Act.
2. The Tribunal failed to consider material evidence submitted by the Appellant.
3. The decision is against the weight of evidence.

Signed: Anna Moore, Advocate for the Appellant"
DOC-APP-00179,Appeal Notice,"NOTICE OF APPEAL

TO: The Registrar, Tax Appeals Tribunal
FROM: Nelson LLC (PIN: A81186648219B)
Date: 2025-10-14
Original Case Ref: TAT/6427/3762

TAKE NOTICE that the Appellant, being dissatisfied with the ruling delivered on 2026-05-31, hereby appeals to the High Court of Kenya on the following grounds:

1. The Tribunal erred in law in its interpretation of Regulation 15 of the VAT Regulations 2017.
2. The Tribunal failed to consider material evidence submitted by the Appellant.
3. The decision is against the weight of evidence.

Signed: Dale Butler, Advocate for the Appellant"
DOC-APP-00180,Appeal Notice,"NOTICE OF APPEAL

TO: The Registrar, Tax Appeals Tribunal
FROM: Martinez-Stanley (PIN: A88781047085B)
Date: 2025-09-11
Original Case Ref: TAT/4569/1263

TAKE NOTICE that the Appellant, being dissatisfied with the ruling delivered on 2026-01-29, hereby appeals to the High Court of Kenya on the following grounds:

1. The Tribunal erred in law in its interpretation of Section 58 of the East African Customs Management Act.
2. The Tribunal failed to consider material evidence submitted by the Appellant.
3. The decision is against the weight of evidence.

Signed: Erika Fox, Advocate for the Appellant"
DOC-APP-00181,Appeal Notice,"NOTICE OF APPEAL

TO: The Registrar, Tax Appeals Tribunal
FROM: Torres Inc (PIN: A30081122166B)
Date: 2025-08-16
Original Case Ref: TAT/0603/6475

TAKE NOTICE that the Appellant, being dissatisfied with the ruling delivered on 2026-02-11, hereby appeals to the High Court of Kenya on the following grounds:

1. The Tribunal erred in law in its interpretation of Section 12 of the Tax Appeals Tribunal Act.
2. The Tribunal failed to consider material evidence submitted by the Appellant.
3. The decision is against the weight of evidence.

Signed: Brett West, Advocate for the Appellant"
DOC-APP-00182,Appeal Notice,"NOTICE OF APPEAL

TO: The Registrar, Tax Appeals Tribunal
FROM: Castro Ltd (PIN: A81075197880B)
Date: 2025-11-23
Original Case Ref: TAT/3322/7090

TAKE NOTICE that the Appellant, being dissatisfied with the ruling delivered on 2026-02-08, hereby appeals to the High Court of Kenya on the following grounds:

1. The Tribunal erred in law in its interpretation of Section 47 of the Income Tax Act.
2. The Tribunal failed to consider material evidence submitted by the Appellant.
3. The decision is against the weight of evidence.

Signed: Brian Rice, Advocate for the Appellant"
DOC-APP-00183,Appeal Notice,"NOTICE OF APPEAL

TO: The Registrar, Tax Appeals Tribunal
FROM: Hanson PLC (PIN: A26933192287B)
Date: 2025-07-02
Original Case Ref: TAT/7084/2100

TAKE NOTICE that the Appellant, being dissatisfied with the ruling delivered on 2026-02-05, hereby appeals to the High Court of Kenya on the following grounds:

1. The Tribunal erred in law in its interpretation of Section 31 of the Value Added Tax Act.
2. The Tribunal failed to consider material evidence submitted by the Appellant.
3. The decision is against the weight of evidence.

Signed: Randy Scott, Advocate for the Appellant"
DOC-APP-00184,Appeal Notice,"NOTICE OF APPEAL

TO: The Registrar, Tax Appeals Tribunal
FROM: Burton-Taylor (PIN: A72413879186B)
Date: 2025-10-25
Original Case Ref: TAT/2674/7752

TAKE NOTICE that the Appellant, being dissatisfied with the ruling delivered on 2026-05-29, hereby appeals to the High Court of Kenya on the following grounds:

1. The Tribunal erred in law in its interpretation of Section 37 of the Tax Procedures Act.
2. The Tribunal failed to consider material evidence submitted by the Appellant.
3. The decision is against the weight of evidence.

Signed: Dennis Smith, Advocate for the Appellant"
DOC-APP-00185,Appeal Notice,"NOTICE OF APPEAL

TO: The Registrar, Tax Appeals Tribunal
FROM: Hopkins Group (PIN: A56536811531B)
Date: 2025-10-27
Original Case Ref: TAT/2903/8574

TAKE NOTICE that the Appellant, being dissatisfied with the ruling delivered on 2026-05-17, hereby appeals to the High Court of Kenya on the following grounds:

1. The Tribunal erred in law in its interpretation of Section 58 of the East African Customs Management Act.
2. The Tribunal failed to consider material evidence submitted by the Appellant.
3. The decision is against the weight of evidence.

Signed: Lori Brown, Advocate for the Appellant"
DOC-APP-00186,Appeal Notice,"NOTICE OF APPEAL

TO: The Registrar, Tax Appeals Tribunal
FROM: Wu, Mcfarland and Thomas (PIN: A29979646075B)
Date: 2026-04-20
Original Case Ref: TAT/7036/9677

TAKE NOTICE that the Appellant, being dissatisfied with the ruling delivered on 2026-01-18, hereby appeals to the High Court of Kenya on the following grounds:

1. The Tribunal erred in law in its interpretation of Section 47 of the Income Tax Act.
2. The Tribunal failed to consider material evidence submitted by the Appellant.
3. The decision is against the weight of evidence.

Signed: Teresa Webb, Advocate for the Appellant"
DOC-APP-00187,Appeal Notice,"NOTICE OF APPEAL

TO: The Registrar, Tax Appeals Tribunal
FROM: Robinson, Fisher and Reynolds (PIN: A78879714232B)
Date: 2026-03-11
Original Case Ref: TAT/4965/9104

TAKE NOTICE that the Appellant, being dissatisfied with the ruling delivered on 2026-02-08, hereby appeals to the High Court of Kenya on the following grounds:

1. The Tribunal erred in law in its interpretation of Regulation 15 of the VAT Regulations 2017.
2. The Tribunal failed to consider material evidence submitted by the Appellant.
3. The decision is against the weight of evidence.

Signed: Douglas Smith, Advocate for the Appellant"
DOC-APP-00188,Appeal Notice,"NOTICE OF APPEAL

TO: The Registrar, Tax Appeals Tribunal
FROM: Day Group (PIN: A07452608879B)
Date: 2026-02-12
Original Case Ref: TAT/9898/4860

TAKE NOTICE that the Appellant, being dissatisfied with the ruling delivered on 2026-05-20, hereby appeals to the High Court of Kenya on the following grounds:

1. The Tribunal erred in law in its interpretation of Section 58 of the East African Customs Management Act.
2. The Tribunal failed to consider material evidence submitted by the Appellant.
3. The decision is against the weight of evidence.

Signed: Kimberly White DDS, Advocate for the Appellant"
DOC-APP-00189,Appeal Notice,"NOTICE OF APPEAL

TO: The Registrar, Tax Appeals Tribunal
FROM: White and Sons (PIN: A29553024497B)
Date: 2026-01-10
Original Case Ref: TAT/8300/0921

TAKE NOTICE that the Appellant, being dissatisfied with the ruling delivered on 2026-04-02, hereby appeals to the High Court of Kenya on the following grounds:

1. The Tribunal erred in law in its interpretation of Section 12 of the Tax Appeals Tribunal Act.
2. The Tribunal failed to consider material evidence submitted by the Appellant.
3. The decision is against the weight of evidence.

Signed: Michelle Vargas, Advocate for the Appellant"
DOC-APP-00190,Appeal Notice,"NOTICE OF APPEAL

TO: The Registrar, Tax Appeals Tribunal
FROM: Lewis, Yoder and Moody (PIN: A07825264604B)
Date: 2026-05-14
Original Case Ref: TAT/5298/1777

TAKE NOTICE that the Appellant, being dissatisfied with the ruling delivered on 2026-05-07, hereby appeals to the High Court of Kenya on the following grounds:

1. The Tribunal erred in law in its interpretation of Section 47 of the Income Tax Act.
2. The Tribunal failed to consider material evidence submitted by the Appellant.
3. The decision is against the weight of evidence.

Signed: David Miller, Advocate for the Appellant"
DOC-APP-00191,Appeal Notice,"NOTICE OF APPEAL

TO: The Registrar, Tax Appeals Tribunal
FROM: Combs, White and Collins (PIN: A02140526304B)
Date: 2025-10-03
Original Case Ref: TAT/7858/3367

TAKE NOTICE that the Appellant, being dissatisfied with the ruling delivered on 2026-02-27, hereby appeals to the High Court of Kenya on the following grounds:

1. The Tribunal erred in law in its interpretation of Section 31 of the Value Added Tax Act.
2. The Tribunal failed to consider material evidence submitted by the Appellant.
3. The decision is against the weight of evidence.

Signed: Kristi Beck, Advocate for the Appellant"
DOC-APP-00192,Appeal Notice,"NOTICE OF APPEAL

TO: The Registrar, Tax Appeals Tribunal
FROM: Macias Group (PIN: A36242382875B)
Date: 2025-10-28
Original Case Ref: TAT/8138/3062

TAKE NOTICE that the Appellant, being dissatisfied with the ruling delivered on 2026-05-15, hereby appeals to the High Court of Kenya on the following grounds:

1. The Tribunal erred in law in its interpretation of Section 31 of the Value Added Tax Act.
2. The Tribunal failed to consider material evidence submitted by the Appellant.
3. The decision is against the weight of evidence.

Signed: Denise Vaughan, Advocate for the Appellant"
DOC-APP-00193,Appeal Notice,"NOTICE OF APPEAL

TO: The Registrar, Tax Appeals Tribunal
FROM: Lewis, Scott and Smith (PIN: A85709766171B)
Date: 2026-02-14
Original Case Ref: TAT/5295/9753

TAKE NOTICE that the Appellant, being dissatisfied with the ruling delivered on 2026-03-09, hereby appeals to the High Court of Kenya on the following grounds:

1. The Tribunal erred in law in its interpretation of Regulation 15 of the VAT Regulations 2017.
2. The Tribunal failed to consider material evidence submitted by the Appellant.
3. The decision is against the weight of evidence.

Signed: Alexander Harrell, Advocate for the Appellant"
DOC-APP-00194,Appeal Notice,"NOTICE OF APPEAL

TO: The Registrar, Tax Appeals Tribunal
FROM: Campbell, Garner and Johns (PIN: A93373481905B)
Date: 2026-01-30
Original Case Ref: TAT/5810/5700

TAKE NOTICE that the Appellant, being dissatisfied with the ruling delivered on 2026-02-21, hereby appeals to the High Court of Kenya on the following grounds:

1. The Tribunal erred in law in its interpretation of Section 31 of the Value Added Tax Act.
2. The Tribunal failed to consider material evidence submitted by the Appellant.
3. The decision is against the weight of evidence.

Signed: Michael Williams, Advocate for the Appellant"
DOC-APP-00195,Appeal Notice,"NOTICE OF APPEAL

TO: The Registrar, Tax Appeals Tribunal
FROM: Williams PLC (PIN: A51839257448B)
Date: 2026-02-08
Original Case Ref: TAT/0216/0115

TAKE NOTICE that the Appellant, being dissatisfied with the ruling delivered on 2026-04-09, hereby appeals to the High Court of Kenya on the following grounds:

1. The Tribunal erred in law in its interpretation of Section 31 of the Value Added Tax Act.
2. The Tribunal failed to consider material evidence submitted by the Appellant.
3. The decision is against the weight of evidence.

Signed: Sherri Mcdonald, Advocate for the Appellant"
DOC-APP-00196,Appeal Notice,"NOTICE OF APPEAL

TO: The Registrar, Tax Appeals Tribunal
FROM: Williams, Fox and Jenkins (PIN: A48368331630B)
Date: 2025-11-28
Original Case Ref: TAT/2852/2072

TAKE NOTICE that the Appellant, being dissatisfied with the ruling delivered on 2026-03-12, hereby appeals to the High Court of Kenya on the following grounds:

1. The Tribunal erred in law in its interpretation of Section 37 of the Tax Procedures Act.
2. The Tribunal failed to consider material evidence submitted by the Appellant.
3. The decision is against the weight of evidence.

Signed: Janet Washington, Advocate for the Appellant"
DOC-APP-00197,Appeal Notice,"NOTICE OF APPEAL

TO: The Registrar, Tax Appeals Tribunal
FROM: Gould-Maldonado (PIN: A56773407808B)
Date: 2025-12-05
Original Case Ref: TAT/4335/1577

TAKE NOTICE that the Appellant, being dissatisfied with the ruling delivered on 2026-03-22, hereby appeals to the High Court of Kenya on the following grounds:

1. The Tribunal erred in law in its interpretation of Regulation 15 of the VAT Regulations 2017.
2. The Tribunal failed to consider material evidence submitted by the Appellant.
3. The decision is against the weight of evidence.

Signed: Linda White, Advocate for the Appellant"
DOC-APP-00198,Appeal Notice,"NOTICE OF APPEAL

TO: The Registrar, Tax Appeals Tribunal
FROM: Walker, Jennings and Bowman (PIN: A37166204300B)
Date: 2025-07-23
Original Case Ref: TAT/7478/0765

TAKE NOTICE that the Appellant, being dissatisfied with the ruling delivered on 2026-04-17, hereby appeals to the High Court of Kenya on the following grounds:

1. The Tribunal erred in law in its interpretation of Section 58 of the East African Customs Management Act.
2. The Tribunal failed to consider material evidence submitted by the Appellant.
3. The decision is against the weight of evidence.

Signed: George Davis, Advocate for the Appellant"
DOC-APP-00199,Appeal Notice,"NOTICE OF APPEAL

TO: The Registrar, Tax Appeals Tribunal
FROM: Walsh, Spears and Mckee (PIN: A98745179048B)
Date: 2026-06-11
Original Case Ref: TAT/5262/2938

TAKE NOTICE that the Appellant, being dissatisfied with the ruling delivered on 2026-01-29, hereby appeals to the High Court of Kenya on the following grounds:

1. The Tribunal erred in law in its interpretation of Section 47 of the Income Tax Act.
2. The Tribunal failed to consider material evidence submitted by the Appellant.
3. The decision is against the weight of evidence.

Signed: Edward Leon, Advocate for the Appellant"
DOC-APP-00200,Appeal Notice,"NOTICE OF APPEAL

TO: The Registrar, Tax Appeals Tribunal
FROM: Franklin-Delacruz (PIN: A78858698357B)
Date: 2026-05-06
Original Case Ref: TAT/6347/2374

TAKE NOTICE that the Appellant, being dissatisfied with the ruling delivered on 2026-01-11, hereby appeals to the High Court of Kenya on the following grounds:

1. The Tribunal erred in law in its interpretation of Section 31 of the Value Added Tax Act.
2. The Tribunal failed to consider material evidence submitted by the Appellant.
3. The decision is against the weight of evidence.

Signed: Robert Webster DDS, Advocate for the Appellant"
DOC-APP-00201,Appeal Notice,"NOTICE OF APPEAL

TO: The Registrar, Tax Appeals Tribunal
FROM: Delgado, Moore and Love (PIN: A36402050030B)
Date: 2026-06-25
Original Case Ref: TAT/2705/5617

TAKE NOTICE that the Appellant, being dissatisfied with the ruling delivered on 2026-01-03, hereby appeals to the High Court of Kenya on the following grounds:

1. The Tribunal erred in law in its interpretation of Section 37 of the Tax Procedures Act.
2. The Tribunal failed to consider material evidence submitted by the Appellant.
3. The decision is against the weight of evidence.

Signed: Wyatt Olson MD, Advocate for the Appellant"
DOC-APP-00202,Appeal Notice,"NOTICE OF APPEAL

TO: The Registrar, Tax Appeals Tribunal
FROM: Hickman Group (PIN: A36935131105B)
Date: 2025-07-19
Original Case Ref: TAT/8274/9107

TAKE NOTICE that the Appellant, being dissatisfied with the ruling delivered on 2026-03-27, hereby appeals to the High Court of Kenya on the following grounds:

1. The Tribunal erred in law in its interpretation of Section 31 of the Value Added Tax Act.
2. The Tribunal failed to consider material evidence submitted by the Appellant.
3. The decision is against the weight of evidence.

Signed: Melissa Burns, Advocate for the Appellant"
DOC-APP-00203,Appeal Notice,"NOTICE OF APPEAL

TO: The Registrar, Tax Appeals Tribunal
FROM: Johnston, Brown and Figueroa (PIN: A77286449138B)
Date: 2025-07-23
Original Case Ref: TAT/0833/5556

TAKE NOTICE that the Appellant, being dissatisfied with the ruling delivered on 2026-03-17, hereby appeals to the High Court of Kenya on the following grounds:

1. The Tribunal erred in law in its interpretation of Regulation 15 of the VAT Regulations 2017.
2. The Tribunal failed to consider material evidence submitted by the Appellant.
3. The decision is against the weight of evidence.

Signed: Linda Bautista, Advocate for the Appellant"
DOC-APP-00204,Appeal Notice,"NOTICE OF APPEAL

TO: The Registrar, Tax Appeals Tribunal
FROM: Walker LLC (PIN: A40130839570B)
Date: 2026-03-20
Original Case Ref: TAT/7740/4231

TAKE NOTICE that the Appellant, being dissatisfied with the ruling delivered on 2026-05-30, hereby appeals to the High Court of Kenya on the following grounds:

1. The Tribunal erred in law in its interpretation of Regulation 15 of the VAT Regulations 2017.
2. The Tribunal failed to consider material evidence submitted by the Appellant.
3. The decision is against the weight of evidence.

Signed: Lisa Smith, Advocate for the Appellant"
DOC-APP-00205,Appeal Notice,"NOTICE OF APPEAL

TO: The Registrar, Tax Appeals Tribunal
FROM: Collins, Moreno and Peck (PIN: A44475555143B)
Date: 2026-02-01
Original Case Ref: TAT/7872/7745

TAKE NOTICE that the Appellant, being dissatisfied with the ruling delivered on 2026-02-20, hereby appeals to the High Court of Kenya on the following grounds:

1. The Tribunal erred in law in its interpretation of Section 31 of the Value Added Tax Act.
2. The Tribunal failed to consider material evidence submitted by the Appellant.
3. The decision is against the weight of evidence.

Signed: Jose Duffy, Advocate for the Appellant"
DOC-APP-00206,Appeal Notice,"NOTICE OF APPEAL

TO: The Registrar, Tax Appeals Tribunal
FROM: Harris and Sons (PIN: A45662272387B)
Date: 2025-08-03
Original Case Ref: TAT/8901/8121

TAKE NOTICE that the Appellant, being dissatisfied with the ruling delivered on 2026-04-11, hereby appeals to the High Court of Kenya on the following grounds:

1. The Tribunal erred in law in its interpretation of Section 12 of the Tax Appeals Tribunal Act.
2. The Tribunal failed to consider material evidence submitted by the Appellant.
3. The decision is against the weight of evidence.

Signed: Ashley Schroeder, Advocate for the Appellant"
DOC-APP-00207,Appeal Notice,"NOTICE OF APPEAL

TO: The Registrar, Tax Appeals Tribunal
FROM: Hernandez-Rodriguez (PIN: A27273712392B)
Date: 2026-04-24
Original Case Ref: TAT/1753/5141

TAKE NOTICE that the Appellant, being dissatisfied with the ruling delivered on 2026-04-14, hereby appeals to the High Court of Kenya on the following grounds:

1. The Tribunal erred in law in its interpretation of Regulation 15 of the VAT Regulations 2017.
2. The Tribunal failed to consider material evidence submitted by the Appellant.
3. The decision is against the weight of evidence.

Signed: Kylie Chapman, Advocate for the Appellant"
DOC-APP-00208,Appeal Notice,"NOTICE OF APPEAL

TO: The Registrar, Tax Appeals Tribunal
FROM: Torres, Silva and Williams (PIN: A13749086084B)
Date: 2025-07-03
Original Case Ref: TAT/5650/1239

TAKE NOTICE that the Appellant, being dissatisfied with the ruling delivered on 2026-03-31, hereby appeals to the High Court of Kenya on the following grounds:

1. The Tribunal erred in law in its interpretation of Section 47 of the Income Tax Act.
2. The Tribunal failed to consider material evidence submitted by the Appellant.
3. The decision is against the weight of evidence.

Signed: Mason Graham, Advocate for the Appellant"
DOC-APP-00209,Appeal Notice,"NOTICE OF APPEAL

TO: The Registrar, Tax Appeals Tribunal
FROM: Leblanc, Butler and Benson (PIN: A93157326961B)
Date: 2025-11-03
Original Case Ref: TAT/7726/9261

TAKE NOTICE that the Appellant, being dissatisfied with the ruling delivered on 2026-03-01, hereby appeals to the High Court of Kenya on the following grounds:

1. The Tribunal erred in law in its interpretation of Section 58 of the East African Customs Management Act.
2. The Tribunal failed to consider material evidence submitted by the Appellant.
3. The decision is against the weight of evidence.

Signed: Dawn Stewart, Advocate for the Appellant"
DOC-APP-00210,Appeal Notice,"NOTICE OF APPEAL

TO: The Registrar, Tax Appeals Tribunal
FROM: Edwards-Murphy (PIN: A38741581664B)
Date: 2025-07-03
Original Case Ref: TAT/4478/7249

TAKE NOTICE that the Appellant, being dissatisfied with the ruling delivered on 2026-05-23, hereby appeals to the High Court of Kenya on the following grounds:

1. The Tribunal erred in law in its interpretation of Section 12 of the Tax Appeals Tribunal Act.
2. The Tribunal failed to consider material evidence submitted by the Appellant.
3. The decision is against the weight of evidence.

Signed: Zachary Marshall, Advocate for the Appellant"
DOC-APP-00211,Appeal Notice,"NOTICE OF APPEAL

TO: The Registrar, Tax Appeals Tribunal
FROM: Edwards-Thomas (PIN: A26112610969B)
Date: 2026-02-04
Original Case Ref: TAT/4395/0342

TAKE NOTICE that the Appellant, being dissatisfied with the ruling delivered on 2026-05-24, hereby appeals to the High Court of Kenya on the following grounds:

1. The Tribunal erred in law in its interpretation of Section 12 of the Tax Appeals Tribunal Act.
2. The Tribunal failed to consider material evidence submitted by the Appellant.
3. The decision is against the weight of evidence.

Signed: Nicholas Shelton, Advocate for the Appellant"
DOC-APP-00212,Appeal Notice,"NOTICE OF APPEAL

TO: The Registrar, Tax Appeals Tribunal
FROM: Roberts Group (PIN: A75928826000B)
Date: 2026-04-02
Original Case Ref: TAT/0833/5345

TAKE NOTICE that the Appellant, being dissatisfied with the ruling delivered on 2026-01-27, hereby appeals to the High Court of Kenya on the following grounds:

1. The Tribunal erred in law in its interpretation of Section 58 of the East African Customs Management Act.
2. The Tribunal failed to consider material evidence submitted by the Appellant.
3. The decision is against the weight of evidence.

Signed: David Edwards MD, Advocate for the Appellant"
DOC-APP-00213,Appeal Notice,"NOTICE OF APPEAL

TO: The Registrar, Tax Appeals Tribunal
FROM: Cantrell LLC (PIN: A07472933603B)
Date: 2025-08-17
Original Case Ref: TAT/8837/1234

TAKE NOTICE that the Appellant, being dissatisfied with the ruling delivered on 2026-02-14, hereby appeals to the High Court of Kenya on the following grounds:

1. The Tribunal erred in law in its interpretation of Section 31 of the Value Added Tax Act.
2. The Tribunal failed to consider material evidence submitted by the Appellant.
3. The decision is against the weight of evidence.

Signed: Emily Vega, Advocate for the Appellant"
DOC-APP-00214,Appeal Notice,"NOTICE OF APPEAL

TO: The Registrar, Tax Appeals Tribunal
FROM: Brooks-White (PIN: A72590841220B)
Date: 2026-05-24
Original Case Ref: TAT/0693/2862

TAKE NOTICE that the Appellant, being dissatisfied with the ruling delivered on 2026-03-20, hereby appeals to the High Court of Kenya on the following grounds:

1. The Tribunal erred in law in its interpretation of Section 31 of the Value Added Tax Act.
2. The Tribunal failed to consider material evidence submitted by the Appellant.
3. The decision is against the weight of evidence.

Signed: Diana Martinez, Advocate for the Appellant"
DOC-APP-00215,Appeal Notice,"NOTICE OF APPEAL

TO: The Registrar, Tax Appeals Tribunal
FROM: Atkinson PLC (PIN: A13680103876B)
Date: 2025-07-24
Original Case Ref: TAT/9107/9956

TAKE NOTICE that the Appellant, being dissatisfied with the ruling delivered on 2026-03-18, hereby appeals to the High Court of Kenya on the following grounds:

1. The Tribunal erred in law in its interpretation of Section 47 of the Income Tax Act.
2. The Tribunal failed to consider material evidence submitted by the Appellant.
3. The decision is against the weight of evidence.

Signed: Phillip Anderson, Advocate for the Appellant"
DOC-APP-00216,Appeal Notice,"NOTICE OF APPEAL

TO: The Registrar, Tax Appeals Tribunal
FROM: Perez, Jones and Smith (PIN: A01311526529B)
Date: 2026-03-10
Original Case Ref: TAT/2497/4432

TAKE NOTICE that the Appellant, being dissatisfied with the ruling delivered on 2026-04-17, hereby appeals to the High Court of Kenya on the following grounds:

1. The Tribunal erred in law in its interpretation of Section 31 of the Value Added Tax Act.
2. The Tribunal failed to consider material evidence submitted by the Appellant.
3. The decision is against the weight of evidence.

Signed: Susan Brown, Advocate for the Appellant"
DOC-APP-00217,Appeal Notice,"NOTICE OF APPEAL

TO: The Registrar, Tax Appeals Tribunal
FROM: Gutierrez, Cole and Mcneil (PIN: A55573625003B)
Date: 2026-02-12
Original Case Ref: TAT/4188/1064

TAKE NOTICE that the Appellant, being dissatisfied with the ruling delivered on 2026-03-10, hereby appeals to the High Court of Kenya on the following grounds:

1. The Tribunal erred in law in its interpretation of Section 12 of the Tax Appeals Tribunal Act.
2. The Tribunal failed to consider material evidence submitted by the Appellant.
3. The decision is against the weight of evidence.

Signed: Michael Perez, Advocate for the Appellant"
DOC-APP-00218,Appeal Notice,"NOTICE OF APPEAL

TO: The Registrar, Tax Appeals Tribunal
FROM: Howard, Benjamin and Callahan (PIN: A64509118953B)
Date: 2025-10-01
Original Case Ref: TAT/4900/4952

TAKE NOTICE that the Appellant, being dissatisfied with the ruling delivered on 2026-05-22, hereby appeals to the High Court of Kenya on the following grounds:

1. The Tribunal erred in law in its interpretation of Section 12 of the Tax Appeals Tribunal Act.
2. The Tribunal failed to consider material evidence submitted by the Appellant.
3. The decision is against the weight of evidence.

Signed: Robert Ross, Advocate for the Appellant"
DOC-APP-00219,Appeal Notice,"NOTICE OF APPEAL

TO: The Registrar, Tax Appeals Tribunal
FROM: Vance and Sons (PIN: A67543345632B)
Date: 2025-08-02
Original Case Ref: TAT/0008/0189

TAKE NOTICE that the Appellant, being dissatisfied with the ruling delivered on 2026-05-01, hereby appeals to the High Court of Kenya on the following grounds:

1. The Tribunal erred in law in its interpretation of Regulation 15 of the VAT Regulations 2017.
2. The Tribunal failed to consider material evidence submitted by the Appellant.
3. The decision is against the weight of evidence.

Signed: Jennifer Greene, Advocate for the Appellant"
DOC-APP-00220,Appeal Notice,"NOTICE OF APPEAL

TO: The Registrar, Tax Appeals Tribunal
FROM: Elliott, Anderson and Gonzalez (PIN: A67205710292B)
Date: 2026-05-21
Original Case Ref: TAT/9844/6283

TAKE NOTICE that the Appellant, being dissatisfied with the ruling delivered on 2026-04-16, hereby appeals to the High Court of Kenya on the following grounds:

1. The Tribunal erred in law in its interpretation of Section 12 of the Tax Appeals Tribunal Act.
2. The Tribunal failed to consider material evidence submitted by the Appellant.
3. The decision is against the weight of evidence.

Signed: Patrick Copeland, Advocate for the Appellant"
DOC-APP-00221,Appeal Notice,"NOTICE OF APPEAL

TO: The Registrar, Tax Appeals Tribunal
FROM: Preston, Miller and Jones (PIN: A23119560294B)
Date: 2025-08-08
Original Case Ref: TAT/7516/2472

TAKE NOTICE that the Appellant, being dissatisfied with the ruling delivered on 2026-02-24, hereby appeals to the High Court of Kenya on the following grounds:

1. The Tribunal erred in law in its interpretation of Section 58 of the East African Customs Management Act.
2. The Tribunal failed to consider material evidence submitted by the Appellant.
3. The decision is against the weight of evidence.

Signed: David Rice, Advocate for the Appellant"
DOC-APP-00222,Appeal Notice,"NOTICE OF APPEAL

TO: The Registrar, Tax Appeals Tribunal
FROM: Garcia LLC (PIN: A43031552678B)
Date: 2026-01-14
Original Case Ref: TAT/5371/9703

TAKE NOTICE that the Appellant, being dissatisfied with the ruling delivered on 2026-06-01, hereby appeals to the High Court of Kenya on the following grounds:

1. The Tribunal erred in law in its interpretation of Regulation 15 of the VAT Regulations 2017.
2. The Tribunal failed to consider material evidence submitted by the Appellant.
3. The decision is against the weight of evidence.

Signed: Thomas Gordon, Advocate for the Appellant"
DOC-APP-00223,Appeal Notice,"NOTICE OF APPEAL

TO: The Registrar, Tax Appeals Tribunal
FROM: Miller-Stewart (PIN: A85241773965B)
Date: 2026-06-16
Original Case Ref: TAT/9577/9291

TAKE NOTICE that the Appellant, being dissatisfied with the ruling delivered on 2026-01-26, hereby appeals to the High Court of Kenya on the following grounds:

1. The Tribunal erred in law in its interpretation of Section 31 of the Value Added Tax Act.
2. The Tribunal failed to consider material evidence submitted by the Appellant.
3. The decision is against the weight of evidence.

Signed: Cheryl Gonzalez, Advocate for the Appellant"
DOC-APP-00224,Appeal Notice,"NOTICE OF APPEAL

TO: The Registrar, Tax Appeals Tribunal
FROM: Tran and Sons (PIN: A04146050735B)
Date: 2026-05-07
Original Case Ref: TAT/6852/1941

TAKE NOTICE that the Appellant, being dissatisfied with the ruling delivered on 2026-02-28, hereby appeals to the High Court of Kenya on the following grounds:

1. The Tribunal erred in law in its interpretation of Section 31 of the Value Added Tax Act.
2. The Tribunal failed to consider material evidence submitted by the Appellant.
3. The decision is against the weight of evidence.

Signed: Richard Church, Advocate for the Appellant"
DOC-APP-00225,Appeal Notice,"NOTICE OF APPEAL

TO: The Registrar, Tax Appeals Tribunal
FROM: Marquez Group (PIN: A81495429729B)
Date: 2026-01-24
Original Case Ref: TAT/5148/6184

TAKE NOTICE that the Appellant, being dissatisfied with the ruling delivered on 2026-02-19, hereby appeals to the High Court of Kenya on the following grounds:

1. The Tribunal erred in law in its interpretation of Section 31 of the Value Added Tax Act.
2. The Tribunal failed to consider material evidence submitted by the Appellant.
3. The decision is against the weight of evidence.

Signed: Caitlin Higgins, Advocate for the Appellant"
DOC-APP-00226,Appeal Notice,"NOTICE OF APPEAL

TO: The Registrar, Tax Appeals Tribunal
FROM: Dixon-Harrell (PIN: A90481481015B)
Date: 2026-06-04
Original Case Ref: TAT/7474/3134

TAKE NOTICE that the Appellant, being dissatisfied with the ruling delivered on 2026-01-05, hereby appeals to the High Court of Kenya on the following grounds:

1. The Tribunal erred in law in its interpretation of Section 31 of the Value Added Tax Act.
2. The Tribunal failed to consider material evidence submitted by the Appellant.
3. The decision is against the weight of evidence.

Signed: Amanda Moreno, Advocate for the Appellant"
DOC-APP-00227,Appeal Notice,"NOTICE OF APPEAL

TO: The Registrar, Tax Appeals Tribunal
FROM: Perry-Montoya (PIN: A95890458307B)
Date: 2025-08-08
Original Case Ref: TAT/9458/5176

TAKE NOTICE that the Appellant, being dissatisfied with the ruling delivered on 2026-01-20, hereby appeals to the High Court of Kenya on the following grounds:

1. The Tribunal erred in law in its interpretation of Section 47 of the Income Tax Act.
2. The Tribunal failed to consider material evidence submitted by the Appellant.
3. The decision is against the weight of evidence.

Signed: Rebecca Mcintyre, Advocate for the Appellant"
DOC-APP-00228,Appeal Notice,"NOTICE OF APPEAL

TO: The Registrar, Tax Appeals Tribunal
FROM: Russell-Bowers (PIN: A90445000663B)
Date: 2026-06-22
Original Case Ref: TAT/4057/0514

TAKE NOTICE that the Appellant, being dissatisfied with the ruling delivered on 2026-05-16, hereby appeals to the High Court of Kenya on the following grounds:

1. The Tribunal erred in law in its interpretation of Regulation 15 of the VAT Regulations 2017.
2. The Tribunal failed to consider material evidence submitted by the Appellant.
3. The decision is against the weight of evidence.

Signed: Dawn Hammond, Advocate for the Appellant"
DOC-APP-00229,Appeal Notice,"NOTICE OF APPEAL

TO: The Registrar, Tax Appeals Tribunal
FROM: Kent-Barron (PIN: A93962577736B)
Date: 2026-04-18
Original Case Ref: TAT/0233/5779

TAKE NOTICE that the Appellant, being dissatisfied with the ruling delivered on 2026-01-07, hereby appeals to the High Court of Kenya on the following grounds:

1. The Tribunal erred in law in its interpretation of Regulation 15 of the VAT Regulations 2017.
2. The Tribunal failed to consider material evidence submitted by the Appellant.
3. The decision is against the weight of evidence.

Signed: Heather Guzman, Advocate for the Appellant"
DOC-APP-00230,Appeal Notice,"NOTICE OF APPEAL

TO: The Registrar, Tax Appeals Tribunal
FROM: Franco-Martin (PIN: A97542466219B)
Date: 2025-12-28
Original Case Ref: TAT/4924/6727

TAKE NOTICE that the Appellant, being dissatisfied with the ruling delivered on 2026-01-18, hereby appeals to the High Court of Kenya on the following grounds:

1. The Tribunal erred in law in its interpretation of Section 47 of the Income Tax Act.
2. The Tribunal failed to consider material evidence submitted by the Appellant.
3. The decision is against the weight of evidence.

Signed: Christopher Rollins, Advocate for the Appellant"
DOC-APP-00231,Appeal Notice,"NOTICE OF APPEAL

TO: The Registrar, Tax Appeals Tribunal
FROM: Gallagher-Williams (PIN: A03685590367B)
Date: 2026-06-24
Original Case Ref: TAT/6166/8034

TAKE NOTICE that the Appellant, being dissatisfied with the ruling delivered on 2026-04-24, hereby appeals to the High Court of Kenya on the following grounds:

1. The Tribunal erred in law in its interpretation of Section 12 of the Tax Appeals Tribunal Act.
2. The Tribunal failed to consider material evidence submitted by the Appellant.
3. The decision is against the weight of evidence.

Signed: Connie Chang, Advocate for the Appellant"
DOC-APP-00232,Appeal Notice,"NOTICE OF APPEAL

TO: The Registrar, Tax Appeals Tribunal
FROM: Moore, Luna and Lewis (PIN: A56941826681B)
Date: 2025-07-22
Original Case Ref: TAT/3406/7465

TAKE NOTICE that the Appellant, being dissatisfied with the ruling delivered on 2026-03-13, hereby appeals to the High Court of Kenya on the following grounds:

1. The Tribunal erred in law in its interpretation of Section 12 of the Tax Appeals Tribunal Act.
2. The Tribunal failed to consider material evidence submitted by the Appellant.
3. The decision is against the weight of evidence.

Signed: Abigail Gates, Advocate for the Appellant"
DOC-APP-00233,Appeal Notice,"NOTICE OF APPEAL

TO: The Registrar, Tax Appeals Tribunal
FROM: Flores, Wright and Smith (PIN: A90559576384B)
Date: 2025-07-06
Original Case Ref: TAT/2709/0438

TAKE NOTICE that the Appellant, being dissatisfied with the ruling delivered on 2026-03-06, hereby appeals to the High Court of Kenya on the following grounds:

1. The Tribunal erred in law in its interpretation of Section 58 of the East African Customs Management Act.
2. The Tribunal failed to consider material evidence submitted by the Appellant.
3. The decision is against the weight of evidence.

Signed: Leslie Larson, Advocate for the Appellant"
DOC-APP-00234,Appeal Notice,"NOTICE OF APPEAL

TO: The Registrar, Tax Appeals Tribunal
FROM: Edwards LLC (PIN: A67192699121B)
Date: 2026-01-17
Original Case Ref: TAT/1330/0520

TAKE NOTICE that the Appellant, being dissatisfied with the ruling delivered on 2026-01-14, hereby appeals to the High Court of Kenya on the following grounds:

1. The Tribunal erred in law in its interpretation of Section 37 of the Tax Procedures Act.
2. The Tribunal failed to consider material evidence submitted by the Appellant.
3. The decision is against the weight of evidence.

Signed: Jonathan Wallace, Advocate for the Appellant"
DOC-APP-00235,Appeal Notice,"NOTICE OF APPEAL

TO: The Registrar, Tax Appeals Tribunal
FROM: Taylor-Miller (PIN: A49605537323B)
Date: 2026-02-25
Original Case Ref: TAT/5831/2228

TAKE NOTICE that the Appellant, being dissatisfied with the ruling delivered on 2026-04-21, hereby appeals to the High Court of Kenya on the following grounds:

1. The Tribunal erred in law in its interpretation of Section 12 of the Tax Appeals Tribunal Act.
2. The Tribunal failed to consider material evidence submitted by the Appellant.
3. The decision is against the weight of evidence.

Signed: Kristina Johnson, Advocate for the Appellant"
DOC-APP-00236,Appeal Notice,"NOTICE OF APPEAL

TO: The Registrar, Tax Appeals Tribunal
FROM: Jones, Hoffman and Brown (PIN: A32435521789B)
Date: 2026-04-15
Original Case Ref: TAT/0023/2184

TAKE NOTICE that the Appellant, being dissatisfied with the ruling delivered on 2026-02-02, hereby appeals to the High Court of Kenya on the following grounds:

1. The Tribunal erred in law in its interpretation of Regulation 15 of the VAT Regulations 2017.
2. The Tribunal failed to consider material evidence submitted by the Appellant.
3. The decision is against the weight of evidence.

Signed: Maria Smith, Advocate for the Appellant"
DOC-APP-00237,Appeal Notice,"NOTICE OF APPEAL

TO: The Registrar, Tax Appeals Tribunal
FROM: Barr Ltd (PIN: A97257083053B)
Date: 2025-07-31
Original Case Ref: TAT/9056/1220

TAKE NOTICE that the Appellant, being dissatisfied with the ruling delivered on 2026-03-13, hereby appeals to the High Court of Kenya on the following grounds:

1. The Tribunal erred in law in its interpretation of Section 31 of the Value Added Tax Act.
2. The Tribunal failed to consider material evidence submitted by the Appellant.
3. The decision is against the weight of evidence.

Signed: Steven Lyons, Advocate for the Appellant"
DOC-APP-00238,Appeal Notice,"NOTICE OF APPEAL

TO: The Registrar, Tax Appeals Tribunal
FROM: Sullivan PLC (PIN: A89057598974B)
Date: 2026-01-23
Original Case Ref: TAT/5265/1958

TAKE NOTICE that the Appellant, being dissatisfied with the ruling delivered on 2026-02-11, hereby appeals to the High Court of Kenya on the following grounds:

1. The Tribunal erred in law in its interpretation of Section 12 of the Tax Appeals Tribunal Act.
2. The Tribunal failed to consider material evidence submitted by the Appellant.
3. The decision is against the weight of evidence.

Signed: Ashley Heath, Advocate for the Appellant"
DOC-APP-00239,Appeal Notice,"NOTICE OF APPEAL

TO: The Registrar, Tax Appeals Tribunal
FROM: Farrell-Welch (PIN: A40771071622B)
Date: 2026-05-27
Original Case Ref: TAT/1076/7107

TAKE NOTICE that the Appellant, being dissatisfied with the ruling delivered on 2026-01-03, hereby appeals to the High Court of Kenya on the following grounds:

1. The Tribunal erred in law in its interpretation of Section 12 of the Tax Appeals Tribunal Act.
2. The Tribunal failed to consider material evidence submitted by the Appellant.
3. The decision is against the weight of evidence.

Signed: Jacob Moon, Advocate for the Appellant"
DOC-APP-00240,Appeal Notice,"NOTICE OF APPEAL

TO: The Registrar, Tax Appeals Tribunal
FROM: Hernandez, Harrell and Brown (PIN: A61507547602B)
Date: 2026-03-15
Original Case Ref: TAT/9924/8895

TAKE NOTICE that the Appellant, being dissatisfied with the ruling delivered on 2026-03-01, hereby appeals to the High Court of Kenya on the following grounds:

1. The Tribunal erred in law in its interpretation of Section 47 of the Income Tax Act.
2. The Tribunal failed to consider material evidence submitted by the Appellant.
3. The decision is against the weight of evidence.

Signed: Jessica Mills, Advocate for the Appellant"
DOC-APP-00241,Appeal Notice,"NOTICE OF APPEAL

TO: The Registrar, Tax Appeals Tribunal
FROM: Tucker-Alvarado (PIN: A34308931367B)
Date: 2025-10-19
Original Case Ref: TAT/0985/4785

TAKE NOTICE that the Appellant, being dissatisfied with the ruling delivered on 2026-02-10, hereby appeals to the High Court of Kenya on the following grounds:

1. The Tribunal erred in law in its interpretation of Section 31 of the Value Added Tax Act.
2. The Tribunal failed to consider material evidence submitted by the Appellant.
3. The decision is against the weight of evidence.

Signed: Elizabeth Bell, Advocate for the Appellant"
DOC-APP-00242,Appeal Notice,"NOTICE OF APPEAL

TO: The Registrar, Tax Appeals Tribunal
FROM: Shah-Scott (PIN: A57541316223B)
Date: 2025-12-13
Original Case Ref: TAT/7539/7131

TAKE NOTICE that the Appellant, being dissatisfied with the ruling delivered on 2026-04-08, hereby appeals to the High Court of Kenya on the following grounds:

1. The Tribunal erred in law in its interpretation of Section 58 of the East African Customs Management Act.
2. The Tribunal failed to consider material evidence submitted by the Appellant.
3. The decision is against the weight of evidence.

Signed: Jenna Evans, Advocate for the Appellant"
DOC-APP-00243,Appeal Notice,"NOTICE OF APPEAL

TO: The Registrar, Tax Appeals Tribunal
FROM: Jackson, Williams and Miller (PIN: A36403048004B)
Date: 2025-12-19
Original Case Ref: TAT/0923/2397

TAKE NOTICE that the Appellant, being dissatisfied with the ruling delivered on 2026-03-03, hereby appeals to the High Court of Kenya on the following grounds:

1. The Tribunal erred in law in its interpretation of Section 58 of the East African Customs Management Act.
2. The Tribunal failed to consider material evidence submitted by the Appellant.
3. The decision is against the weight of evidence.

Signed: Miss Jennifer Mann, Advocate for the Appellant"
DOC-APP-00244,Appeal Notice,"NOTICE OF APPEAL

TO: The Registrar, Tax Appeals Tribunal
FROM: Villa Inc (PIN: A62348291295B)
Date: 2026-01-05
Original Case Ref: TAT/8852/1539

TAKE NOTICE that the Appellant, being dissatisfied with the ruling delivered on 2026-04-21, hereby appeals to the High Court of Kenya on the following grounds:

1. The Tribunal erred in law in its interpretation of Section 58 of the East African Customs Management Act.
2. The Tribunal failed to consider material evidence submitted by the Appellant.
3. The decision is against the weight of evidence.

Signed: Jessica Smith, Advocate for the Appellant"
DOC-APP-00245,Appeal Notice,"NOTICE OF APPEAL

TO: The Registrar, Tax Appeals Tribunal
FROM: Smith-Johnson (PIN: A22421111932B)
Date: 2026-02-22
Original Case Ref: TAT/1640/4015

TAKE NOTICE that the Appellant, being dissatisfied with the ruling delivered on 2026-03-27, hereby appeals to the High Court of Kenya on the following grounds:

1. The Tribunal erred in law in its interpretation of Section 12 of the Tax Appeals Tribunal Act.
2. The Tribunal failed to consider material evidence submitted by the Appellant.
3. The decision is against the weight of evidence.

Signed: Cynthia Jackson, Advocate for the Appellant"
DOC-APP-00246,Appeal Notice,"NOTICE OF APPEAL

TO: The Registrar, Tax Appeals Tribunal
FROM: Miles Inc (PIN: A96175969116B)
Date: 2025-11-25
Original Case Ref: TAT/6155/6041

TAKE NOTICE that the Appellant, being dissatisfied with the ruling delivered on 2026-04-30, hereby appeals to the High Court of Kenya on the following grounds:

1. The Tribunal erred in law in its interpretation of Section 58 of the East African Customs Management Act.
2. The Tribunal failed to consider material evidence submitted by the Appellant.
3. The decision is against the weight of evidence.

Signed: Sean Baldwin, Advocate for the Appellant"
DOC-APP-00247,Appeal Notice,"NOTICE OF APPEAL

TO: The Registrar, Tax Appeals Tribunal
FROM: Lopez, Keith and Baker (PIN: A29454872343B)
Date: 2025-11-11
Original Case Ref: TAT/7641/0490

TAKE NOTICE that the Appellant, being dissatisfied with the ruling delivered on 2026-01-20, hereby appeals to the High Court of Kenya on the following grounds:

1. The Tribunal erred in law in its interpretation of Regulation 15 of the VAT Regulations 2017.
2. The Tribunal failed to consider material evidence submitted by the Appellant.
3. The decision is against the weight of evidence.

Signed: Patrick Wilcox, Advocate for the Appellant"
DOC-APP-00248,Appeal Notice,"NOTICE OF APPEAL

TO: The Registrar, Tax Appeals Tribunal
FROM: Martin and Sons (PIN: A61413016304B)
Date: 2025-12-17
Original Case Ref: TAT/4690/5268

TAKE NOTICE that the Appellant, being dissatisfied with the ruling delivered on 2026-04-21, hereby appeals to the High Court of Kenya on the following grounds:

1. The Tribunal erred in law in its interpretation of Section 58 of the East African Customs Management Act.
2. The Tribunal failed to consider material evidence submitted by the Appellant.
3. The decision is against the weight of evidence.

Signed: Alan Harmon, Advocate for the Appellant"
DOC-APP-00249,Appeal Notice,"NOTICE OF APPEAL

TO: The Registrar, Tax Appeals Tribunal
FROM: Smith PLC (PIN: A83517685159B)
Date: 2026-05-27
Original Case Ref: TAT/5179/1414

TAKE NOTICE that the Appellant, being dissatisfied with the ruling delivered on 2026-03-21, hereby appeals to the High Court of Kenya on the following grounds:

1. The Tribunal erred in law in its interpretation of Section 58 of the East African Customs Management Act.
2. The Tribunal failed to consider material evidence submitted by the Appellant.
3. The decision is against the weight of evidence.

Signed: Patricia Woodard, Advocate for the Appellant"
